timestamp,frame_index,source_mode,gt_x,gt_y,detected_x,detected_y,predicted_x,predicted_y,confidence,tracking_state,pan_deg,tilt_deg,pan_command,tilt_command,error_px,processing_ms,locked,lost
0.033,1,simulation,151.101,489.126,,,,,0,SEARCH,0.002,0,0.064,0.007,,2.34,false,true
0.067,2,simulation,160.118,490.55,,,,,0,SEARCH,0.016,0.002,0.417,0.046,,0.6,false,true
0.1,3,simulation,167.242,491.38,,,,,0,SEARCH,0.027,0.003,0.343,0.038,,0.5,false,true
0.133,4,simulation,174.753,491.866,,,,,0,SEARCH,0.042,0.005,0.427,0.047,,1.24,false,true
0.167,5,simulation,181.808,491.914,,,,,0,SEARCH,0.057,0.006,0.451,0.05,,0.37,false,true
0.2,6,simulation,188.717,491.559,,,,,0,SEARCH,0.073,0.008,0.496,0.055,,0.38,false,true
0.233,7,simulation,195.368,490.788,,,,,0,SEARCH,0.091,0.01,0.533,0.059,,0.49,false,true
0.267,8,simulation,201.801,489.606,,,,,0,SEARCH,0.11,0.012,0.572,0.064,,0.37,false,true
0.3,9,simulation,208.002,488.014,,,,,0,SEARCH,0.13,0.014,0.609,0.068,,0.37,false,true
0.333,10,simulation,213.977,486.013,,,,,0,SEARCH,0.152,0.017,0.646,0.072,,0.22,false,true
0.367,11,simulation,219.725,483.605,220,478.5,,,0.66,CANDIDATE,0.129,0.064,-5,5,5.112,0.52,true,false
0.4,12,simulation,232.551,473.706,232,473,220,478.5,1,ACQUIRE,0.086,0.155,-1.291,3.251,6.386,0.32,true,false
0.433,13,simulation,248.562,456.318,248,456,226.475,475.532,1,TRACK,0.066,0.242,-0.589,2.623,17.313,0.3,false,false
0.467,14,simulation,260.79,439.174,260,438,235.505,467.356,1,TRACK,0.051,0.319,-0.45,2.297,23.829,0.3,false,false
0.5,15,simulation,272.231,423.403,272,423,244.875,456.193,1,TRACK,0.042,0.388,-0.27,2.069,27.657,1.02,false,false
0.533,16,simulation,282.667,408.48,282,408,255.035,443.835,1,TRACK,0.038,0.449,-0.132,1.83,29.383,1.27,false,false
0.567,17,simulation,292.318,394.473,292,394,265.286,430.355,1,TRACK,0.039,0.503,0.017,1.618,29.409,0.62,false,false
0.6,18,simulation,301.129,381.242,301,381,275.723,416.324,1,TRACK,0.043,0.551,0.139,1.434,28.378,0.49,false,false
0.633,19,simulation,309.232,368.643,309,368,285.97,402.223,1,TRACK,0.051,0.592,0.238,1.249,26.658,0.42,false,false
0.667,20,simulation,316.752,356.687,316,356,295.73,388.075,1,TRACK,0.062,0.629,0.315,1.093,24.722,0.41,false,false
0.7,21,simulation,323.803,345.23,323,344,304.792,374.268,1,TRACK,0.075,0.66,0.399,0.933,22.561,0.47,false,false
0.733,22,simulation,330.345,334.298,330,333,313.366,360.716,1,TRACK,0.091,0.686,0.488,0.798,20.288,0.5,false,false
0.767,23,simulation,336.345,323.763,335,323,321.594,347.714,1,TRACK,0.109,0.709,0.526,0.685,18.483,0.39,false,false
0.8,24,simulation,342.075,313.518,342,314,328.867,335.459,1,TRACK,0.13,0.729,0.629,0.592,16.967,0.4,false,false
0.833,25,simulation,347.183,303.47,346,303,336.194,324.082,1,TRACK,0.151,0.744,0.65,0.434,15.397,0.4,false,false
0.867,26,simulation,352.107,293.968,352,293,342.486,312.601,1,TRACK,0.176,0.754,0.737,0.305,13.505,0.42,false,false
0.9,27,simulation,356.492,284.87,356,284,348.781,301.417,1,TRACK,0.202,0.76,0.769,0.199,11.809,0.41,false,false
0.933,28,simulation,360.624,276.059,360,275,354.365,290.797,1,TRACK,0.229,0.763,0.81,0.088,10.291,0.39,false,false
0.967,29,simulation,364.459,267.577,364,267,359.466,280.567,1,TRACK,0.257,0.763,0.856,-0.002,9.036,0.38,true,false
1,30,simulation,367.962,259.315,368,259,364.237,270.96,1,TRACK,0.287,0.76,0.907,-0.098,7.947,0.52,true,false
1.033,31,simulation,371.112,251.322,371,250,368.782,261.782,1,TRACK,0.318,0.752,0.932,-0.226,6.632,0.48,true,false
1.067,32,simulation,374.035,243.78,373,244,372.822,252.547,1,TRACK,0.35,0.743,0.937,-0.273,5.968,0.41,true,false
1.1,33,simulation,376.842,236.264,376,236,376.169,244.332,1,TRACK,0.382,0.73,0.977,-0.385,5.283,0.42,true,false
1.133,34,simulation,379.343,229.138,379,229,379.395,236.109,1,TRACK,0.416,0.715,1.018,-0.471,4.554,0.39,true,false
1.167,35,simulation,381.528,222.27,381,222,382.541,228.234,1,TRACK,0.45,0.696,1.033,-0.561,3.876,0.41,true,false
1.2,36,simulation,383.531,215.695,383,216,385.282,220.597,1,TRACK,0.486,0.675,1.053,-0.627,3.481,0.52,true,false
1.233,37,simulation,385.325,209.297,385,209,387.751,213.474,1,TRACK,0.521,0.651,1.077,-0.726,3.049,0.29,true,false
1.267,38,simulation,386.891,203.264,387,203,390.034,206.351,1,TRACK,0.558,0.624,1.102,-0.798,2.877,0.25,true,false
1.3,39,simulation,388.212,197.469,388,197,392.194,199.579,1,TRACK,0.595,0.595,1.103,-0.874,2.843,0.26,true,false
1.333,40,simulation,389.424,191.945,389,192,393.923,193.045,1,TRACK,0.632,0.564,1.108,-0.927,2.929,0.32,true,false
1.367,41,simulation,390.494,186.58,390,186,395.36,187.021,1,TRACK,0.669,0.531,1.117,-1.013,3.053,0.32,true,false
1.4,42,simulation,391.404,181.562,391,181,396.601,180.996,1,TRACK,0.707,0.495,1.128,-1.072,3.35,0.23,true,false
1.433,43,simulation,392.138,176.763,392,176,397.712,175.318,1,TRACK,0.745,0.457,1.141,-1.135,3.84,0.25,true,false
1.467,44,simulation,392.684,172.219,392,172,398.734,169.876,1,TRACK,0.782,0.418,1.129,-1.174,4.109,0.25,true,false
1.5,45,simulation,393.179,167.817,393,167,399.353,164.939,1,TRACK,0.821,0.376,1.148,-1.246,4.581,0.29,true,false
1.533,46,simulation,393.45,163.746,393,163,400.045,159.999,1,TRACK,0.859,0.333,1.139,-1.292,5.025,0.28,true,false
1.567,47,simulation,393.643,159.878,394,160,400.443,155.403,1,TRACK,0.897,0.289,1.161,-1.315,5.472,0.29,true,false
1.6,48,simulation,393.594,156.106,393,156,400.99,151.384,1,TRACK,0.935,0.244,1.127,-1.372,5.666,0.36,true,false
1.633,49,simulation,393.595,152.624,393,152,400.946,147.411,1,TRACK,0.973,0.196,1.128,-1.429,5.938,0.26,true,false
1.667,50,simulation,393.465,149.45,393,149,400.851,143.468,1,TRACK,1.01,0.147,1.129,-1.461,6.278,0.28,true,false
1.7,51,simulation,393.198,146.459,392,146,400.722,139.889,1,TRACK,1.047,0.098,1.103,-1.497,6.432,0.3,true,false
1.733,52,simulation,392.932,143.689,392,143,400.226,136.556,1,TRACK,1.084,0.046,1.109,-1.535,6.714,0.27,true,false
1.767,53,simulation,392.5,141.168,392,141,399.83,133.388,1,TRACK,1.121,-0.005,1.114,-1.55,7.016,0.24,true,false
1.8,54,simulation,391.906,138.781,392,138,399.502,130.677,1,TRACK,1.158,-0.059,1.118,-1.596,7.583,0.26,true,false
1.833,55,simulation,391.15,136.713,391,136,399.223,127.929,1,TRACK,1.195,-0.112,1.095,-1.616,8.059,0.25,true,false
1.867,56,simulation,390.378,134.833,390,134,398.635,125.498,1,TRACK,1.231,-0.167,1.075,-1.639,8.399,0.24,true,false
1.9,57,simulation,389.567,133.177,389,133,397.837,123.282,1,TRACK,1.266,-0.222,1.058,-1.638,8.482,0.24,true,false
1.933,58,simulation,388.704,131.629,388,131,396.9,121.554,1,TRACK,1.301,-0.277,1.043,-1.67,8.639,0.24,true,false
1.967,59,simulation,387.776,130.376,387,130,395.87,119.81,1,TRACK,1.335,-0.333,1.028,-1.676,8.779,0.25,true,false
2,60,simulation,386.778,129.289,386,128,394.778,118.399,1,TRACK,1.369,-0.39,1.015,-1.711,9.175,0.25,true,false
2.033,61,simulation,385.703,128.545,385,128,393.647,116.866,1,TRACK,1.402,-0.447,1.002,-1.693,9.399,0.3,true,false
2.067,62,simulation,384.548,127.865,384,127,392.491,115.938,1,TRACK,1.435,-0.504,0.989,-1.708,9.658,0.25,true,false
2.1,63,simulation,383.308,127.442,382,127,391.32,115.074,1,TRACK,1.467,-0.56,0.95,-1.697,9.68,0.3,true,false
2.133,64,simulation,382.125,127.152,381,127,389.797,114.595,1,TRACK,1.498,-0.617,0.942,-1.691,9.624,0.25,true,false
2.167,65,simulation,380.831,127.03,380,127,388.379,114.375,1,TRACK,1.529,-0.673,0.932,-1.688,9.653,0.25,true,false
2.2,66,simulation,379.434,127.105,379,127,387.036,114.328,1,TRACK,1.56,-0.729,0.922,-1.687,9.83,0.24,true,false
2.233,67,simulation,377.935,127.401,377,127,385.745,114.397,1,TRACK,1.589,-0.785,0.884,-1.688,10.033,0.23,false,false
2.267,68,simulation,376.479,127.936,376,128,384.147,114.542,1,TRACK,1.619,-0.841,0.877,-1.663,10.153,0.3,false,false
2.3,69,simulation,374.904,128.584,374,129,382.686,115.079,1,TRACK,1.647,-0.896,0.841,-1.643,10.082,0.24,false,false
2.333,70,simulation,373.358,129.381,373,129,380.977,115.88,1,TRACK,1.675,-0.951,0.835,-1.652,10.351,0.23,false,false
2.367,71,simulation,371.684,130.496,371,130,379.443,116.515,1,TRACK,1.701,-1.005,0.801,-1.633,10.66,0.24,false,false
2.4,72,simulation,370.034,131.787,370,131,377.687,117.377,1,TRACK,1.728,-1.059,0.795,-1.617,11.069,0.65,false,false
2.433,73,simulation,368.251,133.28,368,132,376.125,118.391,1,TRACK,1.753,-1.112,0.761,-1.603,11.533,0.41,false,false
2.467,74,simulation,366.487,134.991,366,135,374.354,119.506,1,TRACK,1.777,-1.164,0.729,-1.536,11.464,0.34,false,false
2.5,75,simulation,364.73,136.654,365,136,372.441,121.373,1,TRACK,1.802,-1.215,0.726,-1.532,11.609,0.27,false,false
2.533,76,simulation,362.828,138.606,363,138,370.776,123.063,1,TRACK,1.825,-1.265,0.693,-1.499,11.808,0.26,false,false
2.567,77,simulation,360.937,140.704,360,140,368.94,124.971,1,TRACK,1.846,-1.313,0.635,-1.468,11.804,0.31,false,false
2.6,78,simulation,359.188,142.969,359,142,366.644,127.026,1,TRACK,1.867,-1.361,0.635,-1.439,11.965,0.31,false,false
2.633,79,simulation,357.27,145.417,356,145,364.724,129.178,1,TRACK,1.886,-1.408,0.579,-1.385,11.833,0.27,false,false
2.667,80,simulation,355.488,147.92,355,147,362.375,131.735,1,TRACK,1.906,-1.453,0.58,-1.362,11.912,0.27,false,false
2.7,81,simulation,353.532,150.65,353,150,360.422,134.223,1,TRACK,1.924,-1.497,0.55,-1.312,11.974,0.25,false,false
2.733,82,simulation,351.568,153.468,351,152,358.397,137.003,1,TRACK,1.941,-1.54,0.521,-1.292,12.234,0.28,false,false
2.767,83,simulation,349.591,156.538,349,156,356.323,139.636,1,TRACK,1.958,-1.58,0.493,-1.216,12.19,0.26,false,false
2.8,84,simulation,347.598,159.574,347,159,354.218,142.852,1,TRACK,1.973,-1.619,0.464,-1.175,12.062,0.24,false,false
2.833,85,simulation,345.587,162.757,345,162,352.094,146.119,1,TRACK,1.988,-1.657,0.436,-1.133,12.043,0.25,false,false
2.867,86,simulation,343.557,166.095,343,165,349.957,149.417,1,TRACK,2.001,-1.694,0.409,-1.092,12.153,0.25,false,false
2.9,87,simulation,341.507,169.592,341,169,347.813,152.734,1,TRACK,2.014,-1.728,0.381,-1.025,12.093,0.25,false,false
2.933,88,simulation,339.436,173.111,339,172,345.665,156.404,1,TRACK,2.026,-1.761,0.353,-0.988,12.154,0.28,false,false
2.967,89,simulation,337.345,176.819,337,177,343.517,159.967,1,TRACK,2.037,-1.791,0.325,-0.897,11.833,0.26,false,false
3,90,simulation,335.234,180.426,335,180,341.369,164.141,1,TRACK,2.047,-1.82,0.297,-0.866,11.675,0.3,false,false
3.033,91,simulation,333.104,184.255,333,184,339.222,168.042,1,TRACK,2.056,-1.846,0.27,-0.806,11.588,0.33,false,false
3.067,92,simulation,330.954,188.149,330,187,337.077,172.097,1,TRACK,2.063,-1.872,0.215,-0.773,11.675,0.23,false,false
3.1,93,simulation,328.927,192.258,328,192,334.592,175.911,1,TRACK,2.069,-1.895,0.191,-0.685,11.487,0.26,false,false
3.133,94,simulation,326.861,196.286,326,196,332.22,180.244,1,TRACK,2.075,-1.916,0.165,-0.629,11.248,0.24,false,false
3.167,95,simulation,324.764,200.403,324,200,329.925,184.585,1,TRACK,2.079,-1.935,0.139,-0.573,11.115,0.29,false,false
3.2,96,simulation,322.64,204.611,322,204,327.685,188.928,1,TRACK,2.083,-1.952,0.112,-0.517,11.085,0.28,false,false
3.233,97,simulation,320.495,208.906,320,208,325.482,193.269,1,TRACK,2.086,-1.968,0.084,-0.462,11.154,0.31,false,false
3.267,98,simulation,318.33,213.287,318,213,323.306,197.607,1,TRACK,2.088,-1.98,0.057,-0.379,10.996,0.27,false,false
3.3,99,simulation,316.149,217.608,316,217,321.149,202.283,1,TRACK,2.089,-1.991,0.028,-0.327,10.897,0.28,false,false
3.333,100,simulation,313.953,222.03,314,222,319.006,206.844,1,TRACK,2.089,-1.999,0,-0.246,10.656,0.24,false,false
3.367,101,simulation,311.744,226.398,311,226,316.873,211.665,1,TRACK,2.087,-2.006,-0.055,-0.196,10.42,0.48,false,false
3.4,102,simulation,309.666,230.867,309,230,314.405,216.32,1,TRACK,2.084,-2.011,-0.08,-0.143,10.384,0.25,false,false
3.433,103,simulation,307.557,235.421,308,235,312.053,220.858,1,TRACK,2.082,-2.013,-0.079,-0.062,10.314,0.26,false,false
3.467,104,simulation,305.284,239.907,305,239,310.124,225.657,1,TRACK,2.077,-2.013,-0.137,-0.011,10.266,0.24,false,false
3.5,105,simulation,303.157,244.475,303,244,307.798,230.288,1,TRACK,2.072,-2.011,-0.164,0.069,10.061,0.29,false,false
3.533,106,simulation,301.013,248.968,301,249,305.545,235.146,1,TRACK,2.065,-2.006,-0.191,0.146,9.661,0.23,true,false
3.567,107,simulation,298.855,253.393,299,253,303.342,240.156,1,TRACK,2.058,-2,-0.219,0.195,9.435,0.26,true,false
3.6,108,simulation,296.689,257.894,296,257,301.175,244.923,1,TRACK,2.049,-1.991,-0.274,0.247,9.339,0.26,true,false
3.633,109,simulation,294.661,262.447,294,262,298.69,249.525,1,TRACK,2.039,-1.98,-0.299,0.327,9.082,0.25,true,false
3.667,110,simulation,292.61,266.893,292,267,296.332,254.353,1,TRACK,2.028,-1.967,-0.326,0.405,8.608,0.25,true,false
3.7,111,simulation,290.546,271.238,291,271,294.062,259.333,1,TRACK,2.017,-1.952,-0.327,0.455,8.374,0.33,true,false
3.733,112,simulation,288.334,275.622,288,275,292.194,264.073,1,TRACK,2.004,-1.935,-0.386,0.508,8.262,0.78,true,false
3.767,113,simulation,286.283,280.023,285,280,289.916,268.647,1,TRACK,1.989,-1.915,-0.44,0.589,7.829,0.37,true,false
3.8,114,simulation,284.371,284.278,284,283,287.359,273.448,1,TRACK,1.975,-1.895,-0.438,0.615,7.854,0.55,true,false
3.833,115,simulation,282.299,288.675,282,288,285.298,277.718,1,TRACK,1.959,-1.871,-0.468,0.7,7.748,0.39,true,false
3.867,116,simulation,280.24,292.888,280,292,283.233,282.309,1,TRACK,1.943,-1.846,-0.498,0.755,7.577,0.43,true,false
3.9,117,simulation,278.196,297.066,278,296,281.166,286.774,1,TRACK,1.925,-1.819,-0.528,0.811,7.449,0.24,true,false
3.933,118,simulation,276.169,301.19,276,301,279.097,291.153,1,TRACK,1.906,-1.789,-0.559,0.895,6.999,0.3,true,false
3.967,119,simulation,274.16,305.103,274,304,277.029,295.814,1,TRACK,1.887,-1.759,-0.589,0.923,6.805,0.35,true,false
4,120,simulation,272.172,309.093,272,308,274.96,299.979,1,TRACK,1.866,-1.726,-0.62,0.983,6.674,0.23,true,false
4.033,121,simulation,270.206,312.976,269,312,272.893,304.149,1,TRACK,1.844,-1.691,-0.677,1.043,6.349,0.24,true,false
4.067,122,simulation,268.407,316.739,268,317,270.484,308.321,1,TRACK,1.821,-1.653,-0.677,1.13,5.65,0.23,true,false
4.1,123,simulation,266.473,320.229,266,320,268.528,312.835,1,TRACK,1.797,-1.615,-0.709,1.16,5.138,0.23,true,false
4.133,124,simulation,264.574,323.736,264,323,266.539,316.895,1,TRACK,1.773,-1.575,-0.741,1.196,4.923,0.23,true,false
4.167,125,simulation,262.712,327.22,262,327,264.527,320.646,1,TRACK,1.747,-1.533,-0.772,1.261,4.549,0.23,true,false
4.2,126,simulation,260.886,330.506,260,330,262.5,324.528,1,TRACK,1.72,-1.489,-0.804,1.299,4.217,0.32,true,false
4.233,127,simulation,259.099,333.732,259,333,260.464,328.155,1,TRACK,1.693,-1.445,-0.809,1.339,4.049,0.24,true,false
4.267,128,simulation,257.211,336.867,257,336,258.763,331.609,1,TRACK,1.665,-1.399,-0.844,1.382,3.908,0.24,true,false
4.3,129,simulation,255.385,339.888,255,340,256.95,334.943,1,TRACK,1.636,-1.35,-0.878,1.453,3.376,0.24,true,false
4.333,130,simulation,253.618,342.63,253,342,255.059,338.538,1,TRACK,1.605,-1.301,-0.911,1.467,3.028,0.24,true,false
4.367,131,simulation,251.908,345.38,251,345,253.116,341.624,1,TRACK,1.574,-1.251,-0.944,1.514,2.672,0.28,true,false
4.4,132,simulation,250.253,347.95,250,347,251.138,344.707,1,TRACK,1.542,-1.2,-0.95,1.535,2.526,0.27,true,false
4.433,133,simulation,248.513,350.468,248,350,249.48,347.445,1,TRACK,1.509,-1.147,-0.986,1.587,2.218,0.29,true,false
4.467,134,simulation,246.851,352.756,246,353,247.696,350.289,1,TRACK,1.475,-1.092,-1.021,1.637,1.583,0.27,true,false
4.5,135,simulation,245.262,354.806,245,355,245.827,353.206,1,TRACK,1.441,-1.037,-1.028,1.66,1.04,0.26,true,false
4.533,136,simulation,243.602,356.75,243,356,244.242,355.829,1,TRACK,1.406,-0.982,-1.065,1.66,0.892,0.25,true,false
4.567,137,simulation,242.033,358.697,241,358,242.51,357.909,1,TRACK,1.369,-0.925,-1.101,1.692,0.757,0.25,true,false
4.6,138,simulation,240.548,360.458,240,360,240.676,359.964,1,TRACK,1.332,-0.868,-1.109,1.725,0.492,0.34,true,false
4.633,139,simulation,239.003,362.017,239,362,239.117,362,1,TRACK,1.295,-0.809,-1.12,1.759,0.076,0.27,true,false
4.667,140,simulation,237.417,363.358,237,362,237.744,364.024,1,TRACK,1.256,-0.751,-1.16,1.739,0.079,0.25,true,false
4.7,141,simulation,235.945,364.75,235,364,236.156,365.355,1,TRACK,1.216,-0.692,-1.197,1.781,0.232,0.27,true,false
4.733,142,simulation,234.577,365.853,234,366,234.421,366.9,1,TRACK,1.176,-0.631,-1.207,1.82,0.803,0.31,true,false
4.767,143,simulation,233.167,366.665,233,366,232.929,368.591,1,TRACK,1.135,-0.571,-1.219,1.805,1.079,0.27,true,false
4.8,144,simulation,231.731,367.466,231,367,231.602,369.696,1,TRACK,1.093,-0.51,-1.26,1.823,1.368,0.33,true,false
4.833,145,simulation,230.424,368.063,230,368,230.045,370.746,1,TRACK,1.051,-0.449,-1.271,1.841,1.807,0.3,true,false
4.867,146,simulation,229.093,368.44,229,368,228.675,371.759,1,TRACK,1.008,-0.388,-1.285,1.834,2.083,0.27,true,false
4.9,147,simulation,227.753,368.722,228,368,227.431,372.404,1,TRACK,0.965,-0.327,-1.3,1.83,2.211,0.26,true,false
4.933,148,simulation,226.414,368.874,226,368,226.273,372.801,1,TRACK,0.92,-0.266,-1.343,1.83,2.33,0.33,true,false
4.967,149,simulation,225.227,368.868,225,369,224.831,373.029,1,TRACK,0.875,-0.204,-1.356,1.858,2.832,0.26,true,false
5,150,simulation,224.035,368.538,223,368,223.538,373.485,1,TRACK,0.828,-0.143,-1.398,1.83,3.183,0.27,true,false
5.033,151,simulation,222.993,368.17,223,368,222.004,373.413,1,TRACK,0.782,-0.082,-1.384,1.836,3.492,0.31,true,false
5.067,152,simulation,221.805,367.576,221,367,220.992,373.324,1,TRACK,0.734,-0.021,-1.428,1.814,3.72,0.26,true,false
5.1,153,simulation,220.79,366.886,221,366,219.649,372.884,1,TRACK,0.687,0.039,-1.416,1.797,3.756,0.28,true,false
5.133,154,simulation,219.647,366.067,219,366,218.765,372.204,1,TRACK,0.638,0.099,-1.463,1.809,4.138,0.27,true,false
5.167,155,simulation,218.691,364.95,218,364,217.51,371.706,1,TRACK,0.589,0.158,-1.478,1.766,4.297,0.3,true,false
5.2,156,simulation,217.76,363.819,218,364,216.344,370.648,1,TRACK,0.54,0.217,-1.469,1.783,4.682,0.27,true,false
5.233,157,simulation,216.721,362.346,217,362,215.58,369.894,1,TRACK,0.49,0.275,-1.49,1.743,4.949,0.42,true,false
5.267,158,simulation,215.745,360.821,216,360,214.748,368.664,1,TRACK,0.44,0.332,-1.511,1.708,4.975,0.38,true,false
5.3,159,simulation,214.829,359.207,215,359,213.869,367.112,1,TRACK,0.389,0.389,-1.531,1.703,5.221,0.32,true,false
5.333,160,simulation,213.975,357.331,214,357,212.958,365.684,1,TRACK,0.337,0.445,-1.551,1.671,5.485,0.29,true,false
5.367,161,simulation,213.183,355.335,213,355,212.025,364,1,TRACK,0.285,0.5,-1.571,1.641,5.712,0.43,true,false
5.4,162,simulation,212.455,353.192,212,353,211.077,362.143,1,TRACK,0.232,0.553,-1.59,1.614,5.985,0.28,true,false
5.433,163,simulation,211.795,350.885,211,350,210.118,360.17,1,TRACK,0.178,0.605,-1.61,1.561,6.039,0.31,true,false
5.467,164,simulation,211.204,348.539,210,348,209.152,357.777,1,TRACK,0.124,0.657,-1.629,1.54,6.22,0.28,true,false
5.5,165,simulation,210.685,345.981,210,346,208.181,355.443,1,TRACK,0.07,0.707,-1.622,1.518,6.578,0.36,true,false
5.533,166,simulation,210.099,343.206,210,343,207.549,353.151,1,TRACK,0.016,0.756,-1.619,1.468,6.77,0.26,true,false
5.567,167,simulation,209.471,340.352,209,340,207.147,350.546,1,TRACK,-0.039,0.804,-1.645,1.423,6.877,0.26,true,false
5.6,168,simulation,208.959,337.393,208,336,206.558,347.73,1,TRACK,-0.094,0.849,-1.669,1.353,6.69,0.37,true,false
5.633,169,simulation,208.556,334.453,208,334,205.842,344.43,1,TRACK,-0.15,0.894,-1.665,1.341,6.783,0.39,true,false
5.667,170,simulation,208.114,331.214,208,331,205.382,341.488,1,TRACK,-0.205,0.937,-1.664,1.299,7.012,0.3,true,false
5.7,171,simulation,207.653,327.833,207,327,205.096,338.448,1,TRACK,-0.262,0.978,-1.692,1.232,7.047,0.26,true,false
5.733,172,simulation,207.328,324.444,207,324,204.585,335.002,1,TRACK,-0.318,1.018,-1.69,1.195,7.14,0.31,true,false
5.767,173,simulation,206.988,320.875,207,320,204.263,331.623,1,TRACK,-0.374,1.055,-1.691,1.132,7.09,0.25,true,false
5.8,174,simulation,206.647,317.269,206,317,204.069,327.949,1,TRACK,-0.432,1.092,-1.719,1.098,7.275,0.26,true,false
5.833,175,simulation,206.457,313.463,206,313,203.62,324.42,1,TRACK,-0.489,1.127,-1.719,1.036,7.418,0.26,true,false
5.867,176,simulation,206.265,309.606,206,309,203.338,320.648,1,TRACK,-0.546,1.159,-1.72,0.976,7.425,0.26,true,false
5.9,177,simulation,206.085,305.682,205,306,203.171,316.713,1,TRACK,-0.605,1.191,-1.749,0.945,7.791,0.25,true,false
5.933,178,simulation,206.067,301.536,206,302,202.739,313.011,1,TRACK,-0.662,1.22,-1.722,0.885,8.102,0.31,true,false
5.967,179,simulation,205.916,297.325,205,297,202.81,309.127,1,TRACK,-0.721,1.247,-1.754,0.799,8.096,0.25,true,false
6,180,simulation,205.949,293.179,205,293,202.539,304.779,1,TRACK,-0.779,1.272,-1.756,0.746,8.08,0.27,true,false
6.033,181,simulation,206.007,288.929,206,289,202.377,300.46,1,TRACK,-0.837,1.295,-1.732,0.692,8.064,0.27,true,false
6.067,182,simulation,205.958,284.577,206,284,202.631,296.163,1,TRACK,-0.895,1.315,-1.739,0.612,7.828,0.25,true,false
6.1,183,simulation,205.971,280.267,205,280,202.826,291.54,1,TRACK,-0.954,1.334,-1.773,0.561,7.792,0.27,true,false
6.133,184,simulation,206.188,275.84,206,276,202.636,287.039,1,TRACK,-1.012,1.351,-1.749,0.509,7.884,0.26,true,false
6.167,185,simulation,206.306,271.307,206,271,202.87,282.624,1,TRACK,-1.071,1.365,-1.756,0.43,7.799,0.26,true,false
6.2,186,simulation,206.495,266.815,206,267,203.049,277.926,1,TRACK,-1.13,1.378,-1.763,0.38,7.847,0.26,true,false
6.233,187,simulation,206.755,262.211,207,262,203.19,273.381,1,TRACK,-1.188,1.388,-1.743,0.301,7.706,0.28,true,false
6.267,188,simulation,206.945,257.65,206,257,203.647,268.599,1,TRACK,-1.247,1.395,-1.78,0.226,7.497,0.27,true,false
6.3,189,simulation,207.37,253.12,207,253,203.633,263.657,1,TRACK,-1.306,1.401,-1.758,0.178,7.44,0.26,true,false
6.333,190,simulation,207.722,248.477,207,248,203.984,258.952,1,TRACK,-1.364,1.405,-1.766,0.101,7.333,0.26,true,false
6.367,191,simulation,208.167,243.881,207,243,204.24,254.066,1,TRACK,-1.424,1.405,-1.774,0.026,7.14,0.27,true,false
6.4,192,simulation,208.703,239.328,208,239,204.431,249.059,1,TRACK,-1.482,1.405,-1.755,-0.021,7.067,0.26,true,false
6.433,193,simulation,209.187,234.674,209,234,204.919,244.315,1,TRACK,-1.54,1.402,-1.739,-0.098,6.833,0.26,true,false
6.467,194,simulation,209.64,230.085,209,230,205.609,239.408,1,TRACK,-1.598,1.397,-1.751,-0.147,6.817,0.26,true,false
6.5,195,simulation,210.219,225.416,210,225,206.094,234.735,1,TRACK,-1.656,1.389,-1.735,-0.225,6.681,0.26,true,false
6.533,196,simulation,210.772,220.831,210,221,206.78,229.88,1,TRACK,-1.715,1.38,-1.748,-0.274,6.738,0.27,true,false
6.567,197,simulation,211.457,216.186,211,215,207.26,225.245,1,TRACK,-1.772,1.367,-1.732,-0.379,6.352,0.33,true,false
6.6,198,simulation,212.121,211.785,212,211,207.942,220.077,1,TRACK,-1.829,1.353,-1.718,-0.426,5.962,0.26,true,false
6.633,199,simulation,212.781,207.322,213,206,208.761,215.233,1,TRACK,-1.886,1.336,-1.706,-0.502,5.475,0.26,true,false
6.667,200,simulation,213.447,202.969,213,202,209.672,210.267,1,TRACK,-1.944,1.318,-1.721,-0.551,5.253,0.28,true,false
6.7,201,simulation,214.269,198.585,214,198,210.303,205.564,1,TRACK,-2.001,1.298,-1.706,-0.603,5.215,0.27,true,false
6.733,202,simulation,215.091,194.198,214,193,211.085,201.039,1,TRACK,-2.058,1.275,-1.72,-0.684,5.137,0.44,true,false
6.767,203,simulation,216.066,189.97,215,189,211.626,196.296,1,TRACK,-2.115,1.251,-1.705,-0.735,5.102,0.41,true,false
6.8,204,simulation,217.042,185.757,216,185,212.347,191.747,1,TRACK,-2.171,1.224,-1.691,-0.79,5.096,0.25,true,false
6.833,205,simulation,218.032,181.583,217,181,213.188,187.332,1,TRACK,-2.227,1.196,-1.679,-0.845,5.088,0.27,true,false
6.867,206,simulation,219.045,177.467,218,177,214.111,183.008,1,TRACK,-2.283,1.166,-1.668,-0.902,5.064,0.26,true,false
6.9,207,simulation,220.088,173.426,219,172,215.088,178.749,1,TRACK,-2.338,1.133,-1.658,-0.987,4.795,0.29,true,false
6.933,208,simulation,221.169,169.62,221,169,216.103,174.191,1,TRACK,-2.392,1.099,-1.621,-1.015,4.445,0.25,true,false
6.967,209,simulation,222.149,165.758,222,165,217.483,170.116,1,TRACK,-2.446,1.063,-1.615,-1.075,4.115,0.3,true,false
7,210,simulation,223.195,162.024,222,162,218.77,166.028,1,TRACK,-2.5,1.027,-1.634,-1.109,4.269,0.25,true,false
7.033,211,simulation,224.445,158.29,224,158,219.65,162.275,1,TRACK,-2.553,0.987,-1.596,-1.173,4.202,0.26,true,false
7.067,212,simulation,225.594,154.73,226,154,220.938,158.407,1,TRACK,-2.606,0.946,-1.562,-1.236,3.689,0.29,true,false
7.1,213,simulation,226.669,151.351,226,151,222.501,154.462,1,TRACK,-2.658,0.904,-1.585,-1.272,3.575,0.43,true,false
7.133,214,simulation,227.971,148.021,227,147,223.568,150.807,1,TRACK,-2.711,0.859,-1.575,-1.338,3.588,0.32,true,false
7.167,215,simulation,229.333,144.911,229,145,224.637,147.009,1,TRACK,-2.762,0.814,-1.539,-1.349,3.534,0.27,true,false
7.2,216,simulation,230.613,141.746,230,142,226.051,143.798,1,TRACK,-2.813,0.768,-1.533,-1.394,3.549,0.31,true,false
7.233,217,simulation,231.976,138.715,231,138,227.355,140.644,1,TRACK,-2.864,0.719,-1.526,-1.466,3.557,0.25,true,false
7.267,218,simulation,233.419,135.978,233,136,228.585,137.187,1,TRACK,-2.914,0.67,-1.492,-1.481,3.453,0.27,true,false
7.3,219,simulation,234.797,133.249,234,133,230.105,134.21,1,TRACK,-2.964,0.619,-1.487,-1.529,3.433,0.27,true,false
7.333,220,simulation,236.271,130.711,236,130,231.481,131.215,1,TRACK,-3.012,0.566,-1.454,-1.576,3.279,0.27,true,false
7.367,221,simulation,237.693,128.38,237,127,233.099,128.21,1,TRACK,-3.06,0.512,-1.451,-1.624,3.338,0.29,true,false
7.4,222,simulation,239.221,126.269,239,126,234.539,125.198,1,TRACK,-3.108,0.458,-1.419,-1.619,3.287,0.27,true,false
7.433,223,simulation,240.704,124.108,240,124,236.2,122.865,1,TRACK,-3.155,0.403,-1.415,-1.647,3.345,0.29,true,false
7.467,224,simulation,242.299,122.095,242,122,237.668,120.652,1,TRACK,-3.201,0.347,-1.383,-1.678,3.331,0.29,true,false
7.5,225,simulation,243.855,120.252,243,119,239.346,118.521,1,TRACK,-3.247,0.289,-1.38,-1.736,3.641,0.3,true,false
7.533,226,simulation,245.527,118.741,246,119,240.824,116.102,1,TRACK,-3.291,0.232,-1.322,-1.711,3.406,0.29,true,false
7.567,227,simulation,247.022,117.133,247,117,242.851,114.515,1,TRACK,-3.335,0.174,-1.323,-1.749,3.305,0.26,true,false
7.6,228,simulation,248.658,115.776,249,115,244.564,112.808,1,TRACK,-3.378,0.114,-1.293,-1.786,3.434,0.25,true,false
7.633,229,simulation,250.275,114.679,250,114,246.407,111.019,1,TRACK,-3.421,0.055,-1.292,-1.795,3.767,0.53,true,false
7.667,230,simulation,252.026,113.708,251,113,247.994,109.517,1,TRACK,-3.464,-0.006,-1.288,-1.807,4.278,0.28,true,false
7.7,231,simulation,253.895,112.896,253,112,249.407,108.209,1,TRACK,-3.506,-0.066,-1.255,-1.822,4.74,0.29,true,false
7.733,232,simulation,255.732,112.267,255,112,251.043,107.032,1,TRACK,-3.547,-0.127,-1.224,-1.812,4.906,0.26,true,false
7.767,233,simulation,257.552,111.702,257,111,252.831,106.286,1,TRACK,-3.587,-0.188,-1.196,-1.834,5.077,0.26,true,false
7.8,234,simulation,259.365,111.383,259,111,254.72,105.491,1,TRACK,-3.626,-0.249,-1.168,-1.828,5.166,0.27,true,false
7.833,235,simulation,261.178,111.178,261,111,256.679,105.002,1,TRACK,-3.664,-0.31,-1.141,-1.826,5.165,0.33,true,false
7.867,236,simulation,262.997,111.12,262,111,258.683,104.722,1,TRACK,-3.702,-0.371,-1.141,-1.826,5.358,0.25,true,false
7.9,237,simulation,264.968,111.234,264,110,260.376,104.583,1,TRACK,-3.739,-0.432,-1.111,-1.855,5.9,0.46,true,false
7.933,238,simulation,266.93,111.683,266,111,262.199,104.195,1,TRACK,-3.775,-0.493,-1.083,-1.828,6.252,0.26,true,false
7.967,239,simulation,268.893,112.182,268,112,264.109,104.323,1,TRACK,-3.81,-0.554,-1.055,-1.807,6.331,0.25,true,false
8,240,simulation,270.864,112.773,271,113,266.079,104.8,1,TRACK,-3.843,-0.613,-1.001,-1.789,6.096,0.25,true,false
8.033,241,simulation,272.703,113.49,272,113,268.43,105.514,1,TRACK,-3.877,-0.673,-1.005,-1.801,6.276,0.25,true,false
8.067,242,simulation,274.72,114.502,274,114,270.355,106.044,1,TRACK,-3.909,-0.733,-0.978,-1.785,6.591,0.23,true,false
8.1,243,simulation,276.747,115.665,277,115,272.332,106.791,1,TRACK,-3.94,-0.792,-0.924,-1.771,6.756,0.24,true,false
8.133,244,simulation,278.646,117.005,278,117,274.687,107.683,1,TRACK,-3.971,-0.85,-0.927,-1.732,6.825,0.24,true,false
8.167,245,simulation,280.725,118.4,280,118,276.613,109.016,1,TRACK,-4.001,-0.907,-0.9,-1.724,7.036,0.24,true,false
8.2,246,simulation,282.816,120.027,282,119,278.588,110.304,1,TRACK,-4.03,-0.964,-0.872,-1.716,7.477,0.25,true,false
8.233,247,simulation,284.922,121.895,285,121,280.598,111.561,1,TRACK,-4.058,-1.02,-0.819,-1.682,7.718,0.24,true,false
8.267,248,simulation,286.905,123.869,286,123,282.972,113.137,1,TRACK,-4.085,-1.075,-0.822,-1.65,7.982,0.3,true,false
8.3,249,simulation,289.071,125.978,289,125,284.908,114.928,1,TRACK,-4.111,-1.129,-0.768,-1.622,8.169,0.24,true,false
8.333,250,simulation,291.109,128.243,291,128,287.231,116.864,1,TRACK,-4.135,-1.182,-0.744,-1.568,8.084,0.31,true,false
8.367,251,simulation,293.185,130.54,293,130,289.474,119.239,1,TRACK,-4.159,-1.233,-0.719,-1.546,8.102,0.24,true,false
8.4,252,simulation,295.295,133.045,294,132,291.662,121.569,1,TRACK,-4.183,-1.284,-0.72,-1.524,8.477,0.26,true,false
8.433,253,simulation,297.578,135.763,297,135,293.469,123.866,1,TRACK,-4.205,-1.333,-0.664,-1.474,8.677,0.25,true,false
8.467,254,simulation,299.726,138.557,299,138,295.702,126.482,1,TRACK,-4.227,-1.381,-0.639,-1.428,8.721,0.27,true,false
8.5,255,simulation,301.907,141.452,301,141,297.882,129.311,1,TRACK,-4.247,-1.427,-0.613,-1.385,8.75,0.27,true,false
8.533,256,simulation,304.118,144.468,304,144,300.024,132.285,1,TRACK,-4.25,-1.472,-0.56,-1.343,8.709,0.32,true,false
8.567,257,simulation,303.681,147.619,303,147,302.484,135.355,1,TRACK,-4.25,-1.515,-0.618,-1.302,8.426,0.27,true,false
8.6,258,simulation,302.957,150.916,302,150,303.788,138.488,1,TRACK,-4.25,-1.557,-0.661,-1.262,8.575,0.26,true,false
8.633,259,simulation,302.401,154.366,302,154,304.308,141.663,1,TRACK,-4.25,-1.597,-0.67,-1.196,8.647,0.24,true,false
8.667,260,simulation,302.014,157.836,302,158,304.636,145.205,1,TRACK,-4.25,-1.635,-0.676,-1.133,8.525,0.24,true,false
8.7,261,simulation,301.795,161.35,301,161,304.835,148.996,1,TRACK,-4.25,-1.671,-0.707,-1.101,8.516,0.26,true,false
8.733,262,simulation,301.745,165.069,301,164,304.604,152.612,1,TRACK,-4.25,-1.707,-0.707,-1.066,8.799,0.23,true,false
8.767,263,simulation,301.863,168.984,301,168,304.423,156.106,1,TRACK,-4.25,-1.74,-0.707,-1.003,9.006,0.24,true,false
8.8,264,simulation,302.149,172.948,302,172,304.277,159.858,1,TRACK,-4.25,-1.772,-0.681,-0.943,9.126,0.25,true,false
8.833,265,simulation,302.604,176.978,302,176,304.498,163.784,1,TRACK,-4.25,-1.801,-0.686,-0.885,9.164,0.24,true,false
8.867,266,simulation,303.227,181.086,303,180,304.627,167.825,1,TRACK,-4.25,-1.829,-0.663,-0.828,9.223,0.24,true,false
8.9,267,simulation,304.018,185.279,304,185,305.035,171.943,1,TRACK,-4.25,-1.854,-0.644,-0.745,8.988,0.23,true,false
8.933,268,simulation,304.977,189.42,304,189,305.634,176.454,1,TRACK,-4.25,-1.877,-0.653,-0.693,8.765,0.31,true,false
8.967,269,simulation,306.103,193.673,306,193,306.02,180.887,1,TRACK,-4.25,-1.898,-0.606,-0.641,8.73,0.29,true,false
9,270,simulation,307.396,198.033,307,198,306.946,185.265,1,TRACK,-4.25,-1.917,-0.592,-0.561,8.514,0.45,true,false
9.033,271,simulation,308.856,202.353,308,202,307.898,189.946,1,TRACK,-4.25,-1.934,-0.578,-0.51,8.421,0.42,true,false
9.067,272,simulation,310.482,206.791,310,206,308.866,194.489,1,TRACK,-4.25,-1.949,-0.538,-0.459,8.537,0.36,true,false
9.1,273,simulation,312.274,211.335,312,211,310.189,198.936,1,TRACK,-4.25,-1.962,-0.502,-0.379,8.489,0.42,true,false
9.133,274,simulation,314.231,215.835,314,215,311.751,203.658,1,TRACK,-4.25,-1.973,-0.468,-0.329,8.555,0.27,true,false
9.167,275,simulation,316.352,220.446,316,220,313.477,208.222,1,TRACK,-4.25,-1.981,-0.436,-0.251,8.524,0.28,true,false
9.2,276,simulation,318.637,225.011,318,225,315.314,213.02,1,TRACK,-4.25,-1.987,-0.406,-0.175,8.338,0.3,true,false
9.233,277,simulation,321.085,229.54,321,229,317.225,217.975,1,TRACK,-4.25,-1.991,-0.349,-0.127,8.289,0.57,true,false
9.267,278,simulation,323.695,234.179,323,234,319.529,222.692,1,TRACK,-4.25,-1.993,-0.324,-0.05,8.265,0.36,true,false
9.3,279,simulation,326.466,238.766,326,238,321.757,227.589,1,TRACK,-4.25,-1.993,-0.271,-0.002,8.364,0.31,true,false
9.333,280,simulation,329.398,243.448,329,243,324.275,232.262,1,TRACK,-4.25,-1.99,-0.221,0.076,8.375,0.27,true,false
9.367,281,simulation,332.49,248.062,332,247,326.99,237.125,1,TRACK,-4.25,-1.986,-0.173,0.125,8.534,0.25,true,false
9.4,282,simulation,335.74,252.755,335,252,329.838,241.772,1,TRACK,-4.25,-1.979,-0.127,0.204,8.633,0.3,true,false
9.433,283,simulation,339.147,257.364,339,257,332.775,246.614,1,TRACK,-4.25,-1.97,-0.055,0.28,8.442,0.35,true,false
9.467,284,simulation,342.711,261.892,342,261,336.114,251.586,1,TRACK,-4.25,-1.959,-0.014,0.328,8.519,0.3,true,false
9.5,285,simulation,346.43,266.481,346,266,339.383,256.302,1,TRACK,-4.248,-1.946,0.054,0.406,8.448,0.27,true,false
9.533,286,simulation,350.013,270.965,350,270,342.947,261.186,1,TRACK,-4.244,-1.93,0.119,0.456,8.291,0.33,true,false
9.567,287,simulation,353.402,275.485,353,275,346.709,265.839,1,TRACK,-4.239,-1.913,0.156,0.535,8.019,0.37,true,false
9.6,288,simulation,356.748,279.877,356,279,350.263,270.677,1,TRACK,-4.233,-1.893,0.195,0.586,7.871,0.4,true,false
9.633,289,simulation,360.037,284.284,359,284,353.674,275.296,1,TRACK,-4.225,-1.871,0.235,0.665,7.606,0.23,true,false
9.667,290,simulation,363.257,288.539,363,288,356.987,280.107,1,TRACK,-4.215,-1.847,0.304,0.716,7.185,0.29,true,false
9.7,291,simulation,366.26,292.786,365,293,360.575,284.706,1,TRACK,-4.204,-1.82,0.316,0.797,6.766,0.23,true,false
9.733,292,simulation,369.343,296.857,369,296,363.664,289.501,1,TRACK,-4.191,-1.793,0.387,0.822,6.48,0.24,true,false
9.767,293,simulation,372.191,301.039,372,301,367.098,293.743,1,TRACK,-4.177,-1.763,0.428,0.906,5.965,0.28,true,false
9.8,294,simulation,374.963,305,374,304,370.423,298.292,1,TRACK,-4.162,-1.732,0.444,0.934,5.846,0.26,true,false
9.833,295,simulation,377.794,309.032,377,308,373.33,302.366,1,TRACK,-4.146,-1.699,0.491,0.994,5.77,0.28,true,false
9.867,296,simulation,380.512,312.951,380,313,376.297,306.457,1,TRACK,-4.128,-1.663,0.537,1.081,5.231,0.28,true,false
9.9,297,simulation,383.121,316.603,382,316,379.302,310.9,1,TRACK,-4.109,-1.625,0.557,1.111,4.946,0.32,true,false
9.933,298,simulation,385.761,320.281,385,320,381.99,314.899,1,TRACK,-4.089,-1.586,0.607,1.172,4.597,0.26,true,false
9.967,299,simulation,388.269,323.803,388,323,384.805,318.936,1,TRACK,-4.067,-1.546,0.655,1.207,4.246,0.3,true,false
10,300,simulation,390.65,327.3,390,326,387.706,322.656,1,TRACK,-4.045,-1.505,0.676,1.245,4.142,0.26,true,false
10.033,301,simulation,393.049,330.737,392,330,390.322,326.159,1,TRACK,-4.021,-1.461,0.701,1.313,3.94,0.27,true,false
10.067,302,simulation,395.447,333.948,395,334,392.745,329.858,1,TRACK,-3.996,-1.415,0.754,1.378,3.331,0.26,true,false
10.1,303,simulation,397.686,336.929,397,336,395.377,333.688,1,TRACK,-3.97,-1.369,0.778,1.389,3.033,0.25,true,false
10.133,304,simulation,399.919,339.958,399,339,397.81,336.923,1,TRACK,-3.943,-1.321,0.805,1.434,2.898,0.28,true,false
10.167,305,simulation,402.131,342.843,402,342,400.107,340.094,1,TRACK,-3.915,-1.272,0.86,1.479,2.527,0.27,true,false
10.2,306,simulation,404.17,345.565,403,345,402.653,343.222,1,TRACK,-3.886,-1.221,0.859,1.525,2.24,0.25,true,false
10.233,307,simulation,406.331,348.108,406,347,404.684,346.321,1,TRACK,-3.855,-1.169,0.918,1.545,1.972,0.34,true,false
10.267,308,simulation,408.297,350.597,408,350,407.05,349.056,1,TRACK,-3.824,-1.116,0.946,1.595,1.537,0.25,true,false
10.3,309,simulation,410.227,352.853,410,353,409.3,351.888,1,TRACK,-3.791,-1.061,0.975,1.645,0.912,0.31,true,false
10.333,310,simulation,412.112,354.868,412,355,411.471,354.784,1,TRACK,-3.758,-1.006,1.005,1.668,0.464,0.26,true,false
10.367,311,simulation,413.943,356.773,413,356,413.589,357.381,1,TRACK,-3.724,-0.95,1.01,1.667,0.57,0.24,true,false
10.4,312,simulation,415.857,358.677,415,358,415.329,359.434,1,TRACK,-3.689,-0.893,1.046,1.699,0.696,0.26,true,false
10.433,313,simulation,417.685,360.389,417,360,417.153,361.458,1,TRACK,-3.653,-0.836,1.08,1.732,0.823,0.27,true,false
10.467,314,simulation,419.431,361.895,419,362,419.035,363.463,1,TRACK,-3.616,-0.777,1.114,1.765,1.152,0.29,true,false
10.5,315,simulation,421.094,363.178,421,362,420.956,365.455,1,TRACK,-3.578,-0.719,1.148,1.746,1.127,0.24,true,false
10.533,316,simulation,422.674,364.507,422,364,422.904,366.755,1,TRACK,-3.539,-0.659,1.155,1.787,1.327,0.23,true,false
10.567,317,simulation,424.312,365.542,423,365,424.527,368.268,1,TRACK,-3.501,-0.599,1.166,1.799,1.659,0.3,true,false
10.6,318,simulation,425.984,366.423,425,366,425.931,369.586,1,TRACK,-3.46,-0.539,1.206,1.814,1.996,0.28,true,false
10.633,319,simulation,427.533,367.124,427,366,427.527,370.77,1,TRACK,-3.419,-0.478,1.243,1.804,2.057,0.28,true,false
10.667,320,simulation,428.966,367.765,428,368,429.255,371.522,1,TRACK,-3.377,-0.417,1.253,1.852,2.581,0.3,true,false
10.7,321,simulation,430.432,368.023,430,368,430.729,372.666,1,TRACK,-3.334,-0.355,1.293,1.842,3.081,0.25,true,false
10.733,322,simulation,431.769,368.191,431,368,432.374,373.392,1,TRACK,-3.291,-0.294,1.304,1.838,3.398,0.23,true,false
10.767,323,simulation,433.127,368.23,433,368,433.793,373.835,1,TRACK,-3.246,-0.233,1.344,1.836,3.672,0.3,true,false
10.8,324,simulation,434.346,368.111,434,367,435.401,374.086,1,TRACK,-3.201,-0.173,1.355,1.81,3.649,0.23,true,false
10.833,325,simulation,435.577,367.95,435,368,436.794,373.865,1,TRACK,-3.155,-0.111,1.369,1.843,3.998,0.42,true,false
10.867,326,simulation,436.804,367.423,436,367,438.043,374.01,1,TRACK,-3.109,-0.05,1.385,1.819,4.275,0.3,true,false
10.9,327,simulation,438.015,366.823,437,366,439.193,373.719,1,TRACK,-3.062,0.01,1.402,1.799,4.334,0.36,true,false
10.933,328,simulation,439.2,366.111,439,365,440.276,373.133,1,TRACK,-3.014,0.069,1.447,1.783,4.347,0.25,true,false
10.967,329,simulation,440.211,365.258,439,365,441.657,372.347,1,TRACK,-2.966,0.129,1.435,1.796,4.662,0.28,true,false
11,330,simulation,441.345,364.098,441,363,442.556,371.771,1,TRACK,-2.917,0.187,1.481,1.753,4.785,0.26,true,false
11.033,331,simulation,442.287,362.917,442,362,443.812,370.652,1,TRACK,-2.867,0.245,1.497,1.744,4.923,0.25,true,false
11.067,332,simulation,443.197,361.529,443,361,444.969,369.508,1,TRACK,-2.816,0.303,1.515,1.734,5.249,0.25,true,false
11.1,333,simulation,444.065,359.923,444,359,446.058,368.35,1,TRACK,-2.765,0.36,1.533,1.698,5.454,0.48,true,false
11.133,334,simulation,444.885,358.228,444,357,447.102,366.84,1,TRACK,-2.714,0.415,1.525,1.666,5.445,0.35,true,false
11.167,335,simulation,445.792,356.414,445,356,447.774,365.092,1,TRACK,-2.663,0.471,1.548,1.664,5.731,0.26,true,false
11.2,336,simulation,446.617,354.316,446,354,448.535,363.527,1,TRACK,-2.61,0.525,1.57,1.632,6.115,0.3,true,false
11.233,337,simulation,447.364,352.078,447,352,449.357,361.746,1,TRACK,-2.557,0.579,1.592,1.604,6.516,0.27,true,false
11.267,338,simulation,448.033,349.677,447,349,450.221,359.819,1,TRACK,-2.505,0.63,1.586,1.55,6.612,0.25,true,false
11.3,339,simulation,448.765,347.24,449,347,450.772,357.452,1,TRACK,-2.45,0.681,1.637,1.528,6.858,0.25,true,false
11.333,340,simulation,449.253,344.59,449,344,451.794,355.13,1,TRACK,-2.396,0.731,1.63,1.478,6.999,0.31,true,false
11.367,341,simulation,449.807,341.864,449,341,452.454,352.498,1,TRACK,-2.341,0.778,1.627,1.433,6.945,0.25,true,false
11.4,342,simulation,450.401,339.038,450,338,452.867,349.657,1,TRACK,-2.286,0.825,1.654,1.389,6.882,0.25,true,false
11.433,343,simulation,450.875,336.092,451,336,453.455,346.676,1,TRACK,-2.23,0.87,1.678,1.374,7.226,0.25,true,false
11.467,344,simulation,451.237,332.871,451,333,454.163,343.944,1,TRACK,-2.174,0.915,1.675,1.329,7.64,0.25,true,false
11.5,345,simulation,451.632,329.525,451,329,454.61,341.041,1,TRACK,-2.119,0.957,1.675,1.26,7.69,0.25,true,false
11.533,346,simulation,452.041,326.183,452,326,454.881,337.681,1,TRACK,-2.062,0.997,1.703,1.222,7.814,0.25,true,false
11.567,347,simulation,452.309,322.67,452,322,455.374,334.355,1,TRACK,-2.005,1.036,1.702,1.158,7.791,0.26,true,false
11.6,348,simulation,452.587,319.126,452,318,455.677,330.711,1,TRACK,-1.948,1.073,1.704,1.097,7.56,0.39,true,false
11.633,349,simulation,452.86,315.53,453,315,455.851,326.853,1,TRACK,-1.891,1.108,1.733,1.064,7.63,0.28,true,false
11.667,350,simulation,452.975,311.723,452,312,456.281,323.194,1,TRACK,-1.834,1.142,1.707,1.03,7.945,0.27,true,false
11.7,351,simulation,453.229,307.716,452,307,456.2,319.672,1,TRACK,-1.777,1.174,1.713,0.941,7.869,0.26,true,false
11.733,352,simulation,453.445,303.8,453,303,456.115,315.561,1,TRACK,-1.718,1.203,1.745,0.885,7.728,0.25,true,false
11.767,353,simulation,453.478,299.794,453,299,456.37,311.394,1,TRACK,-1.66,1.231,1.748,0.829,7.655,0.26,true,false
11.8,354,simulation,453.488,295.697,453,295,456.514,307.19,1,TRACK,-1.602,1.257,1.751,0.774,7.638,0.38,true,false
11.833,355,simulation,453.463,291.505,453,291,456.584,302.964,1,TRACK,-1.543,1.281,1.756,0.719,7.696,0.26,true,false
11.867,356,simulation,453.397,287.217,453,287,456.604,298.725,1,TRACK,-1.485,1.303,1.761,0.664,7.841,0.31,true,false
11.9,357,simulation,453.282,282.834,453,283,456.59,294.478,1,TRACK,-1.426,1.323,1.766,0.609,8.079,0.29,true,false
11.933,358,simulation,453.115,278.358,453,278,456.555,290.229,1,TRACK,-1.367,1.341,1.772,0.528,8.095,0.26,true,false
11.967,359,simulation,452.89,273.931,453,273,456.504,285.637,1,TRACK,-1.307,1.356,1.778,0.45,7.863,0.27,true,false
12,360,simulation,452.603,269.535,452,269,456.445,280.814,1,TRACK,-1.249,1.369,1.757,0.401,7.691,0.27,true,false
12.033,361,simulation,452.393,265.019,452,265,456.037,276.179,1,TRACK,-1.19,1.381,1.767,0.35,7.763,0.24,true,false
12.067,362,simulation,452.093,260.397,451,260,455.736,271.674,1,TRACK,-1.132,1.39,1.75,0.271,7.649,0.25,true,false
12.1,363,simulation,451.849,255.822,451,256,455.166,266.916,1,TRACK,-1.073,1.397,1.762,0.221,7.682,0.26,true,false
12.133,364,simulation,451.499,251.143,451,250,454.755,262.33,1,TRACK,-1.014,1.401,1.772,0.116,7.335,0.24,true,false
12.167,365,simulation,451.049,246.659,450,246,454.454,257.179,1,TRACK,-0.955,1.403,1.754,0.071,7.041,0.27,true,false
12.2,366,simulation,450.647,242.057,450,241,453.886,252.33,1,TRACK,-0.896,1.403,1.766,-0.005,6.762,0.26,true,false
12.233,367,simulation,450.129,237.504,449,237,453.479,247.347,1,TRACK,-0.838,1.401,1.75,-0.053,6.64,0.26,true,false
12.267,368,simulation,449.646,232.856,449,233,452.84,242.615,1,TRACK,-0.779,1.398,1.763,-0.103,6.812,0.31,true,false
12.3,369,simulation,449.037,228.136,449,227,452.387,238.057,1,TRACK,-0.72,1.391,1.774,-0.209,6.601,0.26,true,false
12.333,370,simulation,448.312,223.646,448,223,452.06,232.934,1,TRACK,-0.662,1.383,1.756,-0.256,6.422,0.26,true,false
12.367,371,simulation,447.617,219.075,447,219,451.478,228.113,1,TRACK,-0.604,1.372,1.742,-0.306,6.435,0.26,true,false
12.4,372,simulation,446.934,214.451,447,214,450.722,223.499,1,TRACK,-0.545,1.359,1.756,-0.385,6.394,0.32,true,false
12.433,373,simulation,446.106,209.936,445,209,450.192,218.685,1,TRACK,-0.488,1.344,1.715,-0.462,5.985,0.27,true,false
12.467,374,simulation,445.43,205.527,445,205,449.131,213.737,1,TRACK,-0.43,1.327,1.732,-0.511,5.769,0.24,true,false
12.5,375,simulation,444.586,201.086,444,201,448.394,209.041,1,TRACK,-0.373,1.308,1.72,-0.563,5.758,0.28,true,false
12.533,376,simulation,443.733,196.635,444,196,447.537,204.518,1,TRACK,-0.315,1.287,1.735,-0.644,5.671,0.28,true,false
12.567,377,simulation,442.72,192.34,442,192,446.94,199.773,1,TRACK,-0.258,1.264,1.695,-0.696,5.469,0.27,true,false
12.6,378,simulation,441.842,188.054,441,188,445.837,195.219,1,TRACK,-0.202,1.239,1.686,-0.75,5.308,0.27,true,false
12.633,379,simulation,440.925,183.802,440,183,444.732,190.796,1,TRACK,-0.146,1.211,1.678,-0.833,4.915,0.26,true,false
12.667,380,simulation,439.966,179.743,439,179,443.627,186.123,1,TRACK,-0.091,1.181,1.67,-0.886,4.518,0.26,true,false
12.7,381,simulation,438.963,175.733,439,175,442.523,181.622,1,TRACK,-0.034,1.15,1.688,-0.941,4.375,0.33,true,false
12.733,382,simulation,437.77,171.795,438,171,441.762,177.239,1,TRACK,0.021,1.117,1.676,-0.998,4.326,0.26,true,false
12.767,383,simulation,436.549,167.947,436,167,440.893,172.938,1,TRACK,0.076,1.082,1.638,-1.055,4.041,0.26,true,false
12.8,384,simulation,435.433,164.209,435,164,439.609,168.694,1,TRACK,0.13,1.045,1.632,-1.087,3.927,0.24,true,false
12.833,385,simulation,434.251,160.453,434,160,438.386,164.831,1,TRACK,0.185,1.007,1.625,-1.15,3.838,0.26,true,false
12.867,386,simulation,433.005,156.859,432,156,437.205,160.887,1,TRACK,0.238,0.967,1.59,-1.213,3.428,0.27,true,false
12.9,387,simulation,431.837,153.434,431,153,435.711,156.887,1,TRACK,0.29,0.925,1.586,-1.248,3.146,0.27,true,false
12.933,388,simulation,430.584,150.048,431,150,434.347,153.193,1,TRACK,0.344,0.882,1.607,-1.287,3.36,0.39,true,false
12.967,389,simulation,429.11,146.733,429,146,433.415,149.708,1,TRACK,0.396,0.837,1.57,-1.355,3.315,0.33,true,false
13,390,simulation,427.723,143.656,428,143,432.092,146.023,1,TRACK,0.449,0.79,1.564,-1.394,3.291,0.29,true,false
13.033,391,simulation,426.254,140.678,426,141,430.847,142.545,1,TRACK,0.5,0.743,1.531,-1.409,3.262,0.29,true,false
13.067,392,simulation,424.849,137.685,424,137,429.314,139.55,1,TRACK,0.55,0.694,1.501,-1.483,2.869,0.27,true,false
13.1,393,simulation,423.487,135.003,423,135,427.584,136.2,1,TRACK,0.6,0.644,1.499,-1.5,2.682,0.27,true,false
13.133,394,simulation,422.014,132.341,421,132,426.065,133.293,1,TRACK,0.649,0.592,1.469,-1.548,2.411,0.26,true,false
13.167,395,simulation,420.581,129.884,420,129,424.347,130.345,1,TRACK,0.697,0.539,1.467,-1.597,2.31,0.28,true,false
13.2,396,simulation,419.032,127.642,418,127,422.837,127.37,1,TRACK,0.745,0.485,1.436,-1.618,2.22,0.25,true,false
13.233,397,simulation,417.522,125.488,417,125,421.127,124.718,1,TRACK,0.793,0.43,1.435,-1.643,2.323,0.32,true,false
13.267,398,simulation,415.892,123.455,415,123,419.624,122.287,1,TRACK,0.84,0.375,1.404,-1.671,2.372,0.29,true,false
13.3,399,simulation,414.298,121.571,414,121,417.92,120.006,1,TRACK,0.887,0.318,1.402,-1.701,2.618,0.26,true,false
13.333,400,simulation,412.581,119.861,412,119,416.423,117.826,1,TRACK,0.932,0.26,1.371,-1.732,2.875,0.27,true,false
13.367,401,simulation,410.896,118.345,411,117,414.724,115.715,1,TRACK,0.978,0.202,1.369,-1.764,3.391,0.27,true,false
13.4,402,simulation,409.086,117.042,409,117,413.232,113.651,1,TRACK,1.023,0.143,1.338,-1.744,3.548,0.26,true,false
13.433,403,simulation,407.305,115.685,406,115,411.538,112.303,1,TRACK,1.065,0.084,1.282,-1.784,3.435,0.28,true,false
13.467,404,simulation,405.68,114.616,406,115,409.365,110.757,1,TRACK,1.109,0.025,1.312,-1.77,3.533,0.27,true,false
13.5,405,simulation,403.756,113.553,404,113,407.895,109.76,1,TRACK,1.152,-0.036,1.281,-1.815,3.92,0.32,true,false
13.533,406,simulation,401.857,112.827,402,113,406.219,108.451,1,TRACK,1.194,-0.096,1.252,-1.803,4.103,0.25,true,false
13.567,407,simulation,399.969,112.151,399,111,404.402,107.615,1,TRACK,1.233,-0.157,1.197,-1.85,4.297,1.44,true,false
13.6,408,simulation,398.225,111.85,398,111,402.15,106.414,1,TRACK,1.273,-0.219,1.201,-1.84,4.651,0.61,true,false
13.633,409,simulation,396.313,111.631,396,111,400.285,105.649,1,TRACK,1.313,-0.28,1.174,-1.835,4.898,0.6,true,false
13.667,410,simulation,394.397,111.536,394,111,398.344,105.18,1,TRACK,1.351,-0.341,1.148,-1.833,5.062,0.45,true,false
13.7,411,simulation,392.472,111.595,392,112,396.35,104.912,1,TRACK,1.388,-0.401,1.122,-1.807,4.942,0.39,true,false
13.733,412,simulation,390.534,111.691,390,111,394.322,105.121,1,TRACK,1.425,-0.463,1.097,-1.84,5.162,0.29,true,false
13.767,413,simulation,388.578,112.149,388,112,392.271,104.969,1,TRACK,1.461,-0.523,1.071,-1.816,5.329,0.28,true,false
13.8,414,simulation,386.604,112.677,386,112,390.206,105.255,1,TRACK,1.495,-0.584,1.046,-1.823,5.61,0.28,true,false
13.833,415,simulation,384.609,113.456,384,113,388.131,105.496,1,TRACK,1.529,-0.644,1.021,-1.803,5.852,0.26,true,false
13.867,416,simulation,382.591,114.352,382,114,386.05,106.047,1,TRACK,1.563,-0.703,0.996,-1.786,6.021,0.26,true,false
13.9,417,simulation,380.55,115.395,380,115,383.966,106.807,1,TRACK,1.595,-0.763,0.971,-1.773,6.206,0.27,true,false
13.933,418,simulation,378.485,116.611,378,116,381.881,107.709,1,TRACK,1.627,-0.821,0.946,-1.76,6.474,0.28,true,false
13.967,419,simulation,376.395,118.017,376,117,379.796,108.705,1,TRACK,1.657,-0.88,0.92,-1.749,6.873,0.27,true,false
14,420,simulation,374.279,119.632,374,119,377.71,109.764,1,TRACK,1.687,-0.937,0.895,-1.712,7.119,0.25,true,false
14.033,421,simulation,372.137,121.326,372,121,375.626,111.207,1,TRACK,1.716,-0.993,0.87,-1.68,7.207,0.25,true,false
14.067,422,simulation,369.968,123.132,369,123,373.543,112.91,1,TRACK,1.743,-1.048,0.818,-1.65,7.144,0.33,true,false
14.1,423,simulation,367.914,125.076,367,125,371.119,114.787,1,TRACK,1.77,-1.102,0.796,-1.622,7.107,0.27,true,false
14.133,424,simulation,365.812,127.178,365,126,368.807,116.782,1,TRACK,1.796,-1.156,0.773,-1.622,7.509,0.26,true,false
14.167,425,simulation,363.669,129.594,363,129,366.57,118.512,1,TRACK,1.821,-1.208,0.749,-1.567,7.76,0.27,true,false
14.2,426,simulation,361.488,132.034,361,131,364.387,120.745,1,TRACK,1.845,-1.259,0.724,-1.543,8.05,0.23,true,false
14.233,427,simulation,359.273,134.676,359,135,362.239,122.977,1,TRACK,1.868,-1.308,0.699,-1.466,7.9,0.26,true,false
14.267,428,simulation,357.026,137.245,356,136,360.117,125.89,1,TRACK,1.89,-1.358,0.647,-1.477,8.151,0.26,true,false
14.3,429,simulation,354.891,140.215,355,140,357.67,128.238,1,TRACK,1.911,-1.404,0.652,-1.401,8.256,0.25,true,false
14.333,430,simulation,352.563,143.131,352,143,355.688,131.226,1,TRACK,1.931,-1.45,0.598,-1.36,8.183,0.24,true,false
14.367,431,simulation,350.354,146.18,350,146,353.338,134.307,1,TRACK,1.95,-1.494,0.575,-1.319,8.173,0.24,true,false
14.4,432,simulation,348.102,149.372,348,149,351.08,137.447,1,TRACK,1.969,-1.536,0.551,-1.279,8.288,0.26,true,false
14.433,433,simulation,345.81,152.718,345,152,348.885,140.626,1,TRACK,1.985,-1.577,0.499,-1.239,8.47,0.25,true,false
14.467,434,simulation,343.626,156.222,343,155,346.392,143.83,1,TRACK,2.001,-1.617,0.477,-1.2,8.803,0.24,true,false
14.5,435,simulation,341.39,159.89,341,160,344.039,147.049,1,TRACK,2.016,-1.654,0.454,-1.108,8.659,0.23,true,false
14.533,436,simulation,339.111,163.443,338,163,341.781,150.961,1,TRACK,2.03,-1.69,0.403,-1.076,8.566,0.25,true,false
14.567,437,simulation,336.935,167.21,336,166,339.247,154.657,1,TRACK,2.043,-1.725,0.381,-1.042,8.839,0.32,true,false
14.6,438,simulation,334.707,171.178,334,171,336.867,158.204,1,TRACK,2.054,-1.757,0.358,-0.953,8.771,0.94,true,false
14.633,439,simulation,332.434,175.058,332,174,334.593,162.333,1,TRACK,2.066,-1.788,0.333,-0.924,8.912,0.92,true,false
14.667,440,simulation,330.125,179.17,330,179,332.392,166.171,1,TRACK,2.076,-1.815,0.307,-0.838,8.825,0.37,true,false
14.7,441,simulation,327.784,183.212,327,182,330.24,170.494,1,TRACK,2.084,-1.843,0.255,-0.811,8.971,1.2,true,false
14.733,442,simulation,325.557,187.499,326,187,327.78,174.459,1,TRACK,2.093,-1.867,0.258,-0.727,8.988,0.41,true,false
14.767,443,simulation,323.143,191.723,323,192,325.796,178.864,1,TRACK,2.1,-1.888,0.203,-0.647,8.632,0.37,true,false
14.8,444,simulation,320.854,195.912,320,195,323.451,183.566,1,TRACK,2.105,-1.909,0.153,-0.624,8.638,0.35,true,false
14.833,445,simulation,318.669,200.365,318,199,320.86,187.784,1,TRACK,2.109,-1.928,0.131,-0.569,8.911,0.37,true,false
14.867,446,simulation,316.433,204.909,316,204,318.447,192.012,1,TRACK,2.113,-1.944,0.107,-0.487,8.962,0.36,true,false
14.9,447,simulation,314.158,209.4,314,209,316.153,196.587,1,TRACK,2.115,-1.958,0.082,-0.409,8.749,0.36,true,false
14.933,448,simulation,311.852,213.857,312,213,313.942,201.398,1,TRACK,2.117,-1.97,0.056,-0.36,8.693,0.37,true,false
14.967,449,simulation,309.521,218.431,309,218,311.787,206.023,1,TRACK,2.117,-1.979,0.002,-0.282,8.502,0.35,true,false
15,450,simulation,307.311,222.967,307,223,309.328,210.863,1,TRACK,2.117,-1.986,-0.021,-0.207,8.134,0.36,true,false
15.033,451,simulation,305.063,227.471,304,227,307.006,215.847,1,TRACK,2.114,-1.992,-0.073,-0.16,7.945,0.35,true,false
15.067,452,simulation,302.929,232.091,303,232,304.434,220.584,1,TRACK,2.112,-1.994,-0.069,-0.083,7.751,0.35,true,false
15.1,453,simulation,300.611,236.663,300,236,302.378,225.495,1,TRACK,2.108,-1.996,-0.124,-0.035,7.711,0.35,true,false
15.133,454,simulation,298.426,241.333,298,241,299.988,230.178,1,TRACK,2.103,-1.994,-0.149,0.043,7.584,0.38,true,false
15.167,455,simulation,296.212,245.941,296,245,297.714,235.048,1,TRACK,2.097,-1.991,-0.175,0.092,7.616,0.35,true,false
15.2,456,simulation,293.979,250.631,293,251,295.519,239.701,1,TRACK,2.089,-1.984,-0.229,0.197,7.18,0.36,true,false
15.233,457,simulation,291.875,255.1,292,255,293.036,244.889,1,TRACK,2.082,-1.976,-0.226,0.242,6.873,0.36,true,false
15.267,458,simulation,289.599,259.656,289,259,291.041,249.755,1,TRACK,2.072,-1.967,-0.282,0.292,6.847,0.35,true,false
15.3,459,simulation,287.468,264.27,287,264,288.695,254.399,1,TRACK,2.062,-1.954,-0.308,0.371,6.688,0.49,true,false
15.333,460,simulation,285.319,268.78,285,269,286.452,259.234,1,TRACK,2.051,-1.939,-0.335,0.447,6.308,0.37,true,false
15.367,461,simulation,283.16,273.187,283,272,284.28,264.197,1,TRACK,2.039,-1.924,-0.363,0.47,6.414,0.36,true,false
15.4,462,simulation,280.998,277.773,281,277,282.156,268.561,1,TRACK,2.026,-1.905,-0.391,0.552,6.432,0.35,true,false
15.433,463,simulation,278.837,282.209,278,282,280.064,273.201,1,TRACK,2.011,-1.884,-0.447,0.631,6.085,0.35,true,false
15.467,464,simulation,276.824,286.5,276,286,277.653,278.026,1,TRACK,1.995,-1.862,-0.472,0.682,5.809,0.35,true,false
15.5,465,simulation,274.798,290.789,275,290,275.368,282.635,1,TRACK,1.979,-1.837,-0.473,0.736,5.705,0.38,true,false
15.533,466,simulation,272.628,295.052,272,295,273.51,287.095,1,TRACK,1.962,-1.81,-0.531,0.818,5.323,0.26,true,false
15.567,467,simulation,270.625,299.126,270,299,271.258,291.794,1,TRACK,1.943,-1.781,-0.559,0.87,4.924,0.26,true,false
15.6,468,simulation,268.625,303.157,268,303,269.082,296.313,1,TRACK,1.924,-1.75,-0.587,0.925,4.606,0.26,true,false
15.633,469,simulation,266.636,307.121,266,307,266.956,300.708,1,TRACK,1.903,-1.717,-0.617,0.982,4.306,0.25,true,false
15.667,470,simulation,264.662,310.998,265,311,264.866,305.017,1,TRACK,1.882,-1.683,-0.62,1.039,3.985,0.25,true,false
15.7,471,simulation,262.567,314.771,262,314,263.141,309.268,1,TRACK,1.86,-1.647,-0.68,1.071,3.923,0.25,true,false
15.733,472,simulation,260.657,318.565,260,318,260.981,313.134,1,TRACK,1.836,-1.609,-0.709,1.134,3.801,0.25,true,false
15.767,473,simulation,258.768,322.201,258,321,258.867,317.082,1,TRACK,1.811,-1.57,-0.739,1.169,3.812,0.25,true,false
15.8,474,simulation,256.904,325.814,256,325,256.785,320.742,1,TRACK,1.786,-1.529,-0.769,1.235,3.666,0.25,true,false
15.833,475,simulation,255.07,329.229,254,329,254.725,324.547,1,TRACK,1.759,-1.486,-0.8,1.299,3.245,0.24,true,false
15.867,476,simulation,253.269,332.444,253,332,252.679,328.45,1,TRACK,1.732,-1.441,-0.804,1.336,2.846,0.26,true,false
15.9,477,simulation,251.363,335.59,251,336,250.986,332.078,1,TRACK,1.704,-1.394,-0.839,1.402,2.23,0.25,true,false
15.933,478,simulation,249.518,338.496,249,338,249.19,335.859,1,TRACK,1.675,-1.347,-0.873,1.414,1.96,0.25,true,false
15.967,479,simulation,247.73,341.441,247,341,247.325,339.06,1,TRACK,1.645,-1.299,-0.906,1.458,1.806,0.26,true,false
16,480,simulation,245.998,344.232,246,344,245.412,342.208,1,TRACK,1.615,-1.248,-0.912,1.504,1.476,0.26,true,false
16.033,481,simulation,244.178,346.853,244,347,243.809,345.32,1,TRACK,1.583,-1.197,-0.948,1.55,1.017,0.25,true,false
16.067,482,simulation,242.436,349.286,242,348,242.074,348.406,1,TRACK,1.55,-1.145,-0.983,1.544,1.087,0.25,true,false
16.1,483,simulation,240.764,351.8,240,351,240.251,350.791,1,TRACK,1.516,-1.092,-1.017,1.598,1.113,0.25,true,false
16.133,484,simulation,239.162,354.053,238,354,238.366,353.384,1,TRACK,1.481,-1.037,-1.05,1.651,1.028,0.25,true,false
16.167,485,simulation,237.627,356.043,237,356,236.44,356.117,1,TRACK,1.446,-0.981,-1.057,1.675,1,0.25,true,false
16.2,486,simulation,236.018,357.906,236,357,234.828,358.604,1,TRACK,1.411,-0.925,-1.067,1.676,0.813,0.26,true,false
16.233,487,simulation,234.357,359.755,234,359,233.43,360.581,1,TRACK,1.374,-0.868,-1.106,1.709,0.794,0.25,true,false
16.267,488,simulation,232.802,361.401,232,361,231.834,362.554,1,TRACK,1.336,-0.81,-1.143,1.743,1.11,0.25,true,false
16.3,489,simulation,231.343,362.831,231,363,230.105,364.525,1,TRACK,1.297,-0.751,-1.152,1.776,1.51,0.25,true,false
16.333,490,simulation,229.834,364.029,229,363,228.626,366.494,1,TRACK,1.258,-0.692,-1.19,1.757,1.688,0.26,true,false
16.367,491,simulation,228.435,365.265,228,365,226.975,367.777,1,TRACK,1.218,-0.633,-1.2,1.799,1.937,0.25,true,false
16.4,492,simulation,226.996,366.198,226,365,225.55,369.28,1,TRACK,1.176,-0.573,-1.24,1.785,2.096,0.25,true,false
16.433,493,simulation,225.676,367.113,225,367,223.936,370.248,1,TRACK,1.135,-0.512,-1.25,1.83,2.471,0.25,true,false
16.467,494,simulation,224.324,367.678,223,367,222.536,371.537,1,TRACK,1.092,-0.451,-1.29,1.819,2.853,0.25,true,false
16.5,495,simulation,223.099,368.183,222,367,220.938,372.361,1,TRACK,1.048,-0.391,-1.301,1.813,2.989,0.26,true,false
16.533,496,simulation,221.849,368.586,221,369,219.548,372.869,1,TRACK,1.004,-0.329,-1.314,1.864,3.495,0.25,true,false
16.567,497,simulation,220.591,368.571,220,368,218.3,373.847,1,TRACK,0.96,-0.268,-1.329,1.829,3.738,0.25,true,false
16.6,498,simulation,219.336,368.578,218,368,217.147,374.12,1,TRACK,0.914,-0.207,-1.372,1.83,3.977,0.25,true,false
16.633,499,simulation,218.234,368.41,218,368,215.717,374.256,1,TRACK,0.869,-0.146,-1.359,1.832,4.14,0.26,true,false
16.667,500,simulation,216.989,368.046,217,367,214.783,374.299,1,TRACK,0.823,-0.086,-1.378,1.809,4.08,0.25,true,false
16.7,501,simulation,215.776,367.609,215,367,213.843,373.939,1,TRACK,0.776,-0.025,-1.423,1.817,4.294,0.26,true,false
16.733,502,simulation,214.739,366.921,214,366,212.557,373.648,1,TRACK,0.728,0.035,-1.439,1.797,4.498,0.25,true,false
16.767,503,simulation,213.718,366.116,214,365,211.378,373.062,1,TRACK,0.68,0.094,-1.428,1.781,4.491,0.25,true,false
16.8,504,simulation,212.582,365.165,212,365,210.612,372.278,1,TRACK,0.631,0.154,-1.476,1.794,4.912,0.25,true,false
16.833,505,simulation,211.642,363.901,211,363,209.444,371.702,1,TRACK,0.581,0.212,-1.493,1.751,5.166,0.25,true,false
16.867,506,simulation,210.735,362.611,210,362,208.344,370.585,1,TRACK,0.531,0.271,-1.51,1.742,5.419,0.25,true,false
16.9,507,simulation,209.869,361.109,209,361,207.289,369.443,1,TRACK,0.48,0.328,-1.528,1.732,5.86,0.25,true,false
16.933,508,simulation,209.051,359.384,208,358,206.266,368.285,1,TRACK,0.428,0.384,-1.547,1.67,5.885,0.25,true,false
16.967,509,simulation,208.284,357.708,207,358,205.263,366.434,1,TRACK,0.376,0.44,-1.566,1.695,6.386,0.25,true,false
17,510,simulation,207.573,355.604,207,356,204.274,365.14,1,TRACK,0.324,0.496,-1.558,1.66,6.901,0.25,true,false
17.033,511,simulation,206.782,353.381,206,353,203.637,363.542,1,TRACK,0.272,0.549,-1.581,1.603,7.036,0.25,true,false
17.067,512,simulation,206.076,351.153,206,351,202.896,361.395,1,TRACK,0.219,0.602,-1.577,1.578,7.092,0.25,true,false
17.1,513,simulation,205.31,348.737,205,349,202.426,359.221,1,TRACK,0.166,0.654,-1.602,1.554,7.345,0.24,true,false
17.133,514,simulation,204.646,346.124,205,345,201.798,357.028,1,TRACK,0.112,0.703,-1.598,1.477,7.102,0.25,true,false
17.167,515,simulation,203.937,343.589,203,344,201.404,354.141,1,TRACK,0.057,0.752,-1.651,1.487,7.43,0.25,true,false
17.2,516,simulation,203.482,340.657,203,341,200.484,351.811,1,TRACK,0.002,0.8,-1.645,1.438,7.835,0.25,true,false
17.233,517,simulation,202.97,337.64,203,337,199.891,349.175,1,TRACK,-0.052,0.846,-1.642,1.366,7.731,0.25,true,false
17.267,518,simulation,202.424,334.654,202,334,199.519,345.992,1,TRACK,-0.108,0.89,-1.669,1.326,7.61,0.25,true,false
17.3,519,simulation,202.003,331.52,201,331,198.956,342.781,1,TRACK,-0.164,0.933,-1.693,1.287,7.687,0.26,true,false
17.333,520,simulation,201.697,328.231,201,328,198.261,339.553,1,TRACK,-0.221,0.975,-1.689,1.248,7.867,0.25,true,false
17.367,521,simulation,201.362,324.782,201,324,197.82,336.315,1,TRACK,-0.277,1.014,-1.689,1.182,7.813,0.25,true,false
17.4,522,simulation,201.015,321.309,200,321,197.55,332.731,1,TRACK,-0.334,1.052,-1.717,1.147,7.947,0.27,true,false
17.433,523,simulation,200.812,317.646,200,317,197.054,329.255,1,TRACK,-0.391,1.088,-1.715,1.084,8,0.27,true,false
17.467,524,simulation,200.601,313.94,200,314,196.746,325.512,1,TRACK,-0.449,1.123,-1.716,1.05,8.197,0.28,true,false
17.5,525,simulation,200.396,310.029,200,309,196.565,321.932,1,TRACK,-0.506,1.155,-1.719,0.962,8.033,0.27,true,false
17.533,526,simulation,200.209,306.205,200,306,196.47,317.78,1,TRACK,-0.563,1.186,-1.722,0.933,8.047,0.31,true,false
17.567,527,simulation,200.047,302.149,199,301,196.434,313.927,1,TRACK,-0.622,1.215,-1.753,0.847,7.941,0.27,true,false
17.6,528,simulation,200.06,298.162,199,298,196.094,309.593,1,TRACK,-0.68,1.242,-1.754,0.82,8.12,0.41,true,false
17.633,529,simulation,200.09,293.93,200,293,195.889,305.619,1,TRACK,-0.738,1.267,-1.73,0.736,7.979,0.28,true,false
17.667,530,simulation,200.007,289.76,199,289,196.118,301.208,1,TRACK,-0.797,1.289,-1.764,0.683,7.919,0.27,true,false
17.7,531,simulation,200.125,285.483,199,285,195.958,296.844,1,TRACK,-0.855,1.31,-1.766,0.63,8.036,0.27,true,false
17.733,532,simulation,200.281,281.105,200,280,195.873,292.513,1,TRACK,-0.914,1.329,-1.744,0.549,7.826,0.27,true,false
17.767,533,simulation,200.34,276.77,200,276,196.183,287.865,1,TRACK,-0.972,1.345,-1.752,0.498,7.682,0.29,true,false
17.8,534,simulation,200.473,272.319,200,272,196.417,283.346,1,TRACK,-1.031,1.36,-1.76,0.446,7.771,0.26,true,false
17.833,535,simulation,200.677,267.765,200,267,196.6,278.916,1,TRACK,-1.09,1.372,-1.767,0.367,7.74,0.28,true,false
17.867,536,simulation,200.952,263.257,200,262,196.746,274.207,1,TRACK,-1.149,1.382,-1.773,0.29,7.537,0.26,true,false
17.9,537,simulation,201.3,258.782,201,258,196.868,269.309,1,TRACK,-1.207,1.39,-1.753,0.242,7.398,0.24,true,false
17.933,538,simulation,201.58,254.191,201,254,197.315,264.628,1,TRACK,-1.266,1.396,-1.763,0.191,7.516,0.24,true,false
17.967,539,simulation,201.957,249.502,202,249,197.639,260.096,1,TRACK,-1.324,1.4,-1.745,0.112,7.447,0.25,true,false
18,540,simulation,202.284,244.873,202,244,198.222,255.324,1,TRACK,-1.383,1.401,-1.757,0.035,7.222,0.25,true,false
18.033,541,simulation,202.723,240.293,202,240,198.638,250.392,1,TRACK,-1.441,1.401,-1.766,-0.013,7.25,0.3,true,false
18.067,542,simulation,203.265,235.618,203,235,198.94,245.695,1,TRACK,-1.5,1.398,-1.748,-0.09,7.139,0.28,true,false
18.1,543,simulation,203.765,231.011,203,230,199.506,240.816,1,TRACK,-1.558,1.392,-1.76,-0.166,6.911,0.26,true,false
18.133,544,simulation,204.385,226.468,204,226,199.908,235.817,1,TRACK,-1.616,1.385,-1.743,-0.214,6.81,0.3,true,false
18.167,545,simulation,204.974,221.848,205,221,200.541,231.079,1,TRACK,-1.674,1.376,-1.728,-0.292,6.552,0.24,true,false
18.2,546,simulation,205.551,217.316,205,217,201.33,226.178,1,TRACK,-1.732,1.364,-1.743,-0.341,6.515,0.31,true,false
18.233,547,simulation,206.268,212.73,206,212,201.882,221.51,1,TRACK,-1.79,1.35,-1.727,-0.419,6.352,0.29,true,false
18.267,548,simulation,206.973,208.255,206,208,202.615,216.661,1,TRACK,-1.848,1.335,-1.741,-0.469,6.381,0.25,true,false
18.3,549,simulation,207.822,203.746,208,203,203.128,212.031,1,TRACK,-1.904,1.316,-1.699,-0.549,6.087,0.23,true,false
18.333,550,simulation,208.52,199.37,208,198,204.175,207.21,1,TRACK,-1.962,1.295,-1.716,-0.626,5.658,0.23,true,false
18.367,551,simulation,209.385,195.124,209,195,204.9,202.261,1,TRACK,-2.018,1.274,-1.702,-0.649,5.642,0.26,true,false
18.4,552,simulation,210.26,190.728,210,190,205.747,197.91,1,TRACK,-2.075,1.249,-1.69,-0.732,5.485,0.23,true,false
18.433,553,simulation,211.154,186.514,211,186,206.677,193.283,1,TRACK,-2.131,1.223,-1.68,-0.785,5.285,0.23,true,false
18.467,554,simulation,212.075,182.332,212,182,207.663,188.812,1,TRACK,-2.186,1.195,-1.669,-0.841,5.137,0.24,true,false
18.5,555,simulation,213.029,178.206,213,178,208.686,184.448,1,TRACK,-2.242,1.165,-1.659,-0.897,5.007,0.23,true,false
18.533,556,simulation,214.021,174.153,214,174,209.733,180.158,1,TRACK,-2.297,1.133,-1.65,-0.955,4.87,0.23,true,false
18.567,557,simulation,215.054,170.189,214,170,210.796,175.919,1,TRACK,-2.352,1.1,-1.667,-1.013,4.918,0.26,true,false
18.6,558,simulation,216.275,166.331,215,166,211.527,171.716,1,TRACK,-2.407,1.064,-1.654,-1.072,4.989,0.23,true,false
18.633,559,simulation,217.523,162.594,217,162,212.374,167.539,1,TRACK,-2.461,1.026,-1.615,-1.132,4.743,0.23,true,false
18.667,560,simulation,218.666,158.992,218,159,213.642,163.379,1,TRACK,-2.515,0.987,-1.608,-1.165,4.608,0.26,true,false
18.7,561,simulation,219.873,155.397,219,155,214.852,159.576,1,TRACK,-2.568,0.946,-1.601,-1.229,4.494,0.24,true,false
18.733,562,simulation,221.144,151.987,221,152,216.023,155.672,1,TRACK,-2.62,0.904,-1.566,-1.265,4.238,0.24,true,false
18.767,563,simulation,222.337,148.627,222,148,217.509,152.044,1,TRACK,-2.672,0.86,-1.561,-1.331,3.912,0.22,true,false
18.8,564,simulation,223.615,145.49,224,145,218.865,148.261,1,TRACK,-2.723,0.814,-1.528,-1.369,3.464,0.28,true,false
18.833,565,simulation,224.829,142.439,225,142,220.475,144.716,1,TRACK,-2.774,0.767,-1.525,-1.41,3.151,0.23,true,false
18.867,566,simulation,226.141,139.501,226,139,221.915,141.334,1,TRACK,-2.825,0.719,-1.52,-1.453,3.045,0.24,true,false
18.9,567,simulation,227.54,136.703,227,136,223.237,138.062,1,TRACK,-2.875,0.669,-1.513,-1.497,3.115,0.23,true,false
18.933,568,simulation,229.023,134.063,228,134,224.48,134.865,1,TRACK,-2.925,0.618,-1.505,-1.516,3.403,0.31,true,false
18.967,569,simulation,230.586,131.46,230,131,225.668,132.063,1,TRACK,-2.974,0.566,-1.471,-1.566,3.476,0.22,true,false
19,570,simulation,232.086,129.075,232,128,227.16,129.187,1,TRACK,-3.022,0.512,-1.439,-1.615,3.318,0.25,true,false
19.033,571,simulation,233.544,126.916,233,126,228.858,126.261,1,TRACK,-3.07,0.458,-1.437,-1.637,3.382,0.25,true,false
19.067,572,simulation,235.116,124.855,234,125,230.353,123.643,1,TRACK,-3.118,0.403,-1.432,-1.636,3.622,0.23,true,false
19.1,573,simulation,236.791,122.782,236,122,231.709,121.576,1,TRACK,-3.165,0.347,-1.399,-1.695,3.797,0.22,true,false
19.133,574,simulation,238.421,121.029,238,121,233.313,119.201,1,TRACK,-3.21,0.29,-1.369,-1.697,3.744,0.23,true,false
19.167,575,simulation,240.022,119.308,240,119,235.085,117.299,1,TRACK,-3.255,0.232,-1.34,-1.731,3.592,0.23,true,false
19.2,576,simulation,241.606,117.805,241,117,236.969,115.377,1,TRACK,-3.3,0.174,-1.34,-1.765,3.789,0.22,true,false
19.233,577,simulation,243.324,116.533,243,116,238.588,113.441,1,TRACK,-3.343,0.114,-1.31,-1.773,3.951,0.22,true,false
19.267,578,simulation,245.018,115.364,245,115,240.367,111.838,1,TRACK,-3.386,0.055,-1.281,-1.784,3.962,0.23,true,false
19.3,579,simulation,246.701,114.331,246,114,242.254,110.46,1,TRACK,-3.429,-0.005,-1.28,-1.798,4.172,0.22,true,false
19.333,580,simulation,248.522,113.464,248,113,243.872,109.235,1,TRACK,-3.47,-0.065,-1.25,-1.814,4.414,0.23,true,false
19.367,581,simulation,250.325,112.785,250,112,245.649,108.113,1,TRACK,-3.511,-0.127,-1.222,-1.831,4.66,0.22,true,false
19.4,582,simulation,252.119,112.314,252,112,247.533,107.062,1,TRACK,-3.551,-0.187,-1.194,-1.823,4.744,0.22,true,false
19.433,583,simulation,253.914,111.929,253,111,249.489,106.399,1,TRACK,-3.591,-0.249,-1.194,-1.845,5.145,0.24,true,false
19.467,584,simulation,255.856,111.806,255,112,251.151,105.657,1,TRACK,-3.629,-0.309,-1.164,-1.814,5.279,0.22,true,false
19.5,585,simulation,257.787,111.673,258,111,252.955,105.546,1,TRACK,-3.666,-0.371,-1.109,-1.843,5.326,0.22,true,false
19.533,586,simulation,259.575,111.863,259,111,255.197,105.178,1,TRACK,-3.703,-0.432,-1.112,-1.842,5.662,0.23,true,false
19.567,587,simulation,261.531,112.232,261,112,257.051,104.976,1,TRACK,-3.74,-0.493,-1.084,-1.817,5.832,0.22,true,false
19.6,588,simulation,263.491,112.661,263,112,258.984,105.23,1,TRACK,-3.775,-0.553,-1.057,-1.824,6.055,0.23,true,false
19.633,589,simulation,265.46,113.332,265,113,260.969,105.448,1,TRACK,-3.809,-0.614,-1.03,-1.804,6.208,0.22,true,false
19.667,590,simulation,267.443,114.112,266,113,262.989,105.985,1,TRACK,-3.843,-0.674,-1.03,-1.814,6.727,0.22,true,false
19.7,591,simulation,269.584,115.175,269,115,264.69,106.394,1,TRACK,-3.876,-0.733,-0.974,-1.769,6.834,0.23,true,false
19.733,592,simulation,271.58,116.241,271,115,266.858,107.4,1,TRACK,-3.908,-0.793,-0.949,-1.785,7.125,0.24,true,false
19.767,593,simulation,273.604,117.64,273,117,269,108.126,1,TRACK,-3.938,-0.851,-0.924,-1.744,7.312,0.25,true,false
19.8,594,simulation,275.654,119.083,275,118,271.125,109.344,1,TRACK,-3.968,-0.908,-0.899,-1.735,7.565,0.27,true,false
19.833,595,simulation,277.729,120.752,277,120,273.237,110.554,1,TRACK,-3.997,-0.965,-0.873,-1.7,7.741,0.25,true,false
19.867,596,simulation,279.829,122.514,280,122,275.339,112.099,1,TRACK,-4.025,-1.021,-0.821,-1.669,7.68,0.24,true,false
19.9,597,simulation,281.812,124.399,281,124,277.777,113.87,1,TRACK,-4.052,-1.075,-0.825,-1.64,7.725,0.23,true,false
19.933,598,simulation,283.984,126.431,283,126,279.757,115.793,1,TRACK,-4.079,-1.129,-0.798,-1.613,7.873,0.24,true,false
19.967,599,simulation,286.173,128.626,286,128,281.768,117.818,1,TRACK,-4.104,-1.182,-0.744,-1.587,7.979,0.23,true,false
20,600,simulation,288.241,131,288,130,284.142,119.91,1,TRACK,-4.128,-1.234,-0.721,-1.561,8.206,0.22,true,false
20.033,601,simulation,290.352,133.564,289,133,286.419,122.046,1,TRACK,-4.152,-1.284,-0.724,-1.51,8.428,0.23,true,false
20.067,602,simulation,292.642,136.187,292,136,288.288,124.554,1,TRACK,-4.174,-1.333,-0.668,-1.463,8.398,0.22,true,false
20.1,603,simulation,294.803,138.899,294,138,290.563,127.311,1,TRACK,-4.196,-1.381,-0.644,-1.445,8.583,0.23,true,false
20.133,604,simulation,297,141.862,296,141,292.772,129.895,1,TRACK,-4.216,-1.428,-0.619,-1.399,8.828,0.23,true,false
20.167,605,simulation,299.231,144.93,299,144,294.934,132.7,1,TRACK,-4.235,-1.473,-0.567,-1.355,8.941,0.22,true,false
20.2,606,simulation,301.35,148.123,301,148,297.408,135.655,1,TRACK,-4.25,-1.516,-0.544,-1.286,8.773,0.23,true,false
20.233,607,simulation,302.999,151.313,302,151,299.749,139.052,1,TRACK,-4.25,-1.558,-0.547,-1.249,8.629,0.23,true,false
20.267,608,simulation,302.433,154.673,302,154,301.658,142.405,1,TRACK,-4.25,-1.598,-0.571,-1.212,8.411,0.23,true,false
20.3,609,simulation,302.034,158.203,302,158,302.931,145.726,1,TRACK,-4.25,-1.636,-0.588,-1.147,8.388,0.23,true,false
20.333,610,simulation,301.805,161.765,301,161,303.77,149.365,1,TRACK,-4.25,-1.673,-0.627,-1.112,8.567,0.27,true,false
20.367,611,simulation,301.743,165.522,301,165,303.973,152.877,1,TRACK,-4.25,-1.708,-0.632,-1.05,8.673,0.25,true,false
20.4,612,simulation,301.85,169.328,301,168,304.085,156.643,1,TRACK,-4.25,-1.742,-0.636,-1.017,8.962,0.25,true,false
20.433,613,simulation,302.125,173.34,302,173,304.137,160.237,1,TRACK,-4.25,-1.773,-0.612,-0.928,8.923,0.25,true,false
20.467,614,simulation,302.569,177.267,302,177,304.491,164.397,1,TRACK,-4.25,-1.802,-0.619,-0.873,8.718,0.31,true,false
20.5,615,simulation,303.181,181.287,303,180,304.707,168.597,1,TRACK,-4.25,-1.83,-0.597,-0.844,8.922,0.24,true,false
20.533,616,simulation,303.961,185.542,303,185,305.174,172.48,1,TRACK,-4.25,-1.856,-0.604,-0.759,8.882,0.26,true,false
20.567,617,simulation,304.909,189.731,304,189,305.468,176.83,1,TRACK,-4.25,-1.879,-0.584,-0.705,8.826,0.28,true,false
20.6,618,simulation,306.024,194.024,306,194,305.987,181.154,1,TRACK,-4.25,-1.9,-0.538,-0.625,8.567,0.29,true,false
20.633,619,simulation,307.306,198.274,307,198,307.002,185.8,1,TRACK,-4.25,-1.919,-0.526,-0.574,8.394,0.25,true,false
20.667,620,simulation,308.755,202.643,308,202,308.013,190.32,1,TRACK,-4.25,-1.937,-0.513,-0.523,8.444,0.25,true,false
20.7,621,simulation,310.37,207.119,310,207,309.019,194.753,1,TRACK,-4.25,-1.951,-0.473,-0.443,8.328,0.25,true,false
20.733,622,simulation,312.151,211.555,312,211,310.366,199.467,1,TRACK,-4.25,-1.965,-0.437,-0.393,8.318,0.24,true,false
20.767,623,simulation,314.097,216.104,314,215,311.944,204.028,1,TRACK,-4.25,-1.976,-0.404,-0.341,8.528,0.25,true,false
20.8,624,simulation,316.207,220.754,316,220,313.678,208.483,1,TRACK,-4.25,-1.985,-0.372,-0.262,8.594,0.25,true,false
20.833,625,simulation,318.481,225.352,318,225,315.519,213.206,1,TRACK,-4.25,-1.991,-0.342,-0.185,8.469,0.25,true,false
20.867,626,simulation,320.918,229.91,320,230,317.431,218.109,1,TRACK,-4.25,-1.994,-0.312,-0.11,8.248,0.24,true,false
20.9,627,simulation,323.518,234.434,323,234,319.392,223.134,1,TRACK,-4.25,-1.997,-0.256,-0.063,8.198,0.25,true,false
20.933,628,simulation,326.279,239.066,326,238,321.728,227.896,1,TRACK,-4.25,-1.997,-0.204,-0.013,8.388,0.26,true,false
20.967,629,simulation,329.2,243.785,329,244,324.318,232.478,1,TRACK,-4.25,-1.994,-0.155,0.092,8.153,0.25,true,false
21,630,simulation,332.281,248.29,332,248,327.08,237.621,1,TRACK,-4.25,-1.989,-0.108,0.138,8.023,0.25,true,false
21.033,631,simulation,335.521,252.891,335,252,329.959,242.458,1,TRACK,-4.25,-1.983,-0.062,0.188,8.209,0.25,true,false
21.067,632,simulation,338.918,257.561,338,257,332.915,247.086,1,TRACK,-4.25,-1.974,-0.017,0.267,8.348,0.27,true,false
21.1,633,simulation,342.472,262.139,342,262,335.924,251.913,1,TRACK,-4.248,-1.963,0.054,0.343,8.201,0.28,true,false
21.133,634,simulation,345.894,266.627,346,266,339.31,256.872,1,TRACK,-4.244,-1.95,0.121,0.392,7.983,0.3,true,false
21.167,635,simulation,349.114,271.167,349,271,342.952,261.578,1,TRACK,-4.239,-1.934,0.158,0.47,7.648,0.3,true,false
21.2,636,simulation,352.285,275.592,352,275,346.424,266.453,1,TRACK,-4.232,-1.917,0.198,0.52,7.44,0.27,true,false
21.233,637,simulation,355.397,280.044,355,280,349.779,271.098,1,TRACK,-4.224,-1.897,0.239,0.599,7.11,0.25,true,false
21.267,638,simulation,358.441,284.358,358,283,353.054,275.929,1,TRACK,-4.215,-1.876,0.281,0.624,7.117,0.24,true,false
21.3,639,simulation,361.408,288.818,361,288,356.274,280.199,1,TRACK,-4.204,-1.852,0.324,0.707,6.977,0.24,true,false
21.333,640,simulation,364.295,293.095,364,292,359.455,284.772,1,TRACK,-4.192,-1.827,0.367,0.761,6.771,0.25,true,false
21.367,641,simulation,367.096,297.338,367,297,362.61,289.206,1,TRACK,-4.178,-1.799,0.411,0.844,6.291,0.24,true,false
21.4,642,simulation,369.808,301.386,370,301,365.745,293.888,1,TRACK,-4.163,-1.769,0.455,0.897,5.756,0.25,true,false
21.433,643,simulation,372.427,305.383,372,305,368.867,298.395,1,TRACK,-4.147,-1.737,0.473,0.952,5.396,0.25,true,false
21.467,644,simulation,375.093,309.307,375,309,371.636,302.781,1,TRACK,-4.13,-1.704,0.521,1.008,5.017,0.24,true,false
21.5,645,simulation,377.639,313.138,377,313,374.508,307.084,1,TRACK,-4.112,-1.668,0.542,1.066,4.676,0.26,true,false
21.533,646,simulation,380.212,316.858,380,316,377.106,311.33,1,TRACK,-4.092,-1.631,0.593,1.098,4.503,0.25,true,false
21.567,647,simulation,382.65,320.593,382,320,379.861,315.193,1,TRACK,-4.072,-1.593,0.615,1.161,4.32,0.24,true,false
21.6,648,simulation,385.104,324.163,384,324,382.378,319.138,1,TRACK,-4.05,-1.552,0.64,1.223,4.038,0.25,true,false
21.633,649,simulation,387.555,327.562,387,327,384.735,323.137,1,TRACK,-4.027,-1.51,0.694,1.259,3.749,0.25,true,false
21.667,650,simulation,389.85,330.92,389,331,387.323,326.831,1,TRACK,-4.003,-1.466,0.719,1.324,3.333,0.25,true,false
21.7,651,simulation,392.142,334.062,392,334,389.728,330.658,1,TRACK,-3.977,-1.42,0.772,1.361,2.821,0.25,true,false
21.733,652,simulation,394.276,337.126,393,336,392.348,334.233,1,TRACK,-3.952,-1.375,0.77,1.375,2.867,0.25,true,false
21.767,653,simulation,396.546,340.223,396,340,394.431,337.294,1,TRACK,-3.924,-1.326,0.827,1.448,2.573,0.24,true,false
21.8,654,simulation,398.633,343.025,398,342,396.832,340.689,1,TRACK,-3.896,-1.278,0.854,1.464,2.363,0.25,true,false
21.833,655,simulation,400.695,345.82,400,345,399.108,343.627,1,TRACK,-3.866,-1.227,0.883,1.513,2.16,0.25,true,false
21.867,656,simulation,402.723,348.425,403,348,401.298,346.596,1,TRACK,-3.835,-1.175,0.939,1.56,1.605,0.25,true,false
21.9,657,simulation,404.566,350.827,404,350,403.772,349.586,1,TRACK,-3.804,-1.122,0.939,1.582,1.316,0.25,true,false
21.933,658,simulation,406.522,353.155,406,353,405.754,352.247,1,TRACK,-3.771,-1.068,0.972,1.633,0.949,0.24,true,false
21.967,659,simulation,408.417,355.232,408,355,407.744,355.027,1,TRACK,-3.738,-1.013,1.004,1.657,0.625,0.24,true,false
22,660,simulation,410.249,357.193,410,357,409.739,357.546,1,TRACK,-3.703,-0.957,1.036,1.684,0.456,0.25,true,false
22.033,661,simulation,412.016,359.007,412,358,411.738,359.887,1,TRACK,-3.668,-0.9,1.069,1.687,0.312,0.25,true,false
22.067,662,simulation,413.713,360.79,413,360,413.739,361.765,1,TRACK,-3.632,-0.843,1.075,1.721,0.443,0.25,true,false
22.1,663,simulation,415.482,362.359,415,362,415.399,363.671,1,TRACK,-3.595,-0.784,1.111,1.755,0.783,0.25,true,false
22.133,664,simulation,417.155,363.699,416,364,417.171,365.595,1,TRACK,-3.557,-0.725,1.12,1.789,1.413,0.24,true,false
22.167,665,simulation,418.879,364.798,418,364,418.675,367.533,1,TRACK,-3.519,-0.666,1.158,1.77,1.61,0.25,true,false
22.2,666,simulation,420.493,365.927,420,366,420.34,368.796,1,TRACK,-3.479,-0.605,1.195,1.812,1.952,0.24,true,false
22.233,667,simulation,422.003,366.745,422,366,422.115,370.285,1,TRACK,-3.438,-0.545,1.23,1.799,2.106,0.25,true,false
22.267,668,simulation,423.413,367.536,423,367,423.964,371.243,1,TRACK,-3.397,-0.485,1.239,1.817,2.297,0.25,true,false
22.3,669,simulation,424.867,368.113,424,368,425.522,372.184,1,TRACK,-3.355,-0.424,1.25,1.837,2.673,0.25,true,false
22.333,670,simulation,426.343,368.461,426,368,426.881,373.113,1,TRACK,-3.312,-0.363,1.291,1.83,2.95,0.24,true,false
22.367,671,simulation,427.684,368.707,427,368,428.449,373.693,1,TRACK,-3.269,-0.302,1.302,1.827,3.093,0.24,true,false
22.4,672,simulation,429.043,368.816,429,368,429.816,374.037,1,TRACK,-3.224,-0.241,1.343,1.826,3.238,0.24,true,false
22.433,673,simulation,430.261,368.761,430,369,431.388,374.22,1,TRACK,-3.179,-0.179,1.355,1.854,3.77,0.24,true,false
22.467,674,simulation,431.49,368.377,431,368,432.759,374.638,1,TRACK,-3.133,-0.118,1.369,1.827,4.095,0.25,true,false
22.5,675,simulation,432.714,367.95,432,368,433.992,374.532,1,TRACK,-3.087,-0.057,1.385,1.832,4.437,0.24,true,false
22.533,676,simulation,433.923,367.294,434,367,435.133,374.413,1,TRACK,-3.039,0.003,1.428,1.81,4.71,0.29,true,false
22.567,677,simulation,434.964,366.537,434,366,436.552,373.943,1,TRACK,-2.992,0.063,1.416,1.793,4.802,0.3,true,false
22.6,678,simulation,436.136,365.647,436,365,437.478,373.237,1,TRACK,-2.943,0.122,1.462,1.778,4.905,0.24,true,false
22.633,679,simulation,437.121,364.597,437,364,438.752,372.371,1,TRACK,-2.894,0.181,1.477,1.766,5.079,0.27,true,false
22.667,680,simulation,438.08,363.368,438,363,439.921,371.398,1,TRACK,-2.844,0.24,1.494,1.754,5.353,0.23,true,false
22.7,681,simulation,439.003,361.94,438,362,441.02,370.353,1,TRACK,-2.795,0.298,1.486,1.744,5.705,0.23,true,false
22.733,682,simulation,440.024,360.301,439,359,441.728,369.261,1,TRACK,-2.745,0.354,1.508,1.68,5.58,0.23,true,false
22.767,683,simulation,440.974,358.72,440,358,442.513,367.454,1,TRACK,-2.694,0.41,1.529,1.678,5.612,0.23,true,false
22.8,684,simulation,441.854,356.86,441,356,443.352,365.847,1,TRACK,-2.642,0.465,1.55,1.648,5.733,0.22,true,false
22.833,685,simulation,442.665,354.867,442,355,444.227,364.035,1,TRACK,-2.589,0.519,1.571,1.646,6.195,0.23,true,false
22.867,686,simulation,443.405,352.578,443,352,445.127,362.427,1,TRACK,-2.536,0.572,1.591,1.588,6.437,0.22,true,false
22.9,687,simulation,444.073,350.279,444,349,446.045,360.276,1,TRACK,-2.483,0.624,1.612,1.537,6.352,0.24,true,false
22.933,688,simulation,444.667,347.93,444,347,446.975,357.756,1,TRACK,-2.429,0.674,1.605,1.517,6.361,0.22,true,false
22.967,689,simulation,445.325,345.359,445,345,447.572,355.331,1,TRACK,-2.375,0.724,1.629,1.495,6.657,0.22,true,false
23,690,simulation,445.882,342.566,445,342,448.284,352.971,1,TRACK,-2.321,0.772,1.626,1.447,6.856,0.23,true,false
23.033,691,simulation,446.483,339.688,446,339,448.734,350.315,1,TRACK,-2.266,0.819,1.651,1.401,6.966,0.25,true,false
23.067,692,simulation,446.969,336.702,447,336,449.347,347.459,1,TRACK,-2.21,0.864,1.676,1.358,7.1,0.27,true,false
23.1,693,simulation,447.344,333.59,447,333,450.073,344.47,1,TRACK,-2.154,0.908,1.672,1.316,7.241,0.3,true,false
23.133,694,simulation,447.755,330.339,448,330,450.532,341.392,1,TRACK,-2.097,0.951,1.698,1.275,7.49,0.3,true,false
23.167,695,simulation,448.04,326.939,448,327,451.154,338.255,1,TRACK,-2.041,0.992,1.695,1.235,7.822,0.29,true,false
23.2,696,simulation,448.348,323.382,448,323,451.544,335.08,1,TRACK,-1.984,1.031,1.696,1.169,7.912,0.28,true,false
23.233,697,simulation,448.661,319.803,449,319,451.777,331.539,1,TRACK,-1.927,1.068,1.724,1.107,7.847,1.13,true,false
23.267,698,simulation,448.824,316.178,448,316,452.246,327.751,1,TRACK,-1.87,1.103,1.697,1.074,7.895,0.79,true,false
23.3,699,simulation,449.133,312.347,448,311,452.192,324.139,1,TRACK,-1.814,1.136,1.703,0.986,7.575,0.34,true,false
23.333,700,simulation,449.409,308.603,449,308,452.125,319.965,1,TRACK,-1.756,1.168,1.735,0.957,7.542,0.33,true,false
23.367,701,simulation,449.509,304.625,449,304,452.391,316.095,1,TRACK,-1.698,1.198,1.737,0.898,7.622,0.32,true,false
23.4,702,simulation,449.589,300.573,449,300,452.544,312.091,1,TRACK,-1.64,1.226,1.74,0.841,7.675,0.3,true,false
23.433,703,simulation,449.641,296.439,449,296,452.618,307.998,1,TRACK,-1.582,1.252,1.744,0.785,7.745,0.3,true,false
23.467,704,simulation,449.656,292.217,449,292,452.641,303.848,1,TRACK,-1.524,1.277,1.749,0.729,7.864,0.32,true,false
23.5,705,simulation,449.627,287.904,449,288,452.629,299.659,1,TRACK,-1.465,1.299,1.754,0.673,8.052,0.41,true,false
23.533,706,simulation,449.55,283.498,449,283,452.594,295.447,1,TRACK,-1.406,1.319,1.76,0.591,7.995,0.26,true,false
23.567,707,simulation,449.42,279.142,449,279,452.544,290.878,1,TRACK,-1.348,1.337,1.765,0.54,7.996,0.25,true,false
23.6,708,simulation,449.232,274.675,449,274,452.485,286.412,1,TRACK,-1.289,1.352,1.771,0.461,7.862,0.26,true,false
23.633,709,simulation,448.983,270.246,448,270,452.419,281.674,1,TRACK,-1.23,1.366,1.751,0.411,7.769,0.25,true,false
23.667,710,simulation,448.812,265.701,448,265,452.008,277.096,1,TRACK,-1.171,1.377,1.76,0.333,7.574,0.26,true,false
23.7,711,simulation,448.552,261.195,448,261,451.704,272.287,1,TRACK,-1.113,1.386,1.769,0.284,7.558,0.26,true,false
23.733,712,simulation,448.206,256.577,448,256,451.475,267.665,1,TRACK,-1.053,1.393,1.777,0.206,7.484,0.24,true,false
23.767,713,simulation,447.777,252.003,448,251,451.296,262.83,1,TRACK,-0.994,1.398,1.784,0.131,7.277,0.23,true,false
23.8,714,simulation,447.264,247.467,447,247,451.153,257.851,1,TRACK,-0.935,1.4,1.765,0.083,7.198,0.24,true,false
23.833,715,simulation,446.807,242.823,447,242,450.692,253.119,1,TRACK,-0.876,1.401,1.776,0.006,7.086,0.3,true,false
23.867,716,simulation,446.244,238.234,446,238,450.358,248.215,1,TRACK,-0.817,1.399,1.758,-0.043,7.076,0.26,true,false
23.9,717,simulation,445.721,233.556,445,233,449.768,243.537,1,TRACK,-0.759,1.395,1.744,-0.12,6.902,0.23,true,false
23.933,718,simulation,445.218,228.949,444,229,449.006,238.673,1,TRACK,-0.701,1.39,1.731,-0.17,6.82,0.23,true,false
23.967,719,simulation,444.723,224.269,444,224,448.126,234.027,1,TRACK,-0.643,1.381,1.747,-0.248,6.711,0.22,true,false
24,720,simulation,444.084,219.679,444,219,447.511,229.187,1,TRACK,-0.584,1.37,1.759,-0.325,6.499,0.22,true,false
24.033,721,simulation,443.313,215.174,443,215,447.075,224.218,1,TRACK,-0.526,1.358,1.743,-0.373,6.421,0.22,true,false
24.067,722,simulation,442.562,210.616,442,210,446.42,219.505,1,TRACK,-0.469,1.343,1.729,-0.451,6.181,0.31,true,false
24.1,723,simulation,441.813,206.169,441,206,445.617,214.625,1,TRACK,-0.412,1.326,1.717,-0.501,6.007,0.23,true,false
24.133,724,simulation,441.055,201.693,441,201,444.713,209.975,1,TRACK,-0.354,1.307,1.733,-0.58,5.803,0.22,true,false
24.167,725,simulation,440.138,197.351,440,197,444.085,205.141,1,TRACK,-0.296,1.286,1.719,-0.631,5.682,0.22,true,false
24.2,726,simulation,439.216,193.003,438,192,443.301,200.526,1,TRACK,-0.24,1.262,1.68,-0.711,5.208,0.23,true,false
24.233,727,simulation,438.42,188.814,437,188,442.071,195.719,1,TRACK,-0.185,1.237,1.673,-0.762,4.74,0.23,true,false
24.267,728,simulation,437.579,184.641,438,184,440.88,191.124,1,TRACK,-0.127,1.21,1.719,-0.816,4.716,0.22,true,false
24.3,729,simulation,436.407,180.51,436,180,440.401,186.676,1,TRACK,-0.071,1.181,1.677,-0.872,4.669,0.28,true,false
24.333,730,simulation,435.373,176.44,434,176,439.38,182.328,1,TRACK,-0.017,1.15,1.641,-0.928,4.367,0.3,true,false
24.367,731,simulation,434.439,172.45,434,172,437.992,178.049,1,TRACK,0.039,1.117,1.662,-0.986,4.205,0.25,true,false
24.4,732,simulation,433.298,168.556,433,168,437.038,173.819,1,TRACK,0.094,1.082,1.652,-1.045,4.085,0.25,true,false
24.433,733,simulation,432.115,164.774,432,164,436.039,169.623,1,TRACK,0.148,1.045,1.642,-1.104,3.925,0.23,true,false
24.467,734,simulation,430.885,161.119,430,161,435.01,165.45,1,TRACK,0.202,1.007,1.606,-1.137,3.749,0.23,true,false
24.5,735,simulation,429.746,157.463,430,157,433.618,161.637,1,TRACK,0.256,0.967,1.627,-1.201,3.734,0.22,true,false
24.533,736,simulation,428.39,153.985,428,153,432.665,157.727,1,TRACK,0.309,0.925,1.59,-1.263,3.467,0.28,true,false
24.567,737,simulation,427.125,150.691,427,150,431.327,153.752,1,TRACK,0.362,0.882,1.584,-1.299,3.292,0.22,true,false
24.6,738,simulation,425.783,147.449,425,147,430.07,150.075,1,TRACK,0.414,0.837,1.551,-1.338,3.042,0.24,true,false
24.633,739,simulation,424.509,144.292,424,144,428.526,146.602,1,TRACK,0.465,0.791,1.547,-1.38,2.886,0.23,true,false
24.667,740,simulation,423.141,141.246,423,140,427.131,143.268,1,TRACK,0.517,0.743,1.542,-1.45,2.767,0.23,true,false
24.7,741,simulation,421.687,138.475,421,138,425.837,139.687,1,TRACK,0.567,0.694,1.508,-1.464,2.612,0.22,true,false
24.733,742,simulation,420.292,135.695,419,135,424.271,136.622,1,TRACK,0.616,0.644,1.478,-1.51,2.247,0.24,true,false
24.767,743,simulation,418.938,133.095,418,133,422.52,133.568,1,TRACK,0.665,0.593,1.477,-1.531,2.088,0.25,true,false
24.8,744,simulation,417.47,130.546,417,130,420.987,130.862,1,TRACK,0.714,0.54,1.473,-1.582,2.182,0.22,true,false
24.833,745,simulation,415.899,128.227,416,128,419.603,128.051,1,TRACK,0.763,0.486,1.467,-1.605,2.505,0.23,true,false
24.867,746,simulation,414.232,126.004,414,125,418.321,125.511,1,TRACK,0.811,0.431,1.434,-1.658,2.724,0.22,true,false
24.9,747,simulation,412.616,124.05,412,124,416.766,122.814,1,TRACK,0.858,0.376,1.404,-1.656,2.688,0.22,true,false
24.933,748,simulation,411.032,122.086,411,122,415.027,120.694,1,TRACK,0.905,0.32,1.402,-1.688,2.813,0.22,true,false
24.967,749,simulation,409.325,120.304,409,120,413.505,118.623,1,TRACK,0.95,0.262,1.371,-1.72,2.936,0.22,true,false
25,750,simulation,407.649,118.722,407,118,411.79,116.587,1,TRACK,0.995,0.204,1.342,-1.753,3.032,0.23,true,false
25.033,751,simulation,405.991,117.356,406,116,409.943,114.573,1,TRACK,1.04,0.144,1.342,-1.786,3.499,0.22,true,false
25.067,752,simulation,404.198,116.222,404,116,408.351,112.575,1,TRACK,1.084,0.086,1.312,-1.766,3.677,0.35,true,false
25.1,753,simulation,402.427,115.051,402,114,406.59,111.271,1,TRACK,1.126,0.025,1.283,-1.808,3.887,0.23,true,false
25.133,754,simulation,400.667,114.185,400,114,404.714,109.754,1,TRACK,1.168,-0.035,1.256,-1.794,3.892,0.24,true,false
25.167,755,simulation,398.908,113.34,398,113,402.762,108.777,1,TRACK,1.209,-0.095,1.23,-1.812,3.875,0.24,true,false
25.2,756,simulation,397.145,112.704,397,112,400.758,107.824,1,TRACK,1.25,-0.156,1.231,-1.832,4.203,0.25,true,false
25.233,757,simulation,395.231,112.294,395,112,399.063,106.886,1,TRACK,1.29,-0.217,1.202,-1.824,4.445,0.24,true,false
25.267,758,simulation,393.326,111.982,393,112,397.235,106.3,1,TRACK,1.329,-0.278,1.174,-1.821,4.52,0.25,true,false
25.3,759,simulation,391.421,111.802,391,111,395.318,105.953,1,TRACK,1.368,-0.339,1.147,-1.847,4.827,0.25,true,false
25.333,760,simulation,389.509,111.924,389,111,393.341,105.425,1,TRACK,1.405,-0.401,1.121,-1.845,5.207,0.23,true,false
25.367,761,simulation,387.585,112.21,387,112,391.324,105.115,1,TRACK,1.442,-0.461,1.095,-1.819,5.308,0.23,true,false
25.4,762,simulation,385.646,112.541,385,112,389.281,105.295,1,TRACK,1.477,-0.522,1.07,-1.825,5.463,0.23,true,false
25.433,763,simulation,383.69,113.104,384,113,387.22,105.465,1,TRACK,1.513,-0.582,1.071,-1.804,5.672,0.22,true,false
25.467,764,simulation,381.572,113.766,381,113,385.491,105.969,1,TRACK,1.547,-0.643,1.015,-1.813,5.954,0.22,true,false
25.5,765,simulation,379.595,114.703,380,114,383.302,106.356,1,TRACK,1.581,-0.702,1.018,-1.795,6.345,0.23,true,false
25.533,766,simulation,377.448,115.778,377,115,381.487,107.006,1,TRACK,1.613,-0.762,0.963,-1.78,6.601,0.22,true,false
25.567,767,simulation,375.435,117.016,375,117,379.242,107.832,1,TRACK,1.644,-0.82,0.939,-1.74,6.563,0.22,true,false
25.6,768,simulation,373.389,118.299,373,118,377.047,109.12,1,TRACK,1.675,-0.878,0.915,-1.732,6.618,0.22,true,false
25.633,769,simulation,371.311,119.805,371,119,374.887,110.378,1,TRACK,1.704,-0.935,0.891,-1.724,6.924,0.23,true,false
25.667,770,simulation,369.203,121.545,368,121,372.752,111.613,1,TRACK,1.732,-0.991,0.839,-1.689,7.065,0.22,true,false
25.7,771,simulation,367.209,123.384,367,123,370.292,113.174,1,TRACK,1.76,-1.047,0.844,-1.658,7.197,0.24,true,false
25.733,772,simulation,365.024,125.351,364,124,368.297,114.956,1,TRACK,1.787,-1.102,0.791,-1.656,7.591,0.39,true,false
25.767,773,simulation,362.959,127.611,362,127,365.933,116.543,1,TRACK,1.812,-1.155,0.768,-1.598,7.745,0.34,true,false
25.8,774,simulation,360.851,129.877,360,130,363.661,118.681,1,TRACK,1.837,-1.207,0.745,-1.547,7.573,0.26,true,false
25.833,775,simulation,358.704,132.19,358,132,361.453,121.192,1,TRACK,1.861,-1.257,0.72,-1.526,7.548,0.25,true,false
25.867,776,simulation,356.523,134.722,356,134,359.29,123.612,1,TRACK,1.884,-1.308,0.695,-1.505,7.81,0.25,true,false
25.9,777,simulation,354.309,137.475,353,137,357.156,125.969,1,TRACK,1.906,-1.356,0.643,-1.456,7.946,0.24,true,false
25.933,778,simulation,352.207,140.311,352,140,354.701,128.624,1,TRACK,1.927,-1.403,0.647,-1.411,8.036,0.25,true,false
25.967,779,simulation,349.913,143.253,350,143,352.714,131.478,1,TRACK,1.948,-1.449,0.62,-1.367,8.139,0.24,true,false
26,780,simulation,347.597,146.32,347,146,350.702,134.468,1,TRACK,1.967,-1.493,0.566,-1.326,8.205,0.24,true,false
26.033,781,simulation,345.4,149.524,345,149,348.332,137.546,1,TRACK,1.985,-1.536,0.543,-1.285,8.342,0.26,true,false
26.067,782,simulation,343.159,152.877,342,153,346.06,140.684,1,TRACK,2.001,-1.576,0.492,-1.218,8.215,0.26,true,false
26.1,783,simulation,341.021,156.244,341,156,343.515,144.202,1,TRACK,2.018,-1.616,0.498,-1.182,8.258,0.26,true,false
26.133,784,simulation,338.687,159.794,338,160,341.468,147.634,1,TRACK,2.033,-1.653,0.444,-1.119,8.18,0.24,true,false
26.167,785,simulation,336.47,163.383,336,162,339.077,151.349,1,TRACK,2.047,-1.69,0.421,-1.112,8.612,0.24,true,false
26.2,786,simulation,334.209,167.315,333,166,336.793,154.569,1,TRACK,2.059,-1.725,0.37,-1.046,9.014,0.24,true,false
26.233,787,simulation,332.052,171.278,332,171,334.241,158.135,1,TRACK,2.072,-1.757,0.375,-0.957,8.951,0.25,true,false
26.267,788,simulation,329.7,175.154,330,175,332.193,162.277,1,TRACK,2.083,-1.787,0.347,-0.902,8.794,0.24,true,false
26.3,789,simulation,327.326,179.12,327,179,330.144,166.466,1,TRACK,2.093,-1.815,0.293,-0.846,8.638,0.24,true,false
26.333,790,simulation,325.072,183.179,324,182,327.753,170.685,1,TRACK,2.101,-1.842,0.243,-0.818,8.821,0.26,true,false
26.367,791,simulation,322.918,187.477,323,187,325.131,174.58,1,TRACK,2.109,-1.867,0.248,-0.733,8.865,0.25,true,false
26.4,792,simulation,320.567,191.708,320,192,323.036,178.938,1,TRACK,2.116,-1.889,0.195,-0.653,8.52,0.24,true,false
26.433,793,simulation,318.336,195.9,317,195,320.615,183.608,1,TRACK,2.121,-1.91,0.144,-0.629,8.544,0.24,true,false
26.467,794,simulation,316.206,200.355,316,200,317.973,187.803,1,TRACK,2.126,-1.928,0.15,-0.547,8.539,0.34,true,false
26.5,795,simulation,313.88,204.757,313,204,315.867,192.359,1,TRACK,2.129,-1.944,0.096,-0.495,8.561,0.27,true,false
26.533,796,simulation,311.676,209.269,311,209,313.439,196.815,1,TRACK,2.131,-1.958,0.072,-0.416,8.426,0.22,true,false
26.567,797,simulation,309.434,213.739,309,213,311.137,201.545,1,TRACK,2.133,-1.97,0.047,-0.366,8.416,0.23,true,false
26.6,798,simulation,307.162,218.322,307,218,308.92,206.115,1,TRACK,2.134,-1.98,0.02,-0.288,8.302,0.23,true,false
26.633,799,simulation,304.866,222.862,305,223,306.762,210.917,1,TRACK,2.133,-1.987,-0.007,-0.212,8.006,0.23,true,false
26.667,800,simulation,302.551,227.37,302,227,304.643,215.876,1,TRACK,2.131,-1.993,-0.061,-0.165,7.862,0.24,true,false
26.7,801,simulation,300.364,231.992,300,232,302.21,220.597,1,TRACK,2.128,-1.996,-0.085,-0.088,7.656,0.25,true,false
26.733,802,simulation,298.143,236.565,297,236,299.905,225.495,1,TRACK,2.124,-1.997,-0.138,-0.039,7.592,0.27,true,false
26.767,803,simulation,296.041,241.236,295,240,297.346,230.172,1,TRACK,2.119,-1.996,-0.161,0.012,7.791,0.29,true,false
26.8,804,simulation,293.901,245.986,293,245,294.956,234.694,1,TRACK,2.112,-1.993,-0.186,0.091,7.851,0.3,true,false
26.833,805,simulation,291.735,250.657,291,250,292.683,239.454,1,TRACK,2.105,-1.988,-0.212,0.168,7.681,0.29,true,false
26.867,806,simulation,289.552,255.254,289,255,290.488,244.372,1,TRACK,2.097,-1.98,-0.239,0.244,7.336,0.27,true,false
26.9,807,simulation,287.358,259.781,286,260,288.348,249.397,1,TRACK,2.087,-1.969,-0.294,0.318,6.836,0.26,true,false
26.933,808,simulation,285.299,264.235,285,264,285.902,254.493,1,TRACK,2.078,-1.957,-0.292,0.365,6.565,0.24,true,false
26.967,809,simulation,283.077,268.754,283,268,283.934,259.292,1,TRACK,2.067,-1.943,-0.322,0.416,6.568,0.23,true,false
27,810,simulation,280.861,273.31,280,273,281.948,263.888,1,TRACK,2.054,-1.927,-0.379,0.495,6.385,0.22,true,false
27.033,811,simulation,278.797,277.74,278,277,279.608,268.688,1,TRACK,2.041,-1.908,-0.405,0.546,6.274,0.23,true,false
27.067,812,simulation,276.721,282.188,276,281,277.37,273.282,1,TRACK,2.026,-1.888,-0.433,0.599,6.325,0.22,true,false
27.1,813,simulation,274.642,286.632,274,286,275.201,277.734,1,TRACK,2.011,-1.866,-0.461,0.681,6.132,0.22,true,false
27.133,814,simulation,272.566,290.91,272,290,273.08,282.431,1,TRACK,1.995,-1.841,-0.49,0.734,5.946,0.22,true,false
27.167,815,simulation,270.499,295.167,270,295,270.992,286.951,1,TRACK,1.977,-1.814,-0.52,0.815,5.523,0.49,true,false
27.2,816,simulation,268.443,299.241,268,298,268.925,291.692,1,TRACK,1.959,-1.786,-0.549,0.84,5.439,0.54,true,false
27.233,817,simulation,266.403,303.416,266,303,266.874,295.897,1,TRACK,1.94,-1.755,-0.58,0.925,5.143,0.54,true,false
27.267,818,simulation,264.381,307.363,264,307,264.834,300.421,1,TRACK,1.919,-1.722,-0.61,0.98,4.742,0.31,true,false
27.3,819,simulation,262.38,311.233,262,311,262.801,304.818,1,TRACK,1.898,-1.688,-0.64,1.037,4.347,0.3,true,false
27.333,820,simulation,260.404,315.004,260,314,260.773,309.128,1,TRACK,1.876,-1.652,-0.671,1.068,4.246,0.29,true,false
27.367,821,simulation,258.454,318.801,258,318,258.749,313.036,1,TRACK,1.852,-1.615,-0.702,1.131,4.103,0.29,true,false
27.4,822,simulation,256.533,322.444,256,322,256.727,317.012,1,TRACK,1.828,-1.575,-0.733,1.192,3.762,0.29,true,false
27.433,823,simulation,254.644,325.923,255,325,254.707,321.033,1,TRACK,1.803,-1.534,-0.737,1.227,3.565,0.29,true,false
27.467,824,simulation,252.646,329.37,252,328,253.031,324.741,1,TRACK,1.777,-1.492,-0.799,1.266,3.538,0.79,true,false
27.5,825,simulation,250.848,332.753,251,333,250.904,328.237,1,TRACK,1.75,-1.446,-0.802,1.36,2.922,0.43,true,false
27.533,826,simulation,248.941,335.76,248,335,249.155,332.272,1,TRACK,1.721,-1.401,-0.863,1.369,2.581,0.28,true,false
27.567,827,simulation,247.233,338.836,247,338,246.978,335.645,1,TRACK,1.692,-1.354,-0.866,1.412,2.415,0.27,true,false
27.6,828,simulation,245.418,341.785,245,342,245.196,338.911,1,TRACK,1.662,-1.304,-0.9,1.482,1.862,0.73,true,false
27.633,829,simulation,243.664,344.444,243,344,243.339,342.446,1,TRACK,1.631,-1.254,-0.934,1.497,1.541,0.53,true,false
27.667,830,simulation,241.969,347.098,241,347,241.432,345.479,1,TRACK,1.599,-1.203,-0.967,1.544,1.302,0.31,true,false
27.7,831,simulation,240.333,349.561,240,349,239.49,348.511,1,TRACK,1.567,-1.151,-0.973,1.565,1.111,0.53,true,false
27.733,832,simulation,238.614,351.959,238,351,237.868,351.202,1,TRACK,1.533,-1.098,-1.009,1.589,1.083,0.52,true,false
27.767,833,simulation,236.977,354.259,237,354,236.12,353.66,1,TRACK,1.499,-1.043,-1.017,1.644,0.742,0.25,true,false
27.8,834,simulation,235.274,356.288,235,356,234.629,356.302,1,TRACK,1.464,-0.987,-1.055,1.669,0.528,0.26,true,false
27.833,835,simulation,233.666,358.186,233,358,232.971,358.726,1,TRACK,1.428,-0.931,-1.092,1.697,0.747,0.26,true,false
27.867,836,simulation,232.146,359.924,232,359,231.198,361.004,1,TRACK,1.391,-0.874,-1.1,1.7,0.793,0.25,true,false
27.9,837,simulation,230.568,361.621,230,361,229.69,362.838,1,TRACK,1.353,-0.816,-1.138,1.735,0.98,0.24,true,false
27.933,838,simulation,229.091,363.094,229,363,228.019,364.714,1,TRACK,1.315,-0.757,-1.148,1.77,1.283,0.26,true,false
27.967,839,simulation,227.569,364.33,227,364,226.581,366.619,1,TRACK,1.275,-0.698,-1.187,1.778,1.647,0.25,true,false
28,840,simulation,226.159,365.459,226,365,224.957,368.201,1,TRACK,1.235,-0.638,-1.198,1.789,1.875,0.24,true,false
28.033,841,simulation,224.712,366.447,224,366,223.55,369.565,1,TRACK,1.194,-0.578,-1.237,1.804,2.173,0.26,true,false
28.067,842,simulation,223.384,367.266,223,367,221.948,370.78,1,TRACK,1.152,-0.518,-1.248,1.82,2.496,0.27,true,false
28.1,843,simulation,222.027,367.893,222,368,220.556,371.895,1,TRACK,1.11,-0.456,-1.261,1.837,2.872,0.25,true,false
28.133,844,simulation,220.655,368.309,220,368,219.305,372.943,1,TRACK,1.067,-0.395,-1.303,1.828,3.181,0.25,true,false
28.167,845,simulation,219.422,368.637,219,368,217.809,373.602,1,TRACK,1.023,-0.335,-1.315,1.824,3.319,0.25,true,false
28.2,846,simulation,218.175,368.841,217,369,216.488,374,1,TRACK,0.978,-0.273,-1.356,1.85,3.8,0.26,true,false
28.233,847,simulation,217.068,368.749,217,369,214.943,374.562,1,TRACK,0.933,-0.211,-1.342,1.847,4.203,0.25,true,false
28.267,848,simulation,215.808,368.5,216,368,213.931,374.894,1,TRACK,0.888,-0.151,-1.36,1.821,4.253,0.25,true,false
28.3,849,simulation,214.572,368.209,214,368,212.938,374.729,1,TRACK,0.841,-0.09,-1.405,1.826,4.454,0.24,true,false
28.333,850,simulation,213.507,367.692,213,367,211.616,374.569,1,TRACK,0.794,-0.03,-1.42,1.805,4.571,0.25,true,false
28.367,851,simulation,212.453,367.078,212,367,210.412,374.071,1,TRACK,0.746,0.031,-1.436,1.815,4.865,0.25,true,false
28.4,852,simulation,211.421,366.193,211,366,209.288,373.687,1,TRACK,0.697,0.091,-1.453,1.797,5.161,0.24,true,false
28.433,853,simulation,210.42,365.175,209,364,208.219,373.04,1,TRACK,0.647,0.149,-1.497,1.755,5.212,0.24,true,false
28.467,854,simulation,209.596,364.137,209,364,206.843,371.872,1,TRACK,0.598,0.208,-1.485,1.772,5.488,0.25,true,false
28.5,855,simulation,208.653,362.754,208,363,205.945,371.037,1,TRACK,0.548,0.267,-1.505,1.759,5.945,0.24,true,false
28.533,856,simulation,207.762,361.177,207,360,205.027,370.087,1,TRACK,0.497,0.323,-1.525,1.694,5.908,0.24,true,false
28.567,857,simulation,206.928,359.672,207,359,204.097,368.375,1,TRACK,0.446,0.38,-1.518,1.691,5.865,0.25,true,false
28.6,858,simulation,206.009,357.9,206,357,203.5,366.832,1,TRACK,0.395,0.435,-1.541,1.66,5.882,0.24,true,false
28.633,859,simulation,205.172,356.003,205,355,202.786,365.063,1,TRACK,0.343,0.489,-1.564,1.631,5.922,0.24,true,false
28.667,860,simulation,204.413,353.959,204,354,201.994,363.141,1,TRACK,0.29,0.544,-1.585,1.63,6.366,0.24,true,false
28.7,861,simulation,203.73,351.607,204,351,201.146,361.46,1,TRACK,0.237,0.596,-1.579,1.574,6.556,0.25,true,false
28.733,862,simulation,202.982,349.237,202,349,200.604,359.26,1,TRACK,0.183,0.648,-1.63,1.55,6.858,0.24,true,false
28.767,863,simulation,202.473,346.669,202,346,199.584,357.05,1,TRACK,0.129,0.698,-1.623,1.499,6.996,0.25,true,false
28.8,864,simulation,201.895,344.037,201,343,198.923,354.493,1,TRACK,0.074,0.746,-1.646,1.453,6.988,0.24,true,false
28.833,865,simulation,201.415,341.312,201,341,198.165,351.702,1,TRACK,0.019,0.794,-1.642,1.435,7.184,0.83,true,false
28.867,866,simulation,200.887,338.332,200,338,197.681,349.097,1,TRACK,-0.036,0.84,-1.667,1.389,7.455,0.31,true,false
28.9,867,simulation,200.475,335.244,200,335,197.042,346.276,1,TRACK,-0.092,0.885,-1.664,1.346,7.655,0.24,true,false
28.933,868,simulation,200.029,332.031,200,331,196.639,343.312,1,TRACK,-0.147,0.928,-1.664,1.277,7.508,0.23,true,false
28.967,869,simulation,199.568,328.818,200,329,196.396,339.909,1,TRACK,-0.203,0.97,-1.665,1.266,7.692,0.23,true,false
29,870,simulation,199.105,325.294,198,325,196.261,336.895,1,TRACK,-0.26,1.01,-1.721,1.198,7.946,0.23,true,false
29.033,871,simulation,198.932,321.759,199,321,195.514,333.462,1,TRACK,-0.316,1.048,-1.691,1.135,7.858,0.22,true,false
29.067,872,simulation,198.591,318.186,198,317,195.379,329.746,1,TRACK,-0.374,1.084,-1.72,1.075,7.656,0.22,true,false
29.1,873,simulation,198.407,314.555,198,314,194.973,325.84,1,TRACK,-0.431,1.118,-1.72,1.043,7.71,0.22,true,false
29.133,874,simulation,198.222,310.71,198,310,194.726,322.15,1,TRACK,-0.489,1.151,-1.722,0.982,7.752,0.22,true,false
29.167,875,simulation,198.052,306.803,197,306,194.586,318.265,1,TRACK,-0.547,1.182,-1.752,0.924,7.82,0.22,true,false
29.2,876,simulation,198.047,302.822,198,302,194.176,314.251,1,TRACK,-0.604,1.211,-1.725,0.867,7.77,0.22,true,false
29.233,877,simulation,197.911,298.758,198,298,194.266,310.15,1,TRACK,-0.662,1.238,-1.731,0.81,7.704,0.23,true,false
29.267,878,simulation,197.818,294.606,197,294,194.354,305.992,1,TRACK,-0.721,1.263,-1.763,0.755,7.808,0.22,true,false
29.3,879,simulation,197.915,290.362,197,290,194.098,301.798,1,TRACK,-0.78,1.286,-1.765,0.699,8.008,0.22,true,false
29.333,880,simulation,198.041,286.024,198,285,193.949,297.581,1,TRACK,-0.838,1.307,-1.742,0.617,7.836,0.22,true,false
29.367,881,simulation,198.064,281.735,198,281,194.214,293.008,1,TRACK,-0.896,1.326,-1.75,0.566,7.697,0.23,true,false
29.4,882,simulation,198.155,277.333,197,277,194.419,288.538,1,TRACK,-0.956,1.343,-1.784,0.514,7.882,0.24,true,false
29.433,883,simulation,198.454,272.827,198,272,194.24,284.139,1,TRACK,-1.014,1.357,-1.76,0.434,7.826,0.26,true,false
29.467,884,simulation,198.658,268.365,198,268,194.484,279.449,1,TRACK,-1.073,1.37,-1.768,0.383,7.845,0.28,true,false
29.5,885,simulation,198.938,263.791,199,264,194.672,274.904,1,TRACK,-1.131,1.381,-1.748,0.331,7.976,0.26,true,false
29.533,886,simulation,199.151,259.118,199,259,195.164,270.461,1,TRACK,-1.19,1.39,-1.759,0.252,7.977,0.26,true,false
29.567,887,simulation,199.461,254.498,199,254,195.52,265.746,1,TRACK,-1.249,1.395,-1.768,0.175,7.823,0.44,true,false
29.6,888,simulation,199.863,249.92,200,250,195.783,260.848,1,TRACK,-1.307,1.4,-1.75,0.126,7.767,0.25,true,false
29.633,889,simulation,200.212,245.236,200,245,196.324,256.17,1,TRACK,-1.366,1.401,-1.761,0.049,7.668,0.27,true,false
29.667,890,simulation,200.67,240.608,201,240,196.711,251.301,1,TRACK,-1.424,1.4,-1.744,-0.027,7.354,0.28,true,false
29.7,891,simulation,201.088,236.029,201,236,197.336,246.304,1,TRACK,-1.483,1.398,-1.756,-0.074,7.276,0.27,true,false
29.733,892,simulation,201.627,231.358,201,231,197.778,241.564,1,TRACK,-1.542,1.393,-1.766,-0.151,7.22,0.28,true,false
29.767,893,simulation,202.277,226.759,202,226,198.096,236.659,1,TRACK,-1.6,1.385,-1.748,-0.227,6.952,0.25,true,false
29.8,894,simulation,202.893,222.229,202,221,198.672,231.642,1,TRACK,-1.659,1.375,-1.76,-0.301,6.623,0.23,true,false
29.833,895,simulation,203.634,217.77,203,217,199.08,226.552,1,TRACK,-1.717,1.364,-1.743,-0.348,6.455,0.22,true,false
29.867,896,simulation,204.352,213.245,204,213,199.715,221.756,1,TRACK,-1.774,1.35,-1.729,-0.399,6.432,0.22,true,false
29.9,897,simulation,205.063,208.68,205,208,200.504,217.161,1,TRACK,-1.832,1.334,-1.717,-0.478,6.215,0.23,true,false
29.933,898,simulation,205.78,204.238,205,203,201.398,212.362,1,TRACK,-1.889,1.316,-1.732,-0.556,5.913,0.22,true,false
29.967,899,simulation,206.652,199.918,206,199,202.018,207.426,1,TRACK,-1.947,1.296,-1.718,-0.605,5.732,0.22,true,false
30,900,simulation,207.526,195.579,207,195,202.796,202.741,1,TRACK,-2.003,1.274,-1.705,-0.658,5.649,0.22,true,false
30.033,901,simulation,208.412,191.247,208,191,203.679,198.228,1,TRACK,-2.06,1.25,-1.694,-0.712,5.62,0.22,true,false
30.067,902,simulation,209.32,186.944,209,186,204.634,193.833,1,TRACK,-2.116,1.224,-1.684,-0.795,5.347,0.22,true,false
30.1,903,simulation,210.257,182.829,210,182,205.636,189.177,1,TRACK,-2.172,1.195,-1.674,-0.848,5.054,0.23,true,false
30.133,904,simulation,211.228,178.757,210,179,206.67,184.687,1,TRACK,-2.228,1.166,-1.691,-0.877,5.297,0.22,true,false
30.167,905,simulation,212.38,174.607,211,174,207.383,180.654,1,TRACK,-2.284,1.134,-1.677,-0.964,5.377,0.23,true,false
30.2,906,simulation,213.554,170.704,213,171,208.218,176.247,1,TRACK,-2.339,1.101,-1.639,-0.994,5.317,0.24,true,false
30.233,907,simulation,214.617,166.754,214,166,209.48,172.273,1,TRACK,-2.393,1.065,-1.632,-1.082,4.981,0.22,true,false
30.267,908,simulation,215.741,163.079,215,163,210.687,167.908,1,TRACK,-2.447,1.028,-1.624,-1.112,4.814,0.24,true,false
30.3,909,simulation,216.924,159.385,217,159,211.857,163.964,1,TRACK,-2.5,0.989,-1.589,-1.174,4.437,0.23,true,false
30.333,910,simulation,218.024,155.852,217,156,213.343,159.964,1,TRACK,-2.554,0.948,-1.611,-1.21,4.438,0.22,true,false
30.367,911,simulation,219.347,152.35,219,152,214.359,156.269,1,TRACK,-2.606,0.906,-1.575,-1.275,4.241,0.25,true,false
30.4,912,simulation,220.582,149.051,220,148,215.739,152.441,1,TRACK,-2.659,0.861,-1.569,-1.339,3.91,0.22,true,false
30.433,913,simulation,221.896,145.962,221,145,217.024,148.522,1,TRACK,-2.711,0.815,-1.562,-1.375,3.8,0.22,true,false
30.467,914,simulation,223.285,142.949,223,143,218.242,144.884,1,TRACK,-2.762,0.769,-1.528,-1.388,3.688,0.22,true,false
30.5,915,simulation,224.605,139.902,224,139,219.758,141.781,1,TRACK,-2.812,0.72,-1.524,-1.461,3.555,0.23,true,false
30.533,916,simulation,226.019,137.151,226,137,221.133,138.357,1,TRACK,-2.862,0.671,-1.491,-1.477,3.342,0.22,true,false
30.567,917,simulation,227.378,134.408,227,134,222.753,135.4,1,TRACK,-2.912,0.62,-1.488,-1.525,3.245,0.23,true,false
30.6,918,simulation,228.841,131.856,228,132,224.197,132.418,1,TRACK,-2.961,0.569,-1.483,-1.546,3.396,0.22,true,false
30.633,919,simulation,230.398,129.368,230,129,225.521,129.761,1,TRACK,-3.01,0.515,-1.45,-1.598,3.38,0.24,true,false
30.667,920,simulation,231.903,127.119,232,127,227.105,126.984,1,TRACK,-3.057,0.461,-1.419,-1.621,3.162,0.22,true,false
30.7,921,simulation,233.374,124.975,233,124,228.864,124.468,1,TRACK,-3.104,0.406,-1.418,-1.675,3.194,0.22,true,false
30.733,922,simulation,234.964,123.108,235,122,230.4,121.786,1,TRACK,-3.15,0.349,-1.387,-1.7,3.272,0.22,true,false
30.767,923,simulation,236.52,121.382,236,121,232.126,119.334,1,TRACK,-3.196,0.292,-1.385,-1.701,3.437,0.22,true,false
30.8,924,simulation,238.197,119.682,237,119,233.637,117.38,1,TRACK,-3.242,0.234,-1.38,-1.735,3.858,0.22,true,false
30.833,925,simulation,239.984,118.195,240,118,235.002,115.423,1,TRACK,-3.286,0.176,-1.32,-1.742,3.819,0.22,true,false
30.867,926,simulation,241.59,116.795,241,117,236.952,113.806,1,TRACK,-3.331,0.118,-1.321,-1.753,3.802,0.29,true,false
30.9,927,simulation,243.334,115.515,243,115,238.614,112.419,1,TRACK,-3.374,0.058,-1.291,-1.794,3.944,0.22,true,false
30.933,928,simulation,245.061,114.527,245,114,240.422,110.846,1,TRACK,-3.416,-0.002,-1.263,-1.805,4.066,0.23,true,false
30.967,929,simulation,246.779,113.69,247,113,242.328,109.489,1,TRACK,-3.457,-0.063,-1.236,-1.82,4.181,0.22,true,false
31,930,simulation,248.497,113.033,248,112,244.3,108.277,1,TRACK,-3.498,-0.124,-1.236,-1.836,4.589,0.22,true,false
31.033,931,simulation,250.361,112.578,250,112,245.975,107.164,1,TRACK,-3.538,-0.185,-1.207,-1.827,4.861,0.23,true,false
31.067,932,simulation,252.212,112.203,252,112,247.788,106.46,1,TRACK,-3.578,-0.246,-1.178,-1.822,4.919,0.22,true,false
31.1,933,simulation,254.061,111.947,253,111,249.695,106.033,1,TRACK,-3.617,-0.307,-1.178,-1.847,5.356,0.23,true,false
31.133,934,simulation,256.056,111.981,256,111,251.323,105.451,1,TRACK,-3.654,-0.369,-1.121,-1.844,5.644,0.22,true,false
31.167,935,simulation,257.898,112.167,258,112,253.446,105.105,1,TRACK,-3.691,-0.429,-1.096,-1.817,5.582,0.24,true,false
31.2,936,simulation,259.759,112.391,260,112,255.561,105.261,1,TRACK,-3.726,-0.49,-1.071,-1.823,5.576,0.23,true,false
31.233,937,simulation,261.64,112.837,261,112,257.671,105.415,1,TRACK,-3.762,-0.551,-1.073,-1.829,5.946,0.23,true,false
31.267,938,simulation,263.683,113.518,263,113,259.433,105.567,1,TRACK,-3.797,-0.611,-1.044,-1.808,6.258,0.22,true,false
31.3,939,simulation,265.726,114.304,266,114,261.302,106.058,1,TRACK,-3.83,-0.671,-0.989,-1.791,6.272,0.22,true,false
31.333,940,simulation,267.636,115.228,267,114,263.585,106.778,1,TRACK,-3.863,-0.731,-0.992,-1.803,6.695,0.22,true,false
31.367,941,simulation,269.721,116.455,269,116,265.463,107.311,1,TRACK,-3.895,-0.79,-0.964,-1.76,6.95,0.22,true,false
31.4,942,simulation,271.815,117.703,271,117,267.409,108.4,1,TRACK,-3.926,-0.848,-0.937,-1.749,7.178,0.22,true,false
31.433,943,simulation,273.924,119.158,273,119,269.399,109.524,1,TRACK,-3.957,-0.905,-0.91,-1.713,7.264,0.23,true,false
31.467,944,simulation,276.051,120.691,275,120,271.42,111.011,1,TRACK,-3.986,-0.962,-0.884,-1.708,7.501,0.22,true,false
31.5,945,simulation,278.198,122.474,278,122,273.46,112.402,1,TRACK,-4.014,-1.018,-0.831,-1.674,7.575,0.22,true,false
31.533,946,simulation,280.225,124.371,280,124,275.856,114.069,1,TRACK,-4.041,-1.073,-0.808,-1.644,7.586,0.23,true,false
31.567,947,simulation,282.295,126.406,282,126,278.15,115.921,1,TRACK,-4.067,-1.126,-0.785,-1.616,7.662,0.22,true,false
31.6,948,simulation,284.403,128.601,284,128,280.374,117.897,1,TRACK,-4.092,-1.179,-0.76,-1.59,7.843,0.22,true,false
31.633,949,simulation,286.546,130.971,286,131,282.55,119.957,1,TRACK,-4.117,-1.231,-0.735,-1.538,7.848,0.23,true,false
31.667,950,simulation,288.719,133.387,289,133,284.693,122.414,1,TRACK,-4.14,-1.281,-0.683,-1.516,7.864,0.22,true,false
31.7,951,simulation,290.78,136.023,290,136,287.154,124.797,1,TRACK,-4.163,-1.33,-0.687,-1.468,7.937,0.22,true,false
31.733,952,simulation,293.032,138.738,293,138,289.148,127.469,1,TRACK,-4.184,-1.378,-0.633,-1.449,8.165,0.22,true,false
31.767,953,simulation,295.162,141.7,294,142,291.507,129.995,1,TRACK,-4.205,-1.424,-0.637,-1.376,8.185,0.27,true,false
31.8,954,simulation,297.477,144.621,297,144,293.43,133.104,1,TRACK,-4.224,-1.47,-0.582,-1.362,8.369,0.25,true,false
31.833,955,simulation,299.666,147.827,299,147,295.74,135.923,1,TRACK,-4.243,-1.514,-0.558,-1.318,8.671,0.24,true,false
31.867,956,simulation,301.895,151.162,302,150,297.97,138.885,1,TRACK,-4.25,-1.556,-0.506,-1.276,8.934,0.25,true,false
31.9,957,simulation,302.465,154.641,302,154,300.488,141.942,1,TRACK,-4.25,-1.597,-0.537,-1.209,8.785,0.24,true,false
31.933,958,simulation,302.056,158.131,302,157,302.175,145.405,1,TRACK,-4.25,-1.636,-0.559,-1.172,8.843,0.25,true,false
31.967,959,simulation,301.814,161.802,301,162,303.295,148.799,1,TRACK,-4.25,-1.672,-0.601,-1.082,8.612,0.25,true,false
32,960,simulation,301.742,165.37,301,164,303.688,152.829,1,TRACK,-4.25,-1.708,-0.608,-1.078,8.862,0.25,true,false
32.033,961,simulation,301.838,169.301,301,169,303.929,156.263,1,TRACK,-4.25,-1.741,-0.614,-0.988,8.842,0.24,true,false
32.067,962,simulation,302.102,173.135,302,172,304.068,160.316,1,TRACK,-4.25,-1.772,-0.591,-0.958,8.996,0.24,true,false
32.1,963,simulation,302.535,177.195,302,177,304.48,164.103,1,TRACK,-4.25,-1.801,-0.598,-0.872,8.843,0.25,true,false
32.133,964,simulation,303.135,181.182,303,180,304.735,168.392,1,TRACK,-4.25,-1.83,-0.577,-0.844,8.961,0.25,true,false
32.167,965,simulation,303.904,185.412,303,185,305.227,172.336,1,TRACK,-4.25,-1.855,-0.585,-0.759,8.853,0.26,true,false
32.2,966,simulation,304.841,189.578,304,189,305.537,176.728,1,TRACK,-4.25,-1.878,-0.564,-0.706,8.742,0.24,true,false
32.233,967,simulation,305.945,193.85,305,194,306.067,181.08,1,TRACK,-4.25,-1.899,-0.546,-0.626,8.446,0.24,true,false
32.267,968,simulation,307.216,198.082,307,198,306.747,185.746,1,TRACK,-4.25,-1.919,-0.503,-0.576,8.242,0.24,true,false
32.3,969,simulation,308.654,202.434,308,202,307.87,190.279,1,TRACK,-4.25,-1.936,-0.491,-0.524,8.262,0.26,true,false
32.333,970,simulation,310.259,206.894,310,207,308.954,194.722,1,TRACK,-4.25,-1.951,-0.452,-0.445,8.117,0.25,true,false
32.367,971,simulation,312.028,211.314,312,211,310.352,199.442,1,TRACK,-4.25,-1.964,-0.417,-0.395,8.08,0.26,true,false
32.4,972,simulation,313.964,215.848,313,215,311.964,204.007,1,TRACK,-4.25,-1.975,-0.411,-0.343,8.325,0.27,true,false
32.433,973,simulation,316.063,220.483,316,220,313.378,208.465,1,TRACK,-4.25,-1.984,-0.349,-0.264,8.353,0.54,true,false
32.467,974,simulation,318.327,225.067,318,224,315.343,213.19,1,TRACK,-4.25,-1.991,-0.32,-0.213,8.518,0.55,true,false
32.5,975,simulation,320.753,229.754,320,230,317.34,217.753,1,TRACK,-4.25,-1.995,-0.291,-0.108,8.292,0.48,true,false
32.533,976,simulation,323.342,234.243,323,234,319.357,222.888,1,TRACK,-4.25,-1.997,-0.236,-0.062,8.119,0.34,true,false
32.567,977,simulation,326.092,238.849,326,239,321.731,227.726,1,TRACK,-4.25,-1.997,-0.185,0.013,7.91,0.38,true,false
32.6,978,simulation,329.003,243.404,329,242,324.346,232.702,1,TRACK,-4.25,-1.995,-0.136,0.035,8.196,0.3,true,false
32.633,979,simulation,332.074,248.195,332,247,327.125,237.086,1,TRACK,-4.25,-1.992,-0.089,0.116,8.465,0.29,true,false
32.667,980,simulation,335.303,252.894,335,253,330.014,241.749,1,TRACK,-4.25,-1.984,-0.044,0.221,8.217,0.35,true,false
32.7,981,simulation,338.689,257.37,338,256,332.978,246.944,1,TRACK,-4.25,-1.976,0.001,0.24,8.419,0.27,true,false
32.733,982,simulation,342.225,262.071,342,261,335.991,251.472,1,TRACK,-4.248,-1.966,0.072,0.32,8.527,0.25,true,false
32.767,983,simulation,345.538,266.665,345,266,339.379,256.228,1,TRACK,-4.244,-1.952,0.113,0.397,8.343,0.24,true,false
32.8,984,simulation,348.79,271.157,348,270,342.679,261.139,1,TRACK,-4.239,-1.937,0.154,0.447,8.273,0.24,true,false
32.833,985,simulation,351.973,275.689,351,275,345.918,265.811,1,TRACK,-4.232,-1.92,0.196,0.525,8.074,0.24,true,false
32.867,986,simulation,355.083,280.095,354,279,349.115,270.661,1,TRACK,-4.224,-1.901,0.239,0.576,7.929,0.24,true,false
32.9,987,simulation,358.115,284.517,358,284,352.283,275.289,1,TRACK,-4.214,-1.879,0.309,0.655,7.429,0.25,true,false
32.933,988,simulation,360.923,288.79,360,289,355.771,280.106,1,TRACK,-4.203,-1.854,0.322,0.733,6.82,0.23,true,false
32.967,989,simulation,363.809,292.914,363,293,358.793,285.05,1,TRACK,-4.191,-1.828,0.367,0.783,6.33,0.24,true,false
33,990,simulation,366.6,297.028,367,297,361.839,289.738,1,TRACK,-4.176,-1.801,0.439,0.835,5.727,0.47,true,false
33.033,991,simulation,369.154,301.104,368,301,365.242,294.249,1,TRACK,-4.162,-1.771,0.427,0.89,5.48,0.26,true,false
33.067,992,simulation,371.915,305.12,371,304,367.862,298.639,1,TRACK,-4.146,-1.74,0.477,0.92,5.565,0.23,true,false
33.1,993,simulation,374.551,309.198,374,308,370.632,302.604,1,TRACK,-4.129,-1.707,0.525,0.982,5.541,0.24,true,false
33.133,994,simulation,377.068,313.158,377,312,373.504,306.62,1,TRACK,-4.11,-1.673,0.573,1.043,5.306,0.23,true,false
33.167,995,simulation,379.47,316.991,379,317,376.445,310.671,1,TRACK,-4.09,-1.635,0.593,1.13,4.727,0.23,true,false
33.2,996,simulation,381.901,320.544,381,320,379.09,315.087,1,TRACK,-4.069,-1.596,0.616,1.16,4.386,0.22,true,false
33.233,997,simulation,384.34,324.109,384,323,381.533,319.066,1,TRACK,-4.047,-1.557,0.669,1.195,4.219,0.23,true,false
33.267,998,simulation,386.631,327.646,387,327,384.181,322.746,1,TRACK,-4.023,-1.515,0.719,1.261,3.788,0.23,true,false
33.3,999,simulation,388.784,330.983,389,330,386.968,326.565,1,TRACK,-3.998,-1.471,0.741,1.298,3.459,0.22,true,false
33.333,1000,simulation,390.946,334.255,391,333,389.506,330.135,1,TRACK,-3.973,-1.427,0.767,1.339,3.297,0.22,true,false
33.367,1001,simulation,393.101,337.433,393,337,391.876,333.535,1,TRACK,-3.946,-1.38,0.794,1.408,2.866,0.22,true,false
33.4,1002,simulation,395.234,340.351,394,340,394.13,337.163,1,TRACK,-3.92,-1.331,0.796,1.448,2.516,0.22,true,false
33.433,1003,simulation,397.479,343.151,397,343,395.963,340.601,1,TRACK,-3.891,-1.282,0.856,1.49,2.102,0.22,true,false
33.467,1004,simulation,399.524,345.806,399,345,398.194,343.91,1,TRACK,-3.862,-1.232,0.885,1.507,1.862,0.22,true,false
33.5,1005,simulation,401.532,348.436,401,348,400.354,346.789,1,TRACK,-3.831,-1.18,0.915,1.556,1.57,0.23,true,false
33.533,1006,simulation,403.495,350.859,403,351,402.465,349.717,1,TRACK,-3.8,-1.126,0.946,1.605,1.109,0.23,true,false
33.567,1007,simulation,405.408,353.063,405,352,404.543,352.679,1,TRACK,-3.767,-1.073,0.977,1.6,0.938,0.23,true,false
33.6,1008,simulation,407.267,355.318,407,355,406.599,354.979,1,TRACK,-3.733,-1.018,1.009,1.655,0.629,0.22,true,false
33.633,1009,simulation,409.067,357.288,408,357,408.638,357.514,1,TRACK,-3.7,-0.962,1.014,1.682,0.644,0.25,true,false
33.667,1010,simulation,410.946,359.112,411,359,410.325,359.865,1,TRACK,-3.664,-0.905,1.076,1.711,0.609,0.24,true,false
33.7,1011,simulation,412.596,360.766,412,361,412.457,362.093,1,TRACK,-3.628,-0.847,1.081,1.742,1.005,0.27,true,false
33.733,1012,simulation,414.325,362.226,413,361,414.206,364.236,1,TRACK,-3.591,-0.789,1.09,1.72,1.063,0.24,true,false
33.767,1013,simulation,416.107,363.758,416,363,415.695,365.637,1,TRACK,-3.553,-0.731,1.155,1.76,1.043,0.25,true,false
33.8,1014,simulation,417.639,365.018,417,365,417.693,367.22,1,TRACK,-3.514,-0.671,1.161,1.798,1.469,0.25,true,false
33.833,1015,simulation,419.233,366.002,418,365,419.351,368.925,1,TRACK,-3.475,-0.611,1.171,1.782,1.643,0.25,true,false
33.867,1016,simulation,420.865,366.988,420,367,420.779,370.03,1,TRACK,-3.435,-0.55,1.21,1.826,2.057,0.25,true,false
33.9,1017,simulation,422.377,367.641,422,367,422.393,371.413,1,TRACK,-3.393,-0.49,1.248,1.813,2.297,0.25,true,false
33.933,1018,simulation,423.777,368.248,423,367,424.133,372.299,1,TRACK,-3.351,-0.43,1.257,1.807,2.277,0.24,true,false
33.967,1019,simulation,425.21,368.765,424,369,425.616,372.849,1,TRACK,-3.309,-0.368,1.27,1.857,2.799,0.25,true,false
34,1020,simulation,426.659,368.874,426,369,426.926,373.856,1,TRACK,-3.265,-0.306,1.311,1.849,3.356,0.25,true,false
34.033,1021,simulation,427.968,368.873,427,368,428.46,374.49,1,TRACK,-3.221,-0.246,1.323,1.819,3.443,0.26,true,false
34.067,1022,simulation,429.29,368.869,428,368,429.804,374.528,1,TRACK,-3.177,-0.185,1.337,1.822,3.474,0.25,true,false
34.1,1023,simulation,430.608,368.669,430,369,431.02,374.505,1,TRACK,-3.131,-0.123,1.38,1.853,3.993,0.25,true,false
34.133,1024,simulation,431.771,368.117,431,368,432.491,374.783,1,TRACK,-3.084,-0.062,1.393,1.827,4.4,0.27,true,false
34.167,1025,simulation,432.934,367.501,432,367,433.793,374.583,1,TRACK,-3.037,-0.002,1.408,1.806,4.55,0.24,true,false
34.2,1026,simulation,434.081,366.781,434,366,434.98,374.059,1,TRACK,-2.989,0.058,1.451,1.79,4.614,0.25,true,false
34.233,1027,simulation,435.062,365.925,434,366,436.432,373.315,1,TRACK,-2.941,0.118,1.438,1.802,4.972,0.24,true,false
34.267,1028,simulation,436.172,364.766,436,364,437.38,372.766,1,TRACK,-2.892,0.176,1.484,1.759,5.119,0.24,true,false
34.3,1029,simulation,437.095,363.588,437,363,438.67,371.666,1,TRACK,-2.842,0.235,1.499,1.749,5.274,0.25,true,false
34.333,1030,simulation,437.989,362.206,438,361,439.851,370.534,1,TRACK,-2.791,0.292,1.516,1.713,5.284,0.25,true,false
34.367,1031,simulation,438.845,360.748,439,360,440.957,369.041,1,TRACK,-2.74,0.349,1.534,1.707,5.463,0.25,true,false
34.4,1032,simulation,439.654,359.042,439,358,442.013,367.646,1,TRACK,-2.689,0.405,1.525,1.674,5.54,0.29,true,false
34.433,1033,simulation,440.553,357.225,440,356,442.693,365.976,1,TRACK,-2.638,0.459,1.548,1.644,5.55,0.24,true,false
34.467,1034,simulation,441.373,355.272,441,355,443.46,364.122,1,TRACK,-2.585,0.514,1.57,1.643,5.931,0.25,true,false
34.5,1035,simulation,442.116,353.019,442,353,444.287,362.485,1,TRACK,-2.532,0.568,1.591,1.612,6.444,0.25,true,false
34.533,1036,simulation,442.783,350.614,442,350,445.154,360.657,1,TRACK,-2.479,0.62,1.585,1.557,6.605,0.24,true,false
34.567,1037,simulation,443.515,348.18,443,348,445.708,358.356,1,TRACK,-2.426,0.671,1.61,1.535,6.831,0.25,true,false
34.6,1038,simulation,444.147,345.537,444,345,446.391,356.08,1,TRACK,-2.371,0.72,1.633,1.485,6.983,0.25,true,false
34.633,1039,simulation,444.684,342.822,444,343,447.162,353.478,1,TRACK,-2.317,0.769,1.628,1.465,7.286,0.25,true,false
34.667,1040,simulation,445.27,339.867,445,339,447.652,351,1,TRACK,-2.262,0.816,1.654,1.391,7.269,0.24,true,false
34.7,1041,simulation,445.742,336.957,445,336,448.293,347.923,1,TRACK,-2.207,0.861,1.651,1.351,7.121,0.24,true,false
34.733,1042,simulation,446.249,333.908,446,333,448.694,344.783,1,TRACK,-2.151,0.904,1.677,1.311,7.098,0.24,true,false
34.767,1043,simulation,446.63,330.711,446,330,449.276,341.602,1,TRACK,-2.095,0.947,1.675,1.271,7.175,0.24,true,false
34.8,1044,simulation,447.035,327.359,446,327,449.639,338.395,1,TRACK,-2.039,0.988,1.676,1.232,7.352,0.23,true,false
34.833,1045,simulation,447.447,323.845,447,323,449.853,335.173,1,TRACK,-1.982,1.027,1.704,1.166,7.394,0.23,true,false
34.867,1046,simulation,447.713,320.308,447,320,450.309,331.6,1,TRACK,-1.926,1.064,1.704,1.131,7.555,0.23,true,false
34.9,1047,simulation,447.985,316.581,447,316,450.588,328.132,1,TRACK,-1.869,1.1,1.705,1.067,7.618,0.23,true,false
34.933,1048,simulation,448.249,312.809,448,312,450.746,324.396,1,TRACK,-1.811,1.133,1.735,1.007,7.601,0.23,true,false
34.967,1049,simulation,448.353,308.974,448,309,451.166,320.479,1,TRACK,-1.753,1.166,1.735,0.976,7.858,0.24,true,false
35,1050,simulation,448.452,304.922,447,304,451.422,316.784,1,TRACK,-1.696,1.196,1.71,0.888,7.725,0.27,true,false
35.033,1051,simulation,448.673,300.948,448,301,451.224,312.556,1,TRACK,-1.638,1.224,1.744,0.86,7.877,0.3,true,false
35.067,1052,simulation,448.703,296.736,448,296,451.404,308.654,1,TRACK,-1.58,1.25,1.747,0.775,7.837,0.28,true,false
35.1,1053,simulation,448.703,292.589,448,292,451.498,304.29,1,TRACK,-1.521,1.274,1.751,0.722,7.756,0.27,true,false
35.133,1054,simulation,448.665,288.339,448,288,451.534,299.956,1,TRACK,-1.463,1.296,1.756,0.668,7.797,0.27,true,false
35.167,1055,simulation,448.581,283.987,448,284,451.532,295.645,1,TRACK,-1.404,1.317,1.761,0.614,7.957,0.39,true,false
35.2,1056,simulation,448.447,279.537,448,279,451.505,291.351,1,TRACK,-1.345,1.335,1.766,0.533,7.906,0.28,true,false
35.233,1057,simulation,448.257,275.133,448,274,451.46,286.729,1,TRACK,-1.286,1.35,1.772,0.455,7.613,0.27,true,false
35.267,1058,simulation,448.007,270.759,448,270,451.405,281.886,1,TRACK,-1.227,1.363,1.777,0.407,7.494,0.28,true,false
35.3,1059,simulation,447.694,266.262,447,266,451.343,277.236,1,TRACK,-1.168,1.375,1.757,0.356,7.538,0.28,true,false
35.333,1060,simulation,447.456,261.658,447,261,450.934,272.721,1,TRACK,-1.109,1.385,1.767,0.277,7.458,0.26,true,false
35.367,1061,simulation,447.126,257.1,447,256,450.633,267.956,1,TRACK,-1.05,1.391,1.775,0.201,7.224,0.25,true,false
35.4,1062,simulation,446.709,252.578,446,252,450.406,263.023,1,TRACK,-0.992,1.396,1.757,0.153,7.109,0.25,true,false
35.433,1063,simulation,446.348,247.945,446,248,449.887,258.321,1,TRACK,-0.933,1.4,1.768,0.103,7.272,0.24,true,false
35.467,1064,simulation,445.879,243.221,445,243,449.513,253.777,1,TRACK,-0.874,1.401,1.751,0.023,7.263,0.24,true,false
35.5,1065,simulation,445.451,238.563,445,238,448.896,249,1,TRACK,-0.816,1.399,1.763,-0.053,7.083,0.25,true,false
35.533,1066,simulation,444.904,233.964,445,233,448.456,244.066,1,TRACK,-0.757,1.394,1.774,-0.128,6.829,0.26,true,false
35.567,1067,simulation,444.246,229.422,444,229,448.138,239.028,1,TRACK,-0.698,1.389,1.756,-0.175,6.732,0.24,true,false
35.6,1068,simulation,443.622,224.794,443,224,447.561,234.263,1,TRACK,-0.64,1.38,1.741,-0.253,6.496,0.24,true,false
35.633,1069,simulation,443.015,220.249,442,220,446.808,229.343,1,TRACK,-0.582,1.37,1.729,-0.302,6.352,0.25,true,false
35.667,1070,simulation,442.411,215.642,442,215,445.936,224.661,1,TRACK,-0.524,1.357,1.744,-0.38,6.19,0.25,true,false
35.7,1071,simulation,441.658,211.14,441,211,445.328,219.801,1,TRACK,-0.467,1.343,1.73,-0.43,6.129,0.24,true,false
35.733,1072,simulation,440.912,206.598,441,206,444.556,215.163,1,TRACK,-0.408,1.326,1.744,-0.509,6.019,0.25,true,false
35.767,1073,simulation,440.016,202.182,439,202,444.016,210.336,1,TRACK,-0.352,1.308,1.702,-0.559,5.842,0.24,true,false
35.8,1074,simulation,439.267,197.749,438,197,442.949,205.724,1,TRACK,-0.295,1.286,1.693,-0.639,5.444,0.24,true,false
35.833,1075,simulation,438.488,193.462,438,193,441.868,200.917,1,TRACK,-0.238,1.263,1.711,-0.69,5.236,0.31,true,false
35.867,1076,simulation,437.533,189.181,437,189,441.121,196.321,1,TRACK,-0.182,1.238,1.698,-0.744,5.182,0.24,true,false
35.9,1077,simulation,436.563,184.928,436,185,440.258,191.87,1,TRACK,-0.125,1.212,1.687,-0.799,5.166,0.24,true,false
35.933,1078,simulation,435.566,180.724,435,180,439.317,187.519,1,TRACK,-0.069,1.182,1.677,-0.883,4.859,0.24,true,false
35.967,1079,simulation,434.537,176.728,434,176,438.325,182.895,1,TRACK,-0.014,1.151,1.667,-0.936,4.511,0.24,true,false
36,1080,simulation,433.469,172.795,433,172,437.297,178.429,1,TRACK,0.041,1.118,1.657,-0.992,4.221,0.25,true,false
36.033,1081,simulation,432.358,168.946,431,168,436.247,174.071,1,TRACK,0.095,1.083,1.621,-1.049,3.755,0.24,true,false
36.067,1082,simulation,431.342,165.2,431,165,434.84,169.787,1,TRACK,0.15,1.047,1.643,-1.081,3.714,2.79,true,false
36.1,1083,simulation,430.113,161.433,430,160,433.875,165.898,1,TRACK,0.205,1.008,1.633,-1.17,3.503,0.27,true,false
36.133,1084,simulation,428.837,157.966,428,158,432.87,161.593,1,TRACK,0.258,0.969,1.596,-1.175,3.412,0.24,true,false
36.167,1085,simulation,427.651,154.361,427,154,431.495,158.033,1,TRACK,0.311,0.928,1.591,-1.242,3.295,0.23,true,false
36.2,1086,simulation,426.39,150.961,426,151,430.213,154.296,1,TRACK,0.364,0.885,1.584,-1.28,3.286,0.24,true,false
36.233,1087,simulation,425.055,147.627,425,147,428.993,150.781,1,TRACK,0.416,0.84,1.577,-1.348,3.214,0.24,true,false
36.267,1088,simulation,423.649,144.527,423,144,427.818,147.075,1,TRACK,0.468,0.794,1.542,-1.386,2.972,0.22,true,false
36.3,1089,simulation,422.314,141.524,422,141,426.33,143.583,1,TRACK,0.519,0.746,1.538,-1.428,2.83,0.23,true,false
36.333,1090,simulation,420.888,138.644,420,139,424.974,140.236,1,TRACK,0.569,0.698,1.505,-1.445,2.692,0.26,true,false
36.367,1091,simulation,419.517,135.768,419,135,423.365,137.332,1,TRACK,0.619,0.647,1.502,-1.52,2.511,0.26,true,false
36.4,1092,simulation,418.043,133.221,418,132,421.927,134.043,1,TRACK,0.669,0.595,1.497,-1.564,2.572,0.36,true,false
36.433,1093,simulation,416.474,130.854,416,131,420.607,130.835,1,TRACK,0.718,0.543,1.464,-1.556,2.59,0.23,true,false
36.467,1094,simulation,414.958,128.4,414,128,419.025,128.368,1,TRACK,0.766,0.49,1.434,-1.61,2.389,0.24,true,false
36.5,1095,simulation,413.476,126.205,413,126,417.265,125.72,1,TRACK,0.813,0.435,1.433,-1.635,2.393,0.26,true,false
36.533,1096,simulation,411.874,124.129,412,123,415.728,123.291,1,TRACK,0.861,0.379,1.429,-1.69,2.768,0.28,true,false
36.567,1097,simulation,410.164,122.342,409,121,414.343,120.669,1,TRACK,0.907,0.322,1.37,-1.716,2.855,0.28,true,false
36.6,1098,simulation,408.637,120.706,408,121,412.378,118.257,1,TRACK,0.952,0.265,1.371,-1.691,2.741,0.26,true,false
36.633,1099,simulation,406.973,118.964,407,119,410.703,116.674,1,TRACK,0.998,0.208,1.368,-1.729,2.913,0.26,true,false
36.667,1100,simulation,405.186,117.465,404,117,409.227,114.968,1,TRACK,1.042,0.149,1.31,-1.765,2.923,0.26,true,false
36.7,1101,simulation,403.573,116.215,403,116,407.201,113.179,1,TRACK,1.085,0.09,1.311,-1.774,3.051,0.23,true,false
36.733,1102,simulation,401.813,115.083,401,115,405.488,111.675,1,TRACK,1.128,0.03,1.282,-1.787,3.159,0.22,true,false
36.767,1103,simulation,400.067,114.099,400,113,403.645,110.365,1,TRACK,1.171,-0.031,1.282,-1.828,3.7,0.22,true,false
36.8,1104,simulation,398.183,113.432,398,113,402.057,108.843,1,TRACK,1.212,-0.091,1.251,-1.814,4.068,0.22,true,false
36.833,1105,simulation,396.317,112.799,396,113,400.301,107.862,1,TRACK,1.253,-0.152,1.223,-1.807,4.101,0.22,true,false
36.867,1106,simulation,394.458,112.247,393,112,398.432,107.248,1,TRACK,1.292,-0.213,1.169,-1.83,4.031,0.22,true,false
36.9,1107,simulation,392.74,111.953,392,111,396.143,106.54,1,TRACK,1.331,-0.274,1.173,-1.852,4.407,0.23,true,false
36.933,1108,simulation,390.851,111.925,390,112,394.255,105.767,1,TRACK,1.369,-0.335,1.146,-1.82,4.526,0.22,true,false
36.967,1109,simulation,388.958,111.89,389,112,392.298,105.635,1,TRACK,1.408,-0.396,1.146,-1.822,4.69,0.22,true,false
37,1110,simulation,386.913,112.039,387,111,390.637,105.594,1,TRACK,1.445,-0.457,1.116,-1.852,5.269,0.22,true,false
37.033,1111,simulation,384.875,112.535,385,112,388.835,105.272,1,TRACK,1.481,-0.518,1.088,-1.825,5.68,0.22,true,false
37.067,1112,simulation,382.834,113.088,382,113,386.938,105.443,1,TRACK,1.516,-0.578,1.034,-1.805,5.671,0.24,true,false
37.1,1113,simulation,380.925,113.741,381,114,384.635,105.948,1,TRACK,1.55,-0.638,1.038,-1.788,5.673,0.22,true,false
37.133,1114,simulation,378.84,114.525,378,114,382.742,106.679,1,TRACK,1.583,-0.698,0.984,-1.8,5.87,0.29,true,false
37.167,1115,simulation,376.886,115.608,377,115,380.442,107.219,1,TRACK,1.616,-0.757,0.987,-1.783,6.263,0.42,true,false
37.2,1116,simulation,374.753,116.849,374,116,378.552,107.971,1,TRACK,1.647,-0.816,0.933,-1.769,6.593,0.43,true,false
37.233,1117,simulation,372.751,118.269,372,118,376.257,108.866,1,TRACK,1.677,-0.874,0.91,-1.73,6.677,0.45,true,false
37.267,1118,simulation,370.712,119.748,371,119,374.029,110.199,1,TRACK,1.708,-0.931,0.913,-1.723,6.992,0.29,true,false
37.3,1119,simulation,368.497,121.464,368,121,372.189,111.486,1,TRACK,1.736,-0.988,0.858,-1.689,7.167,0.27,true,false
37.333,1120,simulation,366.413,123.281,366,123,369.93,113.083,1,TRACK,1.764,-1.043,0.834,-1.658,7.22,0.26,true,false
37.367,1121,simulation,364.293,125.228,364,125,367.728,114.889,1,TRACK,1.791,-1.097,0.81,-1.629,7.289,0.26,true,false
37.4,1122,simulation,362.139,127.327,361,127,365.566,116.835,1,TRACK,1.816,-1.151,0.758,-1.602,7.338,0.27,true,false
37.433,1123,simulation,360.096,129.595,359,129,363.089,118.874,1,TRACK,1.841,-1.203,0.737,-1.577,7.507,0.26,true,false
37.467,1124,simulation,358.002,132.045,357,132,360.742,120.976,1,TRACK,1.865,-1.254,0.714,-1.525,7.525,0.32,true,false
37.5,1125,simulation,355.866,134.548,356,134,358.483,123.461,1,TRACK,1.889,-1.304,0.716,-1.504,7.765,0.27,true,false
37.533,1126,simulation,353.55,137.275,353,137,356.627,125.862,1,TRACK,1.911,-1.353,0.661,-1.456,7.905,0.25,true,false
37.567,1127,simulation,351.362,140.086,351,139,354.361,128.546,1,TRACK,1.932,-1.401,0.637,-1.437,8.254,0.24,true,false
37.6,1128,simulation,349.136,143.147,349,143,352.159,131.079,1,TRACK,1.952,-1.446,0.612,-1.364,8.311,0.24,true,false
37.633,1129,simulation,346.876,146.171,347,145,350.002,134.192,1,TRACK,1.972,-1.491,0.586,-1.35,8.624,0.24,true,false
37.667,1130,simulation,344.584,149.482,345,149,347.874,137.013,1,TRACK,1.99,-1.534,0.56,-1.28,8.769,0.25,true,false
37.7,1131,simulation,342.263,152.783,342,152,345.768,140.318,1,TRACK,2.007,-1.575,0.508,-1.242,8.842,0.33,true,false
37.733,1132,simulation,340.055,156.25,340,156,343.335,143.608,1,TRACK,2.024,-1.614,0.485,-1.177,8.764,0.28,true,false
37.767,1133,simulation,337.8,159.745,337,159,341.022,147.228,1,TRACK,2.038,-1.652,0.434,-1.142,8.777,0.29,true,false
37.8,1134,simulation,335.646,163.431,335,163,338.448,150.727,1,TRACK,2.052,-1.688,0.413,-1.079,8.75,0.25,true,false
37.833,1135,simulation,333.437,167.163,333,167,336.042,154.486,1,TRACK,2.065,-1.722,0.39,-1.019,8.633,0.25,true,false
37.867,1136,simulation,331.183,170.96,331,171,333.748,158.419,1,TRACK,2.077,-1.754,0.365,-0.961,8.488,0.23,true,false
37.9,1137,simulation,328.892,174.832,329,175,331.533,162.468,1,TRACK,2.088,-1.785,0.34,-0.905,8.362,0.23,true,false
37.933,1138,simulation,326.568,178.789,326,179,329.371,166.594,1,TRACK,2.098,-1.813,0.287,-0.849,8.213,0.24,true,false
37.967,1139,simulation,324.358,182.836,324,182,326.903,170.77,1,TRACK,2.107,-1.84,0.264,-0.82,8.452,0.23,true,false
38,1140,simulation,322.102,187.117,322,186,324.57,174.636,1,TRACK,2.115,-1.866,0.24,-0.761,8.823,0.25,true,false
38.033,1141,simulation,319.809,191.473,320,190,322.33,178.631,1,TRACK,2.122,-1.889,0.214,-0.703,9.201,0.22,true,false
38.067,1142,simulation,317.485,195.91,317,195,320.152,182.712,1,TRACK,2.127,-1.91,0.161,-0.62,9.224,0.22,true,false
38.1,1143,simulation,315.276,200.29,315,200,317.676,187.193,1,TRACK,2.132,-1.928,0.138,-0.541,8.935,0.23,true,false
38.133,1144,simulation,313.025,204.635,313,204,315.339,191.943,1,TRACK,2.135,-1.944,0.113,-0.492,8.789,0.22,true,false
38.167,1145,simulation,310.739,209.102,310,209,313.098,196.531,1,TRACK,2.138,-1.958,0.061,-0.414,8.498,0.22,true,false
38.2,1146,simulation,308.568,213.534,308,213,310.579,201.351,1,TRACK,2.139,-1.97,0.038,-0.365,8.361,0.23,true,false
38.233,1147,simulation,306.354,218.086,306,217,308.215,205.982,1,TRACK,2.139,-1.981,0.013,-0.314,8.488,0.23,true,false
38.267,1148,simulation,304.108,222.741,304,222,305.957,210.484,1,TRACK,2.139,-1.988,-0.013,-0.235,8.484,0.22,true,false
38.3,1149,simulation,301.838,227.345,302,227,303.77,215.239,1,TRACK,2.137,-1.994,-0.04,-0.158,8.277,0.22,true,false
38.333,1150,simulation,299.548,231.91,299,231,301.633,220.163,1,TRACK,2.134,-1.997,-0.094,-0.11,8.206,0.22,true,false
38.367,1151,simulation,297.386,236.58,297,237,299.187,224.859,1,TRACK,2.13,-1.998,-0.118,-0.006,7.729,0.23,true,false
38.4,1152,simulation,295.191,241.053,295,241,296.874,230.081,1,TRACK,2.126,-1.996,-0.144,0.038,7.391,0.23,true,false
38.433,1153,simulation,292.974,245.638,293,245,294.652,234.976,1,TRACK,2.12,-1.993,-0.171,0.087,7.391,0.25,true,false
38.467,1154,simulation,290.741,250.308,290,250,292.492,239.645,1,TRACK,2.112,-1.988,-0.225,0.165,7.253,0.26,true,false
38.5,1155,simulation,288.64,254.901,288,254,290.033,244.503,1,TRACK,2.104,-1.981,-0.25,0.215,7.253,0.24,true,false
38.533,1156,simulation,286.511,259.561,286,259,287.712,249.144,1,TRACK,2.095,-1.971,-0.276,0.293,7.144,0.24,true,false
38.567,1157,simulation,284.366,264.126,284,263,285.485,253.978,1,TRACK,2.085,-1.96,-0.303,0.343,7.153,0.24,true,false
38.6,1158,simulation,282.212,268.74,281,269,283.324,258.6,1,TRACK,2.073,-1.945,-0.358,0.449,6.665,0.25,true,false
38.633,1159,simulation,280.195,273.098,279,272,280.864,263.761,1,TRACK,2.06,-1.929,-0.383,0.469,6.578,0.24,true,false
38.667,1160,simulation,278.159,277.649,277,278,278.545,268.26,1,TRACK,2.046,-1.91,-0.409,0.577,6.128,0.25,true,false
38.7,1161,simulation,276.113,281.916,276,282,276.321,273.334,1,TRACK,2.033,-1.889,-0.41,0.624,5.681,0.27,true,false
38.733,1162,simulation,273.923,286.208,274,285,274.504,278.113,1,TRACK,2.018,-1.867,-0.443,0.649,5.803,0.24,true,false
38.767,1163,simulation,271.757,290.639,271,290,272.622,282.347,1,TRACK,2.001,-1.843,-0.501,0.733,5.738,0.25,true,false
38.8,1164,simulation,269.756,294.88,269,295,270.354,286.895,1,TRACK,1.984,-1.816,-0.528,0.814,5.273,0.26,true,false
38.833,1165,simulation,267.757,298.94,268,299,268.166,291.654,1,TRACK,1.966,-1.787,-0.53,0.866,4.838,0.28,true,false
38.867,1166,simulation,265.623,302.96,265,303,266.374,296.214,1,TRACK,1.946,-1.756,-0.59,0.921,4.483,0.27,true,false
38.9,1167,simulation,263.666,306.918,264,306,264.167,300.637,1,TRACK,1.927,-1.724,-0.592,0.95,4.507,0.25,true,false
38.933,1168,simulation,261.578,310.935,261,311,262.364,304.624,1,TRACK,1.905,-1.69,-0.651,1.038,4.189,0.25,true,false
38.967,1169,simulation,259.669,314.687,259,314,260.149,308.997,1,TRACK,1.882,-1.654,-0.68,1.069,4.016,0.25,true,false
39,1170,simulation,257.777,318.469,257,318,257.998,312.947,1,TRACK,1.859,-1.616,-0.709,1.131,3.831,0.24,true,false
39.033,1171,simulation,255.905,322.1,256,322,255.89,316.952,1,TRACK,1.835,-1.577,-0.713,1.192,3.458,0.31,true,false
39.067,1172,simulation,253.918,325.571,253,325,254.154,320.993,1,TRACK,1.809,-1.536,-0.774,1.227,3.24,0.25,true,false
39.1,1173,simulation,252.124,329.012,252,329,251.986,324.715,1,TRACK,1.783,-1.493,-0.776,1.292,2.865,0.25,true,false
39.133,1174,simulation,250.216,332.248,250,332,250.209,328.562,1,TRACK,1.756,-1.448,-0.81,1.329,2.536,0.25,true,false
39.167,1175,simulation,248.362,335.414,248,335,248.356,332.151,1,TRACK,1.728,-1.403,-0.844,1.369,2.312,0.24,true,false
39.2,1176,simulation,246.559,338.481,247,338,246.451,335.564,1,TRACK,1.7,-1.356,-0.85,1.411,2.103,0.24,true,false
39.233,1177,simulation,244.666,341.424,244,341,244.853,338.857,1,TRACK,1.669,-1.307,-0.913,1.455,1.853,0.24,true,false
39.267,1178,simulation,242.987,344.222,243,344,242.779,342.067,1,TRACK,1.639,-1.257,-0.917,1.5,1.513,0.25,true,false
39.3,1179,simulation,241.211,346.854,241,346,241.067,345.222,1,TRACK,1.607,-1.207,-0.952,1.519,1.382,0.25,true,false
39.333,1180,simulation,239.507,349.446,239,349,239.258,347.995,1,TRACK,1.574,-1.154,-0.986,1.57,1.163,0.25,true,false
39.367,1181,simulation,237.869,351.816,237,352,237.383,350.852,1,TRACK,1.54,-1.1,-1.02,1.619,0.845,0.24,true,false
39.4,1182,simulation,236.298,353.957,236,353,235.463,353.766,1,TRACK,1.506,-1.047,-1.027,1.615,0.793,0.24,true,false
39.433,1183,simulation,234.651,356.139,234,355,233.855,356.033,1,TRACK,1.47,-0.992,-1.063,1.644,0.874,0.24,true,false
39.467,1184,simulation,233.092,358.169,233,358,232.117,358.202,1,TRACK,1.435,-0.935,-1.072,1.702,0.68,0.25,true,false
39.5,1185,simulation,231.474,359.882,231,360,230.633,360.649,1,TRACK,1.398,-0.877,-1.11,1.73,0.904,0.25,true,false
39.533,1186,simulation,229.957,361.424,229,361,228.979,362.941,1,TRACK,1.36,-0.82,-1.147,1.733,1.302,0.24,true,false
39.567,1187,simulation,228.533,362.912,228,362,227.209,364.786,1,TRACK,1.321,-0.762,-1.156,1.741,1.417,0.24,true,false
39.6,1188,simulation,227.057,364.304,227,364,225.702,366.327,1,TRACK,1.282,-0.702,-1.167,1.78,1.547,0.24,true,false
39.633,1189,simulation,225.548,365.426,225,365,224.376,368.004,1,TRACK,1.242,-0.642,-1.208,1.791,1.844,0.24,true,false
39.667,1190,simulation,224.161,366.413,223,366,222.828,369.433,1,TRACK,1.2,-0.582,-1.246,1.804,2.263,0.24,true,false
39.7,1191,simulation,222.886,367.237,222,367,221.13,370.692,1,TRACK,1.158,-0.522,-1.256,1.82,2.658,0.24,true,false
39.733,1192,simulation,221.575,367.872,221,367,219.672,371.837,1,TRACK,1.116,-0.461,-1.268,1.81,2.761,0.25,true,false
39.767,1193,simulation,220.245,368.441,219,368,218.378,372.562,1,TRACK,1.073,-0.4,-1.31,1.832,3.079,0.24,true,false
39.8,1194,simulation,219.052,368.761,218,368,216.851,373.346,1,TRACK,1.028,-0.339,-1.322,1.826,3.332,0.25,true,false
39.833,1195,simulation,217.843,368.966,217,368,215.51,373.827,1,TRACK,0.984,-0.279,-1.336,1.824,3.439,0.25,true,false
39.867,1196,simulation,216.631,369.022,217,369,214.294,374.104,1,TRACK,0.94,-0.217,-1.325,1.851,3.663,0.25,true,false
39.9,1197,simulation,215.286,368.763,215,369,213.506,374.585,1,TRACK,0.894,-0.155,-1.372,1.85,4.153,0.24,true,false
39.933,1198,simulation,214.12,368.331,214,368,212.322,374.863,1,TRACK,0.848,-0.094,-1.388,1.824,4.411,0.24,true,false
39.967,1199,simulation,212.972,367.841,212,367,211.213,374.662,1,TRACK,0.8,-0.034,-1.432,1.803,4.51,0.25,true,false
40,1200,simulation,211.989,367.253,211,367,209.811,374.137,1,TRACK,0.752,0.026,-1.446,1.813,4.833,0.25,true,false
40.033,1201,simulation,211.017,366.394,211,366,208.553,373.734,1,TRACK,0.704,0.086,-1.435,1.795,5.027,0.24,true,false
40.067,1202,simulation,209.925,365.4,209,365,207.734,373.074,1,TRACK,0.655,0.145,-1.482,1.78,5.274,0.25,true,false
40.1,1203,simulation,209.027,364.246,208,364,206.529,372.239,1,TRACK,0.605,0.204,-1.499,1.767,5.605,0.25,true,false
40.133,1204,simulation,208.16,362.908,207,362,205.404,371.288,1,TRACK,0.554,0.262,-1.516,1.728,5.719,0.25,true,false
40.167,1205,simulation,207.333,361.512,206,361,204.332,369.917,1,TRACK,0.503,0.319,-1.534,1.721,5.943,0.27,true,false
40.2,1206,simulation,206.552,359.88,207,359,203.297,368.603,1,TRACK,0.453,0.375,-1.5,1.687,5.864,0.29,true,false
40.233,1207,simulation,205.539,358.147,206,358,202.971,366.989,1,TRACK,0.402,0.431,-1.526,1.683,6.035,0.32,true,false
40.267,1208,simulation,204.624,356.143,204,356,202.442,365.513,1,TRACK,0.349,0.486,-1.577,1.651,6.403,0.31,true,false
40.3,1209,simulation,203.94,354.01,203,353,201.432,363.79,1,TRACK,0.296,0.54,-1.596,1.595,6.477,0.29,true,false
40.333,1210,simulation,203.319,351.867,203,352,200.437,361.56,1,TRACK,0.243,0.593,-1.589,1.598,6.8,0.28,true,false
40.367,1211,simulation,202.623,349.389,202,349,199.794,359.67,1,TRACK,0.19,0.644,-1.612,1.544,7.026,0.26,true,false
40.4,1212,simulation,202.02,346.874,202,346,199.048,357.329,1,TRACK,0.136,0.694,-1.608,1.495,6.95,0.25,true,false
40.433,1213,simulation,201.363,344.287,201,344,198.574,354.683,1,TRACK,0.082,0.743,-1.633,1.476,7.1,0.24,true,false
40.467,1214,simulation,200.815,341.46,200,341,197.942,352.174,1,TRACK,0.026,0.791,-1.657,1.429,7.306,0.27,true,false
40.5,1215,simulation,200.37,338.538,200,338,197.202,349.418,1,TRACK,-0.029,0.837,-1.653,1.384,7.4,0.26,true,false
40.533,1216,simulation,199.883,335.499,200,335,196.73,346.494,1,TRACK,-0.084,0.882,-1.651,1.342,7.436,0.25,true,false
40.567,1217,simulation,199.372,332.328,198,332,196.441,343.46,1,TRACK,-0.141,0.925,-1.706,1.301,7.681,0.26,true,false
40.6,1218,simulation,199.136,329.014,199,329,195.591,340.352,1,TRACK,-0.196,0.967,-1.674,1.26,7.91,0.25,true,false
40.633,1219,simulation,198.72,325.546,198,325,195.385,337.195,1,TRACK,-0.253,1.007,-1.703,1.194,7.955,0.25,true,false
40.667,1220,simulation,198.448,322.06,198,322,194.933,333.665,1,TRACK,-0.31,1.046,-1.702,1.158,8.09,0.25,true,false
40.7,1221,simulation,198.168,318.389,198,318,194.655,330.226,1,TRACK,-0.367,1.082,-1.703,1.095,8.104,0.24,true,false
40.733,1222,simulation,197.893,314.676,198,314,194.496,326.508,1,TRACK,-0.424,1.117,-1.706,1.034,7.96,0.26,true,false
40.767,1223,simulation,197.633,310.902,197,310,194.415,322.602,1,TRACK,-0.481,1.149,-1.737,0.976,7.841,0.25,true,false
40.8,1224,simulation,197.54,307.054,197,306,194.046,318.571,1,TRACK,-0.539,1.18,-1.737,0.919,7.725,0.25,true,false
40.833,1225,simulation,197.456,303.122,197,302,193.823,314.457,1,TRACK,-0.597,1.209,-1.739,0.863,7.609,0.27,true,false
40.867,1226,simulation,197.393,299.102,197,299,193.698,310.288,1,TRACK,-0.655,1.236,-1.743,0.834,7.845,0.25,true,false
40.9,1227,simulation,197.362,294.848,197,294,193.639,306.427,1,TRACK,-0.714,1.261,-1.747,0.749,7.859,0.25,true,false
40.933,1228,simulation,197.368,290.661,197,290,193.625,302.092,1,TRACK,-0.772,1.284,-1.751,0.695,7.83,0.24,true,false
40.967,1229,simulation,197.419,286.372,197,285,193.641,297.779,1,TRACK,-0.831,1.305,-1.757,0.614,7.605,0.24,true,false
41,1230,simulation,197.519,282.126,197,281,193.677,293.141,1,TRACK,-0.889,1.324,-1.762,0.564,7.465,0.24,true,false
41.033,1231,simulation,197.672,277.763,197,277,193.725,288.626,1,TRACK,-0.948,1.341,-1.767,0.512,7.529,0.24,true,false
41.067,1232,simulation,197.882,273.292,198,272,193.782,284.197,1,TRACK,-1.006,1.355,-1.746,0.432,7.33,0.25,true,false
41.1,1233,simulation,198.012,268.864,197,268,194.186,279.486,1,TRACK,-1.066,1.368,-1.783,0.382,7.363,0.24,true,false
41.133,1234,simulation,198.369,264.323,198,264,194.14,274.928,1,TRACK,-1.125,1.379,-1.761,0.33,7.54,0.25,true,false
41.167,1235,simulation,198.645,259.681,198,259,194.474,270.475,1,TRACK,-1.184,1.387,-1.769,0.25,7.566,0.25,true,false
41.2,1236,simulation,199.008,255.092,198,255,194.722,265.753,1,TRACK,-1.243,1.394,-1.777,0.2,7.746,0.24,true,false
41.233,1237,simulation,199.457,250.403,199,250,194.911,261.193,1,TRACK,-1.301,1.398,-1.758,0.122,7.725,0.25,true,false
41.267,1238,simulation,199.848,245.769,199,245,195.403,256.403,1,TRACK,-1.36,1.4,-1.769,0.045,7.546,0.24,true,false
41.3,1239,simulation,200.345,241.183,200,241,195.756,251.457,1,TRACK,-1.419,1.399,-1.751,-0.003,7.476,0.24,true,false
41.333,1240,simulation,200.801,236.5,200,236,196.358,246.75,1,TRACK,-1.478,1.397,-1.763,-0.08,7.39,0.25,true,false
41.367,1241,simulation,201.375,231.884,200,232,196.785,241.865,1,TRACK,-1.537,1.392,-1.774,-0.129,7.545,0.24,true,false
41.4,1242,simulation,202.06,227.188,202,226,197.093,237.203,1,TRACK,-1.594,1.385,-1.729,-0.234,7.09,0.26,true,false
41.433,1243,simulation,202.568,222.718,202,222,198.005,232.01,1,TRACK,-1.652,1.375,-1.745,-0.28,6.759,0.27,true,false
41.467,1244,simulation,203.222,218.166,202,218,198.64,227.141,1,TRACK,-1.711,1.364,-1.757,-0.329,6.85,0.24,true,false
41.5,1245,simulation,204.009,213.56,204,213,199.088,222.496,1,TRACK,-1.768,1.351,-1.714,-0.408,6.623,0.25,true,false
41.533,1246,simulation,204.635,209.064,204,209,200.092,217.661,1,TRACK,-1.826,1.335,-1.731,-0.458,6.55,0.24,true,false
41.567,1247,simulation,205.422,204.536,205,204,200.79,213.041,1,TRACK,-1.883,1.318,-1.717,-0.538,6.355,0.24,true,false
41.6,1248,simulation,206.211,200.138,205,199,201.619,208.227,1,TRACK,-1.941,1.297,-1.732,-0.615,6.079,0.24,true,false
41.633,1249,simulation,207.155,195.87,207,195,202.196,203.281,1,TRACK,-1.997,1.275,-1.691,-0.665,5.721,0.24,true,false
41.667,1250,simulation,207.958,191.593,208,191,203.286,198.591,1,TRACK,-2.053,1.251,-1.682,-0.717,5.424,0.26,true,false
41.7,1251,simulation,208.796,187.333,209,187,204.38,194.075,1,TRACK,-2.109,1.225,-1.673,-0.772,5.23,0.24,true,false
41.733,1252,simulation,209.67,183.111,209,183,205.478,189.68,1,TRACK,-2.165,1.198,-1.691,-0.828,5.276,0.24,true,false
41.767,1253,simulation,210.727,178.947,210,178,206.234,185.367,1,TRACK,-2.221,1.167,-1.678,-0.912,5.105,0.25,true,false
41.8,1254,simulation,211.805,175,211,174,207.099,180.769,1,TRACK,-2.277,1.135,-1.666,-0.966,4.88,0.24,true,false
41.833,1255,simulation,212.915,171.122,212,170,208.039,176.321,1,TRACK,-2.332,1.101,-1.656,-1.022,4.7,0.23,true,false
41.867,1256,simulation,214.062,167.335,213,167,209.029,171.976,1,TRACK,-2.387,1.066,-1.646,-1.052,4.75,0.22,true,false
41.9,1257,simulation,215.253,163.517,215,163,210.051,168.044,1,TRACK,-2.441,1.029,-1.609,-1.115,4.541,0.24,true,false
41.933,1258,simulation,216.351,159.847,215,159,211.438,164.052,1,TRACK,-2.495,0.99,-1.63,-1.176,4.489,0.23,true,false
41.967,1259,simulation,217.662,156.334,217,156,212.387,160.02,1,TRACK,-2.548,0.949,-1.593,-1.211,4.403,0.22,true,false
42,1260,simulation,218.88,152.849,219,152,213.722,156.303,1,TRACK,-2.6,0.907,-1.56,-1.276,3.943,0.23,true,false
42.033,1261,simulation,220.029,149.565,220,149,215.319,152.46,1,TRACK,-2.652,0.863,-1.557,-1.313,3.59,0.22,true,false
42.067,1262,simulation,221.271,146.347,220,146,216.751,148.873,1,TRACK,-2.704,0.818,-1.578,-1.353,3.771,0.22,true,false
42.1,1263,simulation,222.738,143.225,223,143,217.728,145.461,1,TRACK,-2.755,0.771,-1.515,-1.396,3.539,0.22,true,false
42.133,1264,simulation,223.98,140.223,224,140,219.421,142.169,1,TRACK,-2.805,0.723,-1.513,-1.439,3.262,0.22,true,false
42.167,1265,simulation,225.327,137.363,225,137,220.917,138.959,1,TRACK,-2.856,0.674,-1.508,-1.484,3.185,0.23,true,false
42.2,1266,simulation,226.767,134.664,226,134,222.276,135.804,1,TRACK,-2.906,0.623,-1.502,-1.53,3.288,0.22,true,false
42.233,1267,simulation,228.296,132.144,228,131,223.543,132.688,1,TRACK,-2.955,0.57,-1.468,-1.576,3.26,0.22,true,false
42.267,1268,simulation,229.767,129.82,230,130,225.089,129.598,1,TRACK,-3.003,0.518,-1.437,-1.57,3.034,0.23,true,false
42.3,1269,simulation,231.199,127.425,230,127,226.824,127.211,1,TRACK,-3.051,0.464,-1.462,-1.625,3.324,0.22,true,false
42.333,1270,simulation,232.889,125.299,232,125,228.001,124.617,1,TRACK,-3.099,0.409,-1.427,-1.651,3.592,0.22,true,false
42.367,1271,simulation,234.522,123.303,234,123,229.483,122.225,1,TRACK,-3.145,0.353,-1.396,-1.679,3.619,0.23,true,false
42.4,1272,simulation,236.117,121.463,235,121,231.173,119.97,1,TRACK,-3.192,0.296,-1.393,-1.709,3.839,0.22,true,false
42.433,1273,simulation,237.832,119.803,238,120,232.66,117.808,1,TRACK,-3.236,0.239,-1.335,-1.714,3.611,0.22,true,false
42.467,1274,simulation,239.371,118.201,239,118,234.693,116.052,1,TRACK,-3.281,0.18,-1.336,-1.75,3.565,0.22,true,false
42.5,1275,simulation,241.053,116.837,241,116,236.413,114.228,1,TRACK,-3.325,0.121,-1.307,-1.785,3.701,0.22,true,false
42.533,1276,simulation,242.719,115.724,242,116,238.26,112.359,1,TRACK,-3.368,0.062,-1.307,-1.767,3.857,0.22,true,false
42.567,1277,simulation,244.519,114.587,244,114,239.852,111.143,1,TRACK,-3.411,0.002,-1.276,-1.809,4.115,0.22,true,false
42.6,1278,simulation,246.298,113.765,246,114,241.611,109.685,1,TRACK,-3.452,-0.058,-1.247,-1.796,4.158,0.22,true,false
42.633,1279,simulation,248.067,112.973,247,112,243.484,108.748,1,TRACK,-3.494,-0.12,-1.247,-1.842,4.63,0.23,true,false
42.667,1280,simulation,249.977,112.541,249,112,245.09,107.479,1,TRACK,-3.534,-0.181,-1.216,-1.831,5.039,0.22,true,false
42.7,1281,simulation,251.871,112.179,251,112,246.857,106.669,1,TRACK,-3.574,-0.241,-1.188,-1.825,5.198,0.35,true,false
42.733,1282,simulation,253.759,111.927,253,112,248.734,106.169,1,TRACK,-3.613,-0.302,-1.16,-1.823,5.236,0.32,true,false
42.767,1283,simulation,255.65,111.819,255,111,250.683,105.881,1,TRACK,-3.65,-0.364,-1.133,-1.85,5.499,0.36,true,false
42.8,1284,simulation,257.548,112.022,257,111,252.681,105.392,1,TRACK,-3.687,-0.425,-1.107,-1.848,5.855,0.23,true,false
42.833,1285,simulation,259.459,112.395,259,112,254.713,105.109,1,TRACK,-3.723,-0.486,-1.081,-1.822,5.979,0.24,true,false
42.867,1286,simulation,261.384,112.821,261,113,256.765,105.306,1,TRACK,-3.758,-0.546,-1.056,-1.801,5.885,0.23,true,false
42.9,1287,simulation,263.327,113.342,262,112,258.832,105.83,1,TRACK,-3.794,-0.607,-1.057,-1.838,6.438,0.22,true,false
42.933,1288,simulation,265.431,114.274,265,114,260.565,105.89,1,TRACK,-3.827,-0.667,-1.001,-1.789,6.6,0.22,true,false
42.967,1289,simulation,267.392,115.173,267,115,262.755,106.659,1,TRACK,-3.86,-0.726,-0.976,-1.775,6.563,0.22,true,false
43,1290,simulation,269.381,116.238,269,116,264.913,107.568,1,TRACK,-3.891,-0.785,-0.952,-1.763,6.617,0.24,true,false
43.033,1291,simulation,271.397,117.487,271,117,267.049,108.57,1,TRACK,-3.922,-0.843,-0.926,-1.752,6.803,0.22,true,false
43.067,1292,simulation,273.439,118.936,273,118,269.168,109.634,1,TRACK,-3.952,-0.901,-0.901,-1.741,7.154,0.22,true,false
43.1,1293,simulation,275.507,120.601,275,120,271.276,110.739,1,TRACK,-3.981,-0.958,-0.876,-1.705,7.389,0.22,true,false
43.133,1294,simulation,277.6,122.351,277,122,273.376,112.213,1,TRACK,-4.01,-1.014,-0.85,-1.673,7.491,0.22,true,false
43.167,1295,simulation,279.718,124.218,280,123,275.469,113.936,1,TRACK,-4.036,-1.07,-0.798,-1.67,7.745,0.22,true,false
43.2,1296,simulation,281.72,126.37,281,126,277.9,115.484,1,TRACK,-4.063,-1.123,-0.802,-1.612,7.872,0.22,true,false
43.233,1297,simulation,283.91,128.519,283,128,279.875,117.597,1,TRACK,-4.089,-1.176,-0.775,-1.587,8.017,0.22,true,false
43.267,1298,simulation,286.12,130.852,285,130,281.881,119.749,1,TRACK,-4.114,-1.228,-0.748,-1.562,8.308,0.22,true,false
43.3,1299,simulation,288.35,133.377,288,133,283.908,121.927,1,TRACK,-4.137,-1.279,-0.694,-1.511,8.329,0.23,true,false
43.333,1300,simulation,290.461,135.963,290,136,286.292,124.462,1,TRACK,-4.159,-1.328,-0.671,-1.464,8.178,0.22,true,false
43.367,1301,simulation,292.616,138.638,292,138,288.575,127.239,1,TRACK,-4.181,-1.376,-0.647,-1.447,8.314,0.22,true,false
43.4,1302,simulation,294.809,141.565,294,141,290.788,129.836,1,TRACK,-4.202,-1.422,-0.622,-1.401,8.515,0.22,true,false
43.433,1303,simulation,297.036,144.597,296,145,292.954,132.651,1,TRACK,-4.222,-1.467,-0.597,-1.331,8.389,0.22,true,false
43.467,1304,simulation,299.295,147.611,298,147,295.087,135.955,1,TRACK,-4.241,-1.511,-0.571,-1.319,8.588,0.22,true,false
43.5,1305,simulation,301.582,150.926,301,151,297.197,138.904,1,TRACK,-4.25,-1.552,-0.518,-1.25,8.557,0.23,true,false
43.533,1306,simulation,302.498,154.242,302,153,299.634,142.296,1,TRACK,-4.25,-1.594,-0.522,-1.24,8.614,0.25,true,false
43.567,1307,simulation,302.077,157.872,302,157,301.607,145.301,1,TRACK,-4.25,-1.633,-0.547,-1.171,8.66,0.23,true,false
43.6,1308,simulation,301.825,161.514,301,161,302.922,148.726,1,TRACK,-4.25,-1.67,-0.591,-1.108,8.689,0.23,true,false
43.633,1309,simulation,301.741,165.196,301,165,303.448,152.435,1,TRACK,-4.25,-1.705,-0.6,-1.047,8.598,0.37,true,false
43.667,1310,simulation,301.826,168.937,301,169,303.779,156.335,1,TRACK,-4.25,-1.738,-0.606,-0.989,8.423,0.22,true,false
43.7,1311,simulation,302.079,172.752,302,172,303.979,160.363,1,TRACK,-4.25,-1.77,-0.584,-0.959,8.581,0.22,true,false
43.733,1312,simulation,302.501,176.792,302,176,304.432,164.133,1,TRACK,-4.25,-1.8,-0.592,-0.899,8.755,0.22,true,false
43.767,1313,simulation,303.091,180.899,303,180,304.715,168.069,1,TRACK,-4.25,-1.828,-0.571,-0.841,8.896,0.22,true,false
43.8,1314,simulation,303.849,185.085,303,184,305.225,172.115,1,TRACK,-4.25,-1.854,-0.579,-0.784,9.012,0.24,true,false
43.833,1315,simulation,304.774,189.356,304,189,305.548,176.234,1,TRACK,-4.25,-1.877,-0.558,-0.701,8.85,0.22,true,false
43.867,1316,simulation,305.867,193.574,305,193,306.086,180.743,1,TRACK,-4.25,-1.899,-0.54,-0.649,8.727,0.22,true,false
43.9,1317,simulation,307.128,197.904,307,198,306.771,185.173,1,TRACK,-4.25,-1.918,-0.497,-0.57,8.44,0.23,true,false
43.933,1318,simulation,308.555,202.197,308,202,307.898,189.889,1,TRACK,-4.25,-1.935,-0.485,-0.52,8.276,0.24,true,false
43.967,1319,simulation,310.148,206.611,310,207,308.983,194.456,1,TRACK,-4.25,-1.95,-0.447,-0.442,7.996,0.35,true,false
44,1320,simulation,311.907,210.991,311,211,310.382,199.261,1,TRACK,-4.25,-1.963,-0.438,-0.393,7.909,0.23,true,false
44.033,1321,simulation,313.831,215.491,313,215,311.652,203.884,1,TRACK,-4.25,-1.974,-0.401,-0.342,8.071,0.23,true,false
44.067,1322,simulation,315.92,220.096,315,220,313.177,208.381,1,TRACK,-4.25,-1.983,-0.367,-0.263,8.109,0.23,true,false
44.1,1323,simulation,318.172,224.653,318,224,314.874,213.133,1,TRACK,-4.25,-1.99,-0.309,-0.213,8.196,0.23,true,false
44.133,1324,simulation,320.588,229.313,320,228,317.031,217.714,1,TRACK,-4.25,-1.996,-0.282,-0.161,8.548,0.23,true,false
44.167,1325,simulation,323.166,234.063,323,233,319.158,222.177,1,TRACK,-4.25,-1.998,-0.228,-0.081,8.698,0.24,true,false
44.2,1326,simulation,325.906,238.745,325,239,321.605,226.9,1,TRACK,-4.25,-1.997,-0.204,0.022,8.411,0.22,true,false
44.233,1327,simulation,328.806,243.23,328,243,323.928,232.141,1,TRACK,-4.25,-1.995,-0.152,0.067,8.239,0.23,true,false
44.267,1328,simulation,331.866,247.824,331,247,326.508,237.048,1,TRACK,-4.25,-1.991,-0.103,0.116,8.382,0.23,true,false
44.3,1329,simulation,335.085,252.501,335,252,329.262,241.724,1,TRACK,-4.25,-1.985,-0.029,0.194,8.308,0.23,true,false
44.333,1330,simulation,338.462,257.097,338,257,332.476,246.586,1,TRACK,-4.25,-1.976,0.013,0.27,8.15,0.23,true,false
44.367,1331,simulation,341.927,261.615,341,261,335.66,251.572,1,TRACK,-4.248,-1.965,0.055,0.318,8.215,0.24,true,false
44.4,1332,simulation,345.322,266.197,345,265,338.822,256.297,1,TRACK,-4.244,-1.953,0.125,0.369,8.272,0.24,true,false
44.433,1333,simulation,348.5,270.817,348,270,342.31,260.845,1,TRACK,-4.238,-1.938,0.164,0.449,8.128,0.23,true,false
44.467,1334,simulation,351.622,275.314,351,275,345.677,265.612,1,TRACK,-4.231,-1.92,0.205,0.527,7.768,0.25,true,false
44.5,1335,simulation,354.679,279.691,354,279,348.961,270.527,1,TRACK,-4.223,-1.901,0.246,0.577,7.501,0.23,true,false
44.533,1336,simulation,357.662,284.089,357,283,352.188,275.198,1,TRACK,-4.213,-1.88,0.289,0.629,7.372,0.24,true,false
44.567,1337,simulation,360.568,288.483,360,288,355.374,279.703,1,TRACK,-4.202,-1.857,0.332,0.71,7.022,0.23,true,false
44.6,1338,simulation,363.391,292.71,363,292,358.532,284.436,1,TRACK,-4.19,-1.831,0.376,0.762,6.654,0.23,true,false
44.633,1339,simulation,366.128,296.915,365,296,361.671,288.979,1,TRACK,-4.177,-1.804,0.393,0.817,6.508,0.25,true,false
44.667,1340,simulation,368.917,301.073,368,301,364.453,293.393,1,TRACK,-4.162,-1.774,0.441,0.899,6.089,0.23,true,false
44.7,1341,simulation,371.593,305.025,371,305,367.335,298.059,1,TRACK,-4.146,-1.742,0.488,0.953,5.543,0.23,true,false
44.733,1342,simulation,374.159,308.915,373,309,370.283,302.554,1,TRACK,-4.129,-1.709,0.508,1.008,5.143,0.25,true,false
44.767,1343,simulation,376.76,312.719,377,312,372.934,306.932,1,TRACK,-4.109,-1.674,0.584,1.039,4.775,0.25,true,false
44.8,1344,simulation,379.09,316.561,379,316,376.067,310.885,1,TRACK,-4.089,-1.637,0.602,1.1,4.457,0.23,true,false
44.833,1345,simulation,381.461,320.259,381,320,378.843,314.893,1,TRACK,-4.069,-1.599,0.624,1.162,4.119,0.23,true,false
44.867,1346,simulation,383.848,323.805,383,324,381.374,318.936,1,TRACK,-4.047,-1.558,0.649,1.223,3.713,0.23,true,false
44.9,1347,simulation,386.235,327.185,386,326,383.74,323.002,1,TRACK,-4.023,-1.517,0.703,1.231,3.623,0.23,true,false
44.933,1348,simulation,388.467,330.672,388,330,386.335,326.398,1,TRACK,-3.999,-1.473,0.727,1.3,3.448,0.24,true,false
44.967,1349,simulation,390.697,333.929,390,334,388.743,330.024,1,TRACK,-3.974,-1.428,0.754,1.366,2.995,0.24,true,false
45,1350,simulation,392.912,336.954,393,336,391.024,333.804,1,TRACK,-3.947,-1.382,0.809,1.377,2.707,0.24,true,false
45.033,1351,simulation,394.958,340.026,395,339,393.561,337.005,1,TRACK,-3.919,-1.335,0.834,1.422,2.525,0.23,true,false
45.067,1352,simulation,396.992,342.955,396,343,395.928,340.153,1,TRACK,-3.891,-1.285,0.835,1.494,2.121,0.24,true,false
45.1,1353,simulation,399.141,345.581,399,346,397.838,343.608,1,TRACK,-3.862,-1.234,0.894,1.537,1.487,0.23,true,false
45.133,1354,simulation,401.093,348.05,401,347,400.122,346.928,1,TRACK,-3.831,-1.183,0.923,1.527,1.29,0.24,true,false
45.167,1355,simulation,403.007,350.623,403,350,402.317,349.472,1,TRACK,-3.799,-1.13,0.953,1.58,1.078,0.23,true,false
45.2,1356,simulation,404.878,352.955,405,353,404.452,352.172,1,TRACK,-3.766,-1.076,0.983,1.631,0.56,0.23,true,false
45.233,1357,simulation,406.697,355.04,407,354,406.546,354.979,1,TRACK,-3.733,-1.021,1.014,1.628,0.389,0.23,true,false
45.267,1358,simulation,408.46,357.154,408,356,408.612,357.174,1,TRACK,-3.699,-0.966,1.019,1.659,0.377,0.23,true,false
45.3,1359,simulation,410.304,359.103,410,359,410.316,359.294,1,TRACK,-3.663,-0.909,1.055,1.717,0.132,0.23,true,false
45.333,1360,simulation,412.062,360.727,411,360,412.117,361.707,1,TRACK,-3.628,-0.852,1.063,1.719,0.518,0.23,true,false
45.367,1361,simulation,413.879,362.312,413,362,413.641,363.634,1,TRACK,-3.591,-0.793,1.101,1.753,0.897,0.23,true,false
45.4,1362,simulation,415.594,363.672,415,363,415.32,365.574,1,TRACK,-3.553,-0.734,1.137,1.76,1.107,0.23,true,false
45.433,1363,simulation,417.213,364.936,417,365,417.104,367.179,1,TRACK,-3.514,-0.674,1.172,1.798,1.52,0.29,true,false
45.467,1364,simulation,418.739,365.926,418,366,418.96,368.901,1,TRACK,-3.475,-0.614,1.18,1.808,2.005,0.3,true,false
45.5,1365,simulation,420.316,366.778,420,366,420.522,370.359,1,TRACK,-3.434,-0.554,1.218,1.795,2.121,0.26,true,false
45.533,1366,simulation,421.781,367.604,422,367,422.226,371.296,1,TRACK,-3.393,-0.494,1.254,1.814,2.284,0.24,true,false
45.567,1367,simulation,423.139,368.215,423,368,424.028,372.223,1,TRACK,-3.35,-0.433,1.263,1.833,2.65,0.24,true,false
45.6,1368,simulation,424.535,368.597,424,368,425.554,373.142,1,TRACK,-3.308,-0.372,1.275,1.826,2.866,0.24,true,false
45.633,1369,simulation,425.95,368.879,425,369,426.892,373.716,1,TRACK,-3.265,-0.31,1.289,1.85,3.272,0.24,true,false
45.667,1370,simulation,427.368,368.884,426,369,428.103,374.397,1,TRACK,-3.221,-0.249,1.305,1.846,3.706,0.24,true,false
45.7,1371,simulation,428.779,368.747,428,368,429.227,374.81,1,TRACK,-3.177,-0.188,1.348,1.818,3.782,0.24,true,false
45.733,1372,simulation,430.033,368.58,429,368,430.636,374.699,1,TRACK,-3.131,-0.127,1.362,1.823,3.875,0.24,true,false
45.767,1373,simulation,431.285,368.198,431,367,431.896,374.575,1,TRACK,-3.084,-0.067,1.404,1.802,3.853,0.25,true,false
45.8,1374,simulation,432.382,367.729,431,367,433.397,374.101,1,TRACK,-3.038,-0.007,1.39,1.811,4,0.24,true,false
45.833,1375,simulation,433.618,366.997,433,366,434.377,373.733,1,TRACK,-2.99,0.053,1.436,1.793,4.157,0.24,true,false
45.867,1376,simulation,434.675,366.14,434,366,435.689,373.096,1,TRACK,-2.942,0.113,1.451,1.804,4.601,0.24,true,false
45.9,1377,simulation,435.712,364.988,436,365,436.883,372.62,1,TRACK,-2.892,0.173,1.494,1.787,5.155,0.24,true,false
45.933,1378,simulation,436.576,363.68,436,363,438.341,371.911,1,TRACK,-2.843,0.231,1.481,1.746,5.338,0.25,true,false
45.967,1379,simulation,437.564,362.334,437,362,439.293,370.704,1,TRACK,-2.793,0.289,1.5,1.737,5.539,0.24,true,false
46,1380,simulation,438.501,360.766,438,360,440.244,369.501,1,TRACK,-2.742,0.345,1.52,1.701,5.64,0.25,true,false
46.033,1381,simulation,439.382,359.111,439,359,441.195,367.96,1,TRACK,-2.691,0.402,1.539,1.696,5.947,0.25,true,false
46.067,1382,simulation,440.204,357.194,440,357,442.146,366.534,1,TRACK,-2.639,0.457,1.559,1.664,6.268,0.24,true,false
46.1,1383,simulation,440.965,355.155,440,355,443.097,364.845,1,TRACK,-2.587,0.512,1.552,1.634,6.486,0.24,true,false
46.133,1384,simulation,441.802,352.971,441,352,443.707,362.978,1,TRACK,-2.534,0.564,1.576,1.579,6.409,0.26,true,false
46.167,1385,simulation,442.55,350.762,443,351,444.427,360.65,1,TRACK,-2.48,0.617,1.625,1.583,6.802,0.27,true,false
46.2,1386,simulation,443.07,348.21,443,347,445.566,358.695,1,TRACK,-2.426,0.667,1.616,1.503,6.769,0.29,true,false
46.233,1387,simulation,443.668,345.755,443,345,446.303,355.968,1,TRACK,-2.373,0.717,1.612,1.485,6.716,0.31,true,false
46.267,1388,simulation,444.317,343.06,444,342,446.77,353.403,1,TRACK,-2.318,0.765,1.637,1.439,6.7,0.29,true,false
46.3,1389,simulation,444.854,340.269,444,340,447.394,350.607,1,TRACK,-2.264,0.812,1.634,1.422,6.93,0.27,true,false
46.333,1390,simulation,445.428,337.22,445,337,447.784,347.999,1,TRACK,-2.208,0.858,1.661,1.376,7.237,0.26,true,false
46.367,1391,simulation,445.88,334.061,445,334,448.358,345.178,1,TRACK,-2.153,0.902,1.659,1.332,7.496,0.25,true,false
46.4,1392,simulation,446.358,330.774,445,331,448.714,342.213,1,TRACK,-2.098,0.945,1.659,1.29,7.764,0.24,true,false
46.433,1393,simulation,446.848,327.344,447,327,448.923,339.154,1,TRACK,-2.041,0.986,1.715,1.222,7.87,0.24,true,false
46.467,1394,simulation,447.052,323.905,446,323,449.718,335.689,1,TRACK,-1.984,1.025,1.684,1.159,7.667,0.24,true,false
46.5,1395,simulation,447.428,320.427,447,320,449.884,331.95,1,TRACK,-1.927,1.062,1.713,1.126,7.667,0.24,true,false
46.533,1396,simulation,447.652,316.75,447,316,450.308,328.37,1,TRACK,-1.87,1.098,1.713,1.064,7.636,0.24,true,false
46.567,1397,simulation,447.877,313.021,447,312,450.565,324.557,1,TRACK,-1.813,1.131,1.715,1.005,7.482,0.25,true,false
46.6,1398,simulation,448.09,309.224,447,309,450.71,320.588,1,TRACK,-1.756,1.164,1.718,0.974,7.608,0.24,true,false
46.633,1399,simulation,448.282,305.207,448,305,450.778,316.857,1,TRACK,-1.698,1.194,1.748,0.914,7.837,0.24,true,false
46.667,1400,simulation,448.301,301.125,448,301,451.138,312.948,1,TRACK,-1.639,1.223,1.749,0.855,8.023,0.24,true,false
46.7,1401,simulation,448.305,296.965,448,296,451.354,308.919,1,TRACK,-1.581,1.248,1.752,0.772,7.867,0.24,true,false
46.733,1402,simulation,448.281,292.863,448,292,451.473,304.469,1,TRACK,-1.522,1.272,1.755,0.719,7.702,0.24,true,false
46.767,1403,simulation,448.221,288.653,448,288,451.526,300.077,1,TRACK,-1.464,1.295,1.76,0.666,7.679,0.24,true,false
46.8,1404,simulation,448.116,284.337,447,284,451.535,295.726,1,TRACK,-1.406,1.315,1.738,0.612,7.7,0.26,true,false
46.833,1405,simulation,448.104,279.92,448,280,451.172,291.405,1,TRACK,-1.347,1.334,1.774,0.558,7.924,0.26,true,false
46.867,1406,simulation,447.874,275.407,447,275,451.242,287.107,1,TRACK,-1.288,1.35,1.752,0.477,7.89,0.44,true,false
46.9,1407,simulation,447.734,270.942,447,270,450.923,282.484,1,TRACK,-1.23,1.363,1.76,0.4,7.596,0.32,true,false
46.933,1408,simulation,447.515,266.509,447,266,450.681,277.642,1,TRACK,-1.171,1.375,1.768,0.351,7.488,0.28,true,false
46.967,1409,simulation,447.218,261.957,446,261,450.492,272.995,1,TRACK,-1.112,1.384,1.749,0.274,7.24,0.39,true,false
47,1410,simulation,446.985,257.443,447,257,449.999,268.14,1,TRACK,-1.053,1.391,1.786,0.225,7.25,0.28,true,false
47.033,1411,simulation,446.512,252.817,446,252,449.983,263.489,1,TRACK,-0.994,1.396,1.765,0.147,7.151,0.27,true,false
47.067,1412,simulation,446.107,248.24,446,248,449.608,258.635,1,TRACK,-0.935,1.399,1.775,0.098,7.208,0.27,true,false
47.1,1413,simulation,445.604,243.561,446,243,449.332,253.988,1,TRACK,-0.875,1.4,1.783,0.02,7.235,0.28,true,false
47.133,1414,simulation,445.005,238.942,444,238,449.123,249.141,1,TRACK,-0.817,1.398,1.738,-0.055,6.899,0.31,true,false
47.167,1415,simulation,444.597,234.377,444,234,448.276,244.16,1,TRACK,-0.759,1.395,1.753,-0.103,6.764,0.25,true,false
47.2,1416,simulation,444.053,229.724,443,229,447.682,239.432,1,TRACK,-0.701,1.389,1.738,-0.181,6.548,0.24,true,false
47.233,1417,simulation,443.528,225.145,443,225,446.916,234.535,1,TRACK,-0.643,1.381,1.752,-0.23,6.535,0.24,true,false
47.267,1418,simulation,442.866,220.499,443,220,446.378,229.868,1,TRACK,-0.584,1.371,1.764,-0.308,6.515,0.25,true,false
47.3,1419,simulation,442.078,215.947,441,216,445.995,225.015,1,TRACK,-0.526,1.359,1.721,-0.358,6.452,0.23,true,false
47.333,1420,simulation,441.455,211.347,441,211,445.033,220.381,1,TRACK,-0.469,1.344,1.737,-0.437,6.299,0.26,true,false
47.367,1421,simulation,440.675,206.863,440,206,444.363,215.555,1,TRACK,-0.411,1.327,1.723,-0.514,5.926,0.23,true,false
47.4,1422,simulation,439.895,202.492,440,202,443.55,210.599,1,TRACK,-0.353,1.308,1.738,-0.563,5.78,0.23,true,false
47.433,1423,simulation,438.961,198.095,439,198,442.983,205.9,1,TRACK,-0.296,1.288,1.723,-0.615,5.817,0.23,true,false
47.467,1424,simulation,438.027,193.698,437,193,442.242,201.375,1,TRACK,-0.24,1.265,1.684,-0.696,5.457,0.51,true,false
47.5,1425,simulation,437.223,189.464,436,189,441.039,196.63,1,TRACK,-0.184,1.24,1.676,-0.748,5.078,0.24,true,false
47.533,1426,simulation,436.375,185.249,435,185,439.868,192.077,1,TRACK,-0.128,1.213,1.669,-0.802,4.831,0.25,true,false
47.567,1427,simulation,435.483,181.075,435,181,438.717,187.656,1,TRACK,-0.072,1.185,1.687,-0.858,4.785,0.26,true,false
47.6,1428,simulation,434.404,176.963,434,176,437.924,183.327,1,TRACK,-0.016,1.153,1.675,-0.942,4.489,0.25,true,false
47.633,1429,simulation,433.299,173.072,433,172,437.032,178.719,1,TRACK,0.039,1.12,1.664,-0.996,4.149,0.24,true,false
47.667,1430,simulation,432.159,169.256,432,169,436.075,174.264,1,TRACK,0.095,1.086,1.654,-1.025,4.128,0.24,true,false
47.7,1431,simulation,430.978,165.395,431,165,435.072,170.257,1,TRACK,0.149,1.05,1.644,-1.086,4.133,0.23,true,false
47.733,1432,simulation,429.75,161.67,429,161,434.04,166.214,1,TRACK,0.203,1.011,1.608,-1.147,3.821,0.22,true,false
47.767,1433,simulation,428.614,158.093,429,157,432.647,162.146,1,TRACK,0.257,0.971,1.629,-1.208,3.651,0.22,true,false
47.8,1434,simulation,427.26,154.676,427,155,431.693,158.063,1,TRACK,0.31,0.931,1.592,-1.216,3.709,0.23,true,false
47.833,1435,simulation,425.999,151.147,425,151,430.354,154.654,1,TRACK,0.362,0.888,1.559,-1.284,3.432,0.24,true,false
47.867,1436,simulation,424.803,147.844,424,147,428.753,151.02,1,TRACK,0.414,0.843,1.556,-1.35,2.985,0.22,true,false
47.9,1437,simulation,423.513,144.769,423,144,427.318,147.234,1,TRACK,0.466,0.796,1.551,-1.389,2.735,0.22,true,false
47.933,1438,simulation,422.136,141.783,421,142,425.997,143.687,1,TRACK,0.516,0.75,1.518,-1.403,2.564,0.22,true,false
47.967,1439,simulation,420.82,138.775,420,138,424.411,140.646,1,TRACK,0.567,0.7,1.515,-1.476,2.332,0.24,true,false
48,1440,simulation,419.405,136.072,419,136,422.989,137.263,1,TRACK,0.617,0.651,1.51,-1.493,2.376,0.23,true,false
48.033,1441,simulation,417.898,133.385,417,133,421.678,134.335,1,TRACK,0.667,0.599,1.477,-1.541,2.27,0.22,true,false
48.067,1442,simulation,416.446,130.898,416,130,420.102,131.372,1,TRACK,0.716,0.546,1.473,-1.589,2.282,0.22,true,false
48.1,1443,simulation,414.889,128.622,414,129,418.688,128.387,1,TRACK,0.764,0.494,1.441,-1.584,2.229,0.22,true,false
48.133,1444,simulation,413.377,126.289,413,126,417.043,126.071,1,TRACK,0.812,0.439,1.439,-1.639,2.325,0.22,true,false
48.167,1445,simulation,411.752,124.235,411,124,415.584,123.525,1,TRACK,0.859,0.383,1.407,-1.666,2.362,0.22,true,false
48.2,1446,simulation,410.165,122.322,410,122,413.909,121.166,1,TRACK,0.905,0.327,1.405,-1.695,2.588,0.36,true,false
48.233,1447,simulation,408.461,120.573,408,120,412.432,118.933,1,TRACK,0.951,0.269,1.373,-1.725,2.798,0.22,true,false
48.267,1448,simulation,406.791,119.013,406,119,410.746,116.787,1,TRACK,0.996,0.212,1.344,-1.73,2.794,0.22,true,false
48.3,1449,simulation,405.14,117.518,405,117,408.92,115.04,1,TRACK,1.041,0.153,1.343,-1.766,3.067,0.22,true,false
48.333,1450,simulation,403.357,116.27,402,116,407.341,113.224,1,TRACK,1.084,0.094,1.286,-1.775,3.049,0.24,true,false
48.367,1451,simulation,401.739,115.136,402,115,405.247,111.701,1,TRACK,1.127,0.034,1.315,-1.787,3.359,0.22,true,false
48.4,1452,simulation,399.828,114.148,400,114,403.83,110.378,1,TRACK,1.17,-0.026,1.283,-1.802,3.732,0.22,true,false
48.433,1453,simulation,397.947,113.334,398,113,402.189,109.19,1,TRACK,1.212,-0.087,1.253,-1.818,4.035,0.23,true,false
48.467,1454,simulation,396.081,112.715,395,112,400.396,108.094,1,TRACK,1.252,-0.148,1.198,-1.836,4.155,0.22,true,false
48.5,1455,simulation,394.362,112.31,394,112,398.159,107.059,1,TRACK,1.292,-0.209,1.202,-1.827,4.326,0.23,true,false
48.533,1456,simulation,392.477,111.996,392,111,396.306,106.407,1,TRACK,1.331,-0.27,1.174,-1.85,4.702,0.24,true,false
48.567,1457,simulation,390.591,111.951,390,111,394.371,105.673,1,TRACK,1.369,-0.332,1.148,-1.845,5.055,0.26,true,false
48.6,1458,simulation,388.697,112.04,388,111,392.382,105.224,1,TRACK,1.407,-0.393,1.122,-1.844,5.362,0.28,true,false
48.633,1459,simulation,386.792,112.296,386,112,390.357,104.969,1,TRACK,1.443,-0.454,1.096,-1.818,5.4,0.28,true,false
48.667,1460,simulation,384.871,112.599,384,112,388.307,105.186,1,TRACK,1.479,-0.515,1.07,-1.824,5.505,0.27,true,false
48.7,1461,simulation,382.933,113.134,382,112,386.242,105.382,1,TRACK,1.514,-0.576,1.045,-1.831,5.849,0.25,true,false
48.733,1462,simulation,380.975,113.911,381,113,384.168,105.561,1,TRACK,1.549,-0.636,1.046,-1.81,6.235,0.24,true,false
48.767,1463,simulation,378.855,114.799,378,115,382.429,106.07,1,TRACK,1.582,-0.695,0.99,-1.766,6.108,0.23,true,false
48.8,1464,simulation,376.875,115.689,376,115,380.235,107.145,1,TRACK,1.614,-0.754,0.966,-1.783,6.224,0.22,true,false
48.833,1465,simulation,374.866,116.909,375,117,378.075,107.919,1,TRACK,1.646,-0.812,0.968,-1.742,6.335,0.22,true,false
48.867,1466,simulation,372.687,118.168,373,118,376.28,109.171,1,TRACK,1.677,-0.87,0.939,-1.734,6.535,0.22,true,false
48.9,1467,simulation,370.501,119.648,370,119,374.392,110.404,1,TRACK,1.707,-0.928,0.885,-1.726,6.81,0.22,true,false
48.933,1468,simulation,368.443,121.357,368,120,372.099,111.623,1,TRACK,1.736,-0.985,0.862,-1.717,7.295,0.23,true,false
48.967,1469,simulation,366.348,123.306,366,123,369.874,112.831,1,TRACK,1.764,-1.04,0.838,-1.655,7.412,0.22,true,false
49,1470,simulation,364.219,125.219,364,124,367.695,114.715,1,TRACK,1.791,-1.095,0.813,-1.654,7.726,0.22,true,false
49.033,1471,simulation,362.057,127.429,361,127,365.549,116.372,1,TRACK,1.816,-1.149,0.761,-1.597,7.752,0.22,true,false
49.067,1472,simulation,360.007,129.648,359,129,363.083,118.558,1,TRACK,1.841,-1.201,0.74,-1.573,7.783,0.3,true,false
49.1,1473,simulation,357.908,132.058,357,131,360.742,120.759,1,TRACK,1.865,-1.253,0.717,-1.549,8.027,0.22,true,false
49.133,1474,simulation,355.766,134.668,356,134,358.488,122.97,1,TRACK,1.889,-1.303,0.719,-1.499,8.224,0.23,true,false
49.167,1475,simulation,353.444,137.344,353,136,356.635,125.526,1,TRACK,1.911,-1.352,0.664,-1.479,8.541,0.22,true,false
49.2,1476,simulation,351.252,140.254,350,139,354.371,127.975,1,TRACK,1.931,-1.4,0.613,-1.431,8.745,0.22,true,false
49.233,1477,simulation,349.163,143.258,349,143,351.828,130.69,1,TRACK,1.952,-1.445,0.619,-1.359,8.619,0.22,true,false
49.267,1478,simulation,346.877,146.236,347,146,349.781,133.927,1,TRACK,1.972,-1.489,0.592,-1.321,8.497,0.22,true,false
49.3,1479,simulation,344.567,149.365,345,149,347.729,137.175,1,TRACK,1.99,-1.532,0.565,-1.282,8.532,0.22,true,false
49.333,1480,simulation,342.231,152.652,342,152,345.674,140.427,1,TRACK,2.007,-1.573,0.512,-1.243,8.637,0.22,true,false
49.367,1481,simulation,340.013,156.102,340,156,343.275,143.682,1,TRACK,2.024,-1.612,0.489,-1.177,8.573,0.22,true,false
49.4,1482,simulation,337.748,159.577,337,159,340.985,147.277,1,TRACK,2.038,-1.65,0.438,-1.142,8.587,0.23,true,false
49.433,1483,simulation,335.588,163.242,335,163,338.428,150.761,1,TRACK,2.052,-1.686,0.416,-1.08,8.551,0.22,true,false
49.467,1484,simulation,333.372,166.951,333,167,336.032,154.508,1,TRACK,2.065,-1.72,0.393,-1.02,8.422,0.22,true,false
49.5,1485,simulation,331.113,170.724,331,170,333.746,158.433,1,TRACK,2.078,-1.753,0.368,-0.988,8.59,0.22,true,false
49.533,1486,simulation,328.817,174.714,329,175,331.535,162.135,1,TRACK,2.089,-1.783,0.343,-0.901,8.48,0.22,true,false
49.567,1487,simulation,326.488,178.626,326,178,329.376,166.367,1,TRACK,2.099,-1.812,0.29,-0.873,8.546,0.22,true,false
49.6,1488,simulation,324.274,182.776,324,182,326.91,170.273,1,TRACK,2.108,-1.84,0.267,-0.814,8.735,0.22,true,false
49.633,1489,simulation,322.013,187.003,322,186,324.579,174.298,1,TRACK,2.116,-1.865,0.243,-0.757,8.949,0.22,true,false
49.667,1490,simulation,319.716,191.313,319,190,322.339,178.401,1,TRACK,2.122,-1.888,0.19,-0.701,9.152,0.22,true,false
49.7,1491,simulation,317.529,195.711,317,195,319.82,182.557,1,TRACK,2.128,-1.909,0.168,-0.618,9.087,0.22,true,false
49.733,1492,simulation,315.296,200.057,315,199,317.454,187.087,1,TRACK,2.132,-1.928,0.143,-0.567,9.079,0.22,true,false
49.767,1493,simulation,313.026,204.513,313,204,315.192,191.529,1,TRACK,2.136,-1.944,0.118,-0.487,8.923,0.23,true,false
49.8,1494,simulation,310.726,208.93,310,208,313.001,196.251,1,TRACK,2.138,-1.958,0.065,-0.437,8.836,0.22,true,false
49.833,1495,simulation,308.545,213.463,308,213,310.517,200.818,1,TRACK,2.14,-1.97,0.041,-0.359,8.639,0.25,true,false
49.867,1496,simulation,306.323,217.958,306,217,308.177,205.621,1,TRACK,2.14,-1.981,0.016,-0.31,8.6,0.22,true,false
49.9,1497,simulation,304.07,222.568,304,222,305.934,210.24,1,TRACK,2.14,-1.989,-0.01,-0.232,8.477,0.22,true,false
49.933,1498,simulation,301.793,227.134,302,226,303.758,215.074,1,TRACK,2.139,-1.995,-0.037,-0.183,8.513,0.22,true,false
49.967,1499,simulation,299.498,231.807,299,231,301.628,219.71,1,TRACK,2.136,-1.998,-0.091,-0.105,8.409,0.22,true,false
50,1500,simulation,297.33,236.427,297,236,299.187,224.552,1,TRACK,2.132,-1.999,-0.115,-0.03,8.119,0.22,true,false
50.033,1501,simulation,295.13,241.001,295,241,296.878,229.532,1,TRACK,2.127,-1.998,-0.141,0.044,7.71,0.22,true,false
50.067,1502,simulation,292.908,245.531,293,245,294.658,234.604,1,TRACK,2.122,-1.995,-0.168,0.091,7.54,0.22,true,false
50.1,1503,simulation,290.671,250.157,291,250,292.499,239.395,1,TRACK,2.115,-1.989,-0.196,0.168,7.332,0.22,true,false
50.133,1504,simulation,288.423,254.714,288,254,290.383,244.334,1,TRACK,2.107,-1.982,-0.251,0.216,7.236,0.22,true,false
50.167,1505,simulation,286.311,259.343,286,259,287.952,249.031,1,TRACK,2.098,-1.972,-0.276,0.294,7.043,0.23,true,false
50.2,1506,simulation,284.175,263.881,283,264,285.652,253.904,1,TRACK,2.087,-1.96,-0.329,0.371,6.623,0.23,true,false
50.233,1507,simulation,282.167,268.33,282,268,283.097,258.894,1,TRACK,2.076,-1.946,-0.326,0.419,6.411,0.22,true,false
50.267,1508,simulation,279.99,272.829,280,272,281.055,263.621,1,TRACK,2.064,-1.93,-0.355,0.47,6.441,0.22,true,false
50.3,1509,simulation,277.818,277.353,278,277,279.019,268.166,1,TRACK,2.051,-1.912,-0.385,0.551,6.287,0.22,true,false
50.333,1510,simulation,275.653,281.739,275,281,276.988,272.93,1,TRACK,2.036,-1.892,-0.441,0.602,6.143,0.23,true,false
50.367,1511,simulation,273.639,286.131,273,286,274.617,277.498,1,TRACK,2.021,-1.869,-0.467,0.682,5.803,0.23,true,false
50.4,1512,simulation,271.617,290.367,271,290,272.358,282.274,1,TRACK,2.004,-1.844,-0.495,0.734,5.513,0.23,true,false
50.433,1513,simulation,269.594,294.588,269,294,270.176,286.847,1,TRACK,1.987,-1.818,-0.523,0.788,5.349,0.22,true,false
50.467,1514,simulation,267.578,298.772,267,298,268.046,291.282,1,TRACK,1.968,-1.79,-0.553,0.844,5.242,0.23,true,false
50.5,1515,simulation,265.573,302.899,265,302,265.952,295.621,1,TRACK,1.949,-1.76,-0.582,0.901,5.141,0.23,true,false
50.533,1516,simulation,263.584,306.949,263,307,263.883,299.894,1,TRACK,1.929,-1.727,-0.612,0.985,4.676,0.24,true,false
50.567,1517,simulation,261.615,310.767,261,310,261.83,304.464,1,TRACK,1.907,-1.693,-0.642,1.013,4.45,0.24,true,false
50.6,1518,simulation,259.668,314.64,259,314,259.788,308.549,1,TRACK,1.885,-1.658,-0.673,1.073,4.268,0.23,true,false
50.633,1519,simulation,257.747,318.384,257,318,257.755,312.646,1,TRACK,1.861,-1.62,-0.704,1.134,3.953,0.23,true,false
50.667,1520,simulation,255.855,321.988,255,321,255.727,316.75,1,TRACK,1.837,-1.581,-0.735,1.167,3.832,0.23,true,false
50.7,1521,simulation,253.993,325.58,253,325,253.703,320.516,1,TRACK,1.811,-1.54,-0.766,1.232,3.6,0.23,true,false
50.733,1522,simulation,252.166,328.984,251,328,251.682,324.394,1,TRACK,1.785,-1.498,-0.797,1.268,3.456,0.22,true,false
50.767,1523,simulation,250.375,332.335,249,332,249.663,328.005,1,TRACK,1.757,-1.453,-0.828,1.335,3.135,0.23,true,false
50.8,1524,simulation,248.623,335.462,248,334,247.645,331.776,1,TRACK,1.729,-1.408,-0.833,1.346,3.064,0.24,true,false
50.833,1525,simulation,246.771,338.643,246,338,245.971,334.97,1,TRACK,1.7,-1.361,-0.868,1.418,2.773,0.29,true,false
50.867,1526,simulation,244.984,341.546,245,341,244.188,338.457,1,TRACK,1.671,-1.312,-0.876,1.459,2.298,0.24,true,false
50.9,1527,simulation,243.115,344.317,243,344,242.673,341.8,1,TRACK,1.641,-1.262,-0.913,1.503,1.811,0.23,true,false
50.933,1528,simulation,241.327,346.931,240,346,240.998,345.044,1,TRACK,1.608,-1.211,-0.975,1.521,1.701,0.23,true,false
50.967,1529,simulation,239.753,349.51,240,349,238.872,347.879,1,TRACK,1.577,-1.159,-0.953,1.57,1.353,0.24,true,false
51,1530,simulation,237.943,351.874,238,351,237.467,350.777,1,TRACK,1.543,-1.106,-0.992,1.593,1.065,0.23,true,false
51.033,1531,simulation,236.228,354.152,236,354,235.866,353.376,1,TRACK,1.509,-1.051,-1.028,1.645,0.65,0.24,true,false
51.067,1532,simulation,234.598,356.171,235,355,234.132,356.114,1,TRACK,1.475,-0.996,-1.037,1.643,0.465,0.23,true,false
51.1,1533,simulation,232.907,358.208,232,357,232.651,358.262,1,TRACK,1.438,-0.941,-1.102,1.674,0.601,0.23,true,false
51.133,1534,simulation,231.455,360.071,231,359,230.656,360.351,1,TRACK,1.401,-0.884,-1.108,1.706,0.705,0.23,true,false
51.167,1535,simulation,229.932,361.741,230,361,228.997,362.4,1,TRACK,1.364,-0.826,-1.118,1.739,0.628,0.23,true,false
51.2,1536,simulation,228.36,363.202,228,363,227.566,364.422,1,TRACK,1.325,-0.767,-1.157,1.772,0.987,0.23,true,false
51.233,1537,simulation,226.898,364.437,226,364,225.948,366.426,1,TRACK,1.285,-0.707,-1.194,1.778,1.501,0.22,true,false
51.267,1538,simulation,225.537,365.572,225,365,224.202,368.076,1,TRACK,1.245,-0.648,-1.203,1.789,1.819,0.24,true,false
51.3,1539,simulation,224.131,366.573,224,366,222.712,369.485,1,TRACK,1.205,-0.588,-1.215,1.803,2.005,0.23,true,false
51.333,1540,simulation,222.699,367.409,222,367,221.396,370.731,1,TRACK,1.163,-0.527,-1.256,1.819,2.347,0.24,true,false
51.367,1541,simulation,221.395,368.057,221,367,219.855,371.867,1,TRACK,1.121,-0.467,-1.268,1.809,2.468,0.23,true,false
51.4,1542,simulation,220.068,368.639,220,368,218.504,372.587,1,TRACK,1.078,-0.406,-1.282,1.831,2.636,0.23,true,false
51.433,1543,simulation,218.731,368.973,219,369,217.282,373.366,1,TRACK,1.035,-0.344,-1.297,1.852,3.058,0.24,true,false
51.467,1544,simulation,217.397,369.05,216,369,216.146,374.187,1,TRACK,0.989,-0.282,-1.367,1.846,3.64,0.23,true,false
51.5,1545,simulation,216.356,369,216,368,214.386,374.694,1,TRACK,0.944,-0.222,-1.35,1.817,3.737,0.23,true,false
51.533,1546,simulation,215.149,368.933,215,369,213.227,374.646,1,TRACK,0.899,-0.16,-1.366,1.848,4.046,0.23,true,false
51.567,1547,simulation,213.956,368.52,213,368,212.134,374.908,1,TRACK,0.852,-0.1,-1.41,1.822,4.353,0.23,true,false
51.6,1548,simulation,212.928,368.049,213,368,210.744,374.695,1,TRACK,0.805,-0.039,-1.398,1.829,4.63,0.24,true,false
51.633,1549,simulation,211.766,367.338,211,367,209.836,374.504,1,TRACK,0.757,0.022,-1.444,1.808,4.901,0.23,true,false
51.667,1550,simulation,210.785,366.519,210,366,208.571,373.986,1,TRACK,0.708,0.081,-1.459,1.791,5.097,0.23,true,false
51.7,1551,simulation,209.825,365.559,210,365,207.406,373.247,1,TRACK,0.66,0.141,-1.449,1.777,5.164,0.24,true,false
51.733,1552,simulation,208.754,364.434,208,363,206.65,372.359,1,TRACK,0.61,0.199,-1.497,1.738,5.068,0.23,true,false
51.767,1553,simulation,207.884,363.266,207,363,205.487,371.03,1,TRACK,0.559,0.257,-1.514,1.757,5.415,0.23,true,false
51.8,1554,simulation,207.051,361.733,206,361,204.391,370.085,1,TRACK,0.508,0.314,-1.532,1.719,5.718,0.23,true,false
51.833,1555,simulation,206.263,360.132,206,360,203.338,368.72,1,TRACK,0.458,0.372,-1.524,1.712,6.021,0.23,true,false
51.867,1556,simulation,205.383,358.287,205,358,202.658,367.412,1,TRACK,0.406,0.427,-1.547,1.678,6.281,0.23,true,false
51.9,1557,simulation,204.58,356.331,204,356,201.888,365.802,1,TRACK,0.354,0.482,-1.568,1.647,6.498,0.23,true,false
51.933,1558,simulation,203.85,354.239,203,354,201.057,363.989,1,TRACK,0.301,0.536,-1.589,1.619,6.753,0.23,true,false
51.967,1559,simulation,203.195,351.989,203,351,200.184,362.038,1,TRACK,0.248,0.588,-1.583,1.565,6.681,0.24,true,false
52,1560,simulation,202.472,349.706,202,349,199.624,359.654,1,TRACK,0.194,0.64,-1.608,1.543,6.702,0.27,true,false
52.033,1561,simulation,201.846,347.215,201,347,198.934,357.319,1,TRACK,0.14,0.691,-1.63,1.521,7.009,0.26,true,false
52.067,1562,simulation,201.313,344.51,201,344,198.156,355.02,1,TRACK,0.086,0.74,-1.626,1.471,7.166,0.44,true,false
52.1,1563,simulation,200.727,341.73,200,342,197.66,352.404,1,TRACK,0.031,0.788,-1.651,1.452,7.544,0.33,true,false
52.133,1564,simulation,200.253,338.706,200,338,197.012,349.917,1,TRACK,-0.024,0.834,-1.648,1.378,7.559,0.28,true,false
52.167,1565,simulation,199.741,335.724,199,336,196.604,346.834,1,TRACK,-0.08,0.88,-1.674,1.364,7.838,0.31,true,false
52.2,1566,simulation,199.352,332.458,199,332,196.015,344.033,1,TRACK,-0.136,0.923,-1.672,1.294,7.899,0.3,true,false
52.233,1567,simulation,198.935,329.205,199,328,195.646,340.742,1,TRACK,-0.191,0.964,-1.672,1.229,7.585,0.28,true,false
52.267,1568,simulation,198.509,325.93,198,326,195.425,337.118,1,TRACK,-0.248,1.004,-1.7,1.221,7.788,0.28,true,false
52.3,1569,simulation,198.226,322.325,198,322,194.963,333.955,1,TRACK,-0.305,1.043,-1.7,1.154,7.95,0.28,true,false
52.333,1570,simulation,197.934,318.699,198,318,194.678,330.423,1,TRACK,-0.361,1.079,-1.701,1.092,7.861,0.32,true,false
52.367,1571,simulation,197.647,315.025,197,314,194.513,326.641,1,TRACK,-0.419,1.114,-1.73,1.032,7.733,0.36,true,false
52.4,1572,simulation,197.517,311.287,197,311,194.087,322.693,1,TRACK,-0.477,1.147,-1.73,1.001,7.881,0.39,true,false
52.433,1573,simulation,197.389,307.331,197,306,193.825,318.974,1,TRACK,-0.534,1.177,-1.732,0.914,7.715,0.25,true,false
52.467,1574,simulation,197.277,303.452,197,303,193.675,314.731,1,TRACK,-0.592,1.207,-1.735,0.886,7.76,0.24,true,false
52.5,1575,simulation,197.192,299.335,197,299,193.599,310.816,1,TRACK,-0.65,1.235,-1.739,0.828,7.913,0.24,true,false
52.533,1576,simulation,197.14,295.141,197,294,193.575,306.785,1,TRACK,-0.708,1.259,-1.743,0.744,7.749,0.25,true,false
52.567,1577,simulation,197.128,291.004,196,291,193.584,302.334,1,TRACK,-0.767,1.283,-1.775,0.718,8.015,0.26,true,false
52.6,1578,simulation,197.303,286.616,197,286,193.273,298.284,1,TRACK,-0.826,1.304,-1.75,0.635,8.05,0.24,true,false
52.633,1579,simulation,197.365,282.286,197,281,193.429,293.825,1,TRACK,-0.884,1.323,-1.757,0.555,7.745,0.26,true,false
52.667,1580,simulation,197.488,277.992,196,277,193.559,289.09,1,TRACK,-0.944,1.34,-1.79,0.506,7.705,0.23,true,false
52.7,1581,simulation,197.815,273.577,197,273,193.329,284.51,1,TRACK,-1.003,1.355,-1.765,0.455,7.791,0.26,true,false
52.733,1582,simulation,198.044,269.054,197,268,193.538,280.039,1,TRACK,-1.062,1.367,-1.773,0.375,7.717,0.27,true,false
52.767,1583,simulation,198.346,264.573,198,264,193.703,275.301,1,TRACK,-1.12,1.378,-1.753,0.326,7.647,0.25,true,false
52.8,1584,simulation,198.58,259.981,198,259,194.18,270.726,1,TRACK,-1.179,1.387,-1.764,0.247,7.499,0.25,true,false
52.833,1585,simulation,198.91,255.434,199,255,194.525,265.922,1,TRACK,-1.237,1.393,-1.746,0.198,7.415,0.24,true,false
52.867,1586,simulation,199.189,250.78,199,250,195.123,261.306,1,TRACK,-1.296,1.397,-1.758,0.12,7.285,0.24,true,false
52.9,1587,simulation,199.576,246.179,199,245,195.549,256.477,1,TRACK,-1.355,1.399,-1.768,0.044,7.064,0.24,true,false
52.933,1588,simulation,200.066,241.623,200,241,195.859,251.505,1,TRACK,-1.413,1.399,-1.75,-0.004,6.961,0.24,true,false
52.967,1589,simulation,200.511,236.968,200,236,196.43,246.78,1,TRACK,-1.472,1.396,-1.762,-0.081,6.84,0.24,true,false
53,1590,simulation,201.073,232.378,201,232,196.837,241.883,1,TRACK,-1.53,1.391,-1.745,-0.13,6.816,0.25,true,false
53.033,1591,simulation,201.603,227.707,201,227,197.473,237.213,1,TRACK,-1.589,1.385,-1.758,-0.208,6.762,0.24,true,false
53.067,1592,simulation,202.259,223.12,202,222,197.923,232.356,1,TRACK,-1.647,1.375,-1.741,-0.284,6.488,0.25,true,false
53.1,1593,simulation,202.891,218.612,202,218,198.587,227.375,1,TRACK,-1.705,1.364,-1.754,-0.332,6.451,0.25,true,false
53.133,1594,simulation,203.656,214.042,203,214,199.054,222.652,1,TRACK,-1.763,1.351,-1.738,-0.384,6.587,0.27,true,false
53.167,1595,simulation,204.405,209.436,204,209,199.729,218.107,1,TRACK,-1.821,1.336,-1.724,-0.464,6.49,0.27,true,false
53.2,1596,simulation,205.152,204.956,204,204,200.545,213.341,1,TRACK,-1.879,1.318,-1.739,-0.542,6.288,0.27,true,false
53.233,1597,simulation,206.05,200.597,206,200,201.113,208.428,1,TRACK,-1.935,1.298,-1.697,-0.591,5.998,0.27,true,false
53.267,1598,simulation,206.804,196.219,207,195,202.197,203.758,1,TRACK,-1.992,1.276,-1.688,-0.67,5.496,0.26,true,false
53.3,1599,simulation,207.589,191.99,207,192,203.289,198.912,1,TRACK,-2.048,1.253,-1.706,-0.694,5.529,0.28,true,false
53.333,1600,simulation,208.55,187.626,208,188,204.043,194.633,1,TRACK,-2.105,1.227,-1.693,-0.752,5.747,0.63,true,false
53.367,1601,simulation,209.528,183.314,209,183,204.908,190.398,1,TRACK,-2.161,1.2,-1.682,-0.836,5.637,0.27,true,false
53.4,1602,simulation,210.532,179.21,210,179,205.849,185.851,1,TRACK,-2.217,1.17,-1.671,-0.891,5.453,0.28,true,false
53.433,1603,simulation,211.568,175.166,211,175,206.841,181.437,1,TRACK,-2.272,1.138,-1.661,-0.947,5.296,0.23,true,false
53.467,1604,simulation,212.643,171.202,213,171,207.867,177.114,1,TRACK,-2.326,1.105,-1.625,-1.004,4.927,0.23,true,false
53.5,1605,simulation,213.62,167.336,213,167,209.257,172.853,1,TRACK,-2.381,1.069,-1.646,-1.063,4.725,0.22,true,false
53.533,1606,simulation,214.806,163.584,214,163,210.209,168.636,1,TRACK,-2.436,1.032,-1.635,-1.121,4.592,0.22,true,false
53.567,1607,simulation,216.035,159.962,216,160,211.206,164.45,1,TRACK,-2.489,0.994,-1.599,-1.154,4.403,0.22,true,false
53.6,1608,simulation,217.172,156.343,216,156,212.574,160.628,1,TRACK,-2.543,0.953,-1.62,-1.218,4.403,0.22,true,false
53.633,1609,simulation,218.523,152.905,218,153,213.509,156.711,1,TRACK,-2.596,0.911,-1.582,-1.254,4.346,0.22,true,false
53.667,1610,simulation,219.782,149.514,219,149,214.835,153.074,1,TRACK,-2.648,0.867,-1.576,-1.32,4.177,0.24,true,false
53.7,1611,simulation,221.117,146.342,221,146,216.082,149.286,1,TRACK,-2.699,0.822,-1.542,-1.358,3.857,0.22,true,false
53.733,1612,simulation,222.382,143.252,222,142,217.619,145.736,1,TRACK,-2.751,0.774,-1.538,-1.425,3.52,0.22,true,false
53.767,1613,simulation,223.74,140.415,223,140,219.008,142.009,1,TRACK,-2.802,0.726,-1.532,-1.438,3.518,0.36,true,false
53.8,1614,simulation,225.184,137.551,224,137,220.296,138.844,1,TRACK,-2.853,0.677,-1.525,-1.483,3.709,0.22,true,false
53.833,1615,simulation,226.709,134.85,226,135,221.516,135.721,1,TRACK,-2.902,0.627,-1.491,-1.503,3.744,0.22,true,false
53.867,1616,simulation,228.171,132.188,227,132,223.03,132.969,1,TRACK,-2.952,0.575,-1.487,-1.553,3.839,0.22,true,false
53.9,1617,simulation,229.733,129.742,229,129,224.402,130.127,1,TRACK,-3,0.522,-1.454,-1.602,3.791,0.22,true,false
53.933,1618,simulation,231.245,127.522,231,128,226.018,127.223,1,TRACK,-3.048,0.469,-1.424,-1.598,3.559,0.23,true,false
53.967,1619,simulation,232.725,125.256,233,125,227.8,124.963,1,TRACK,-3.094,0.413,-1.396,-1.654,3.196,0.24,true,false
54,1620,simulation,234.184,123.281,234,123,229.693,122.455,1,TRACK,-3.141,0.357,-1.396,-1.682,3.115,0.22,true,false
54.033,1621,simulation,235.772,121.454,236,121,231.32,120.121,1,TRACK,-3.186,0.3,-1.366,-1.711,3.066,0.23,true,false
54.067,1622,simulation,237.333,119.801,237,119,233.106,117.906,1,TRACK,-3.232,0.242,-1.365,-1.741,3.298,0.22,true,false
54.1,1623,simulation,239.02,118.344,238,118,234.658,115.771,1,TRACK,-3.277,0.184,-1.36,-1.746,3.722,0.22,true,false
54.133,1624,simulation,240.822,116.96,240,117,236.05,114.033,1,TRACK,-3.322,0.125,-1.328,-1.756,3.954,0.23,true,false
54.167,1625,simulation,242.587,115.688,242,115,237.675,112.564,1,TRACK,-3.365,0.066,-1.298,-1.796,4.162,0.22,true,false
54.2,1626,simulation,244.331,114.7,243,114,239.458,110.935,1,TRACK,-3.408,0.005,-1.296,-1.807,4.592,0.22,true,false
54.233,1627,simulation,246.207,113.858,245,113,241.005,109.54,1,TRACK,-3.45,-0.055,-1.265,-1.821,4.992,0.23,true,false
54.267,1628,simulation,248.061,113.192,248,113,242.734,108.303,1,TRACK,-3.49,-0.116,-1.21,-1.81,4.868,0.22,true,false
54.3,1629,simulation,249.763,112.583,249,112,244.927,107.515,1,TRACK,-3.531,-0.177,-1.212,-1.831,4.977,0.22,true,false
54.333,1630,simulation,251.626,112.213,251,111,246.751,106.689,1,TRACK,-3.57,-0.238,-1.184,-1.852,5.345,0.23,true,false
54.367,1631,simulation,253.487,112.095,253,111,248.666,105.837,1,TRACK,-3.609,-0.3,-1.157,-1.845,5.645,0.22,true,false
54.4,1632,simulation,255.353,112.098,254,112,250.641,105.309,1,TRACK,-3.648,-0.36,-1.158,-1.816,5.792,0.23,true,false
54.433,1633,simulation,257.37,112.113,257,112,252.315,105.343,1,TRACK,-3.684,-0.421,-1.101,-1.82,5.724,0.22,true,false
54.467,1634,simulation,259.238,112.328,258,111,254.468,105.414,1,TRACK,-3.721,-0.483,-1.103,-1.852,6.189,0.22,true,false
54.5,1635,simulation,261.27,112.901,260,112,256.261,105.169,1,TRACK,-3.757,-0.544,-1.075,-1.826,6.615,0.23,true,false
54.533,1636,simulation,263.303,113.541,263,113,258.151,105.391,1,TRACK,-3.791,-0.604,-1.02,-1.806,6.62,0.22,true,false
54.567,1637,simulation,265.203,114.289,265,114,260.449,105.931,1,TRACK,-3.824,-0.664,-0.997,-1.789,6.513,0.22,true,false
54.6,1638,simulation,267.136,115.175,267,115,262.681,106.685,1,TRACK,-3.857,-0.723,-0.974,-1.775,6.45,0.23,true,false
54.633,1639,simulation,269.1,116.225,269,116,264.868,107.583,1,TRACK,-3.888,-0.781,-0.949,-1.763,6.482,0.22,true,false
54.667,1640,simulation,271.092,117.457,270,117,267.023,108.578,1,TRACK,-3.92,-0.84,-0.951,-1.752,6.793,0.22,true,false
54.7,1641,simulation,273.253,118.889,273,118,268.813,109.637,1,TRACK,-3.95,-0.898,-0.895,-1.741,7.131,0.23,true,false
54.733,1642,simulation,275.279,120.535,275,120,271.039,110.739,1,TRACK,-3.979,-0.955,-0.871,-1.705,7.301,0.24,true,false
54.767,1643,simulation,277.336,122.266,277,122,273.22,112.21,1,TRACK,-4.007,-1.01,-0.846,-1.672,7.352,0.25,true,false
54.8,1644,simulation,279.425,124.113,279,124,275.367,113.932,1,TRACK,-4.034,-1.065,-0.821,-1.643,7.378,0.25,true,false
54.833,1645,simulation,281.541,126.102,281,125,277.493,115.821,1,TRACK,-4.061,-1.12,-0.796,-1.642,7.759,0.24,true,false
54.867,1646,simulation,283.686,128.393,283,128,279.602,117.481,1,TRACK,-4.087,-1.173,-0.77,-1.585,7.954,0.24,true,false
54.9,1647,simulation,285.858,130.696,286,131,281.701,119.668,1,TRACK,-4.11,-1.224,-0.717,-1.535,7.726,0.24,true,false
54.933,1648,simulation,287.915,133.053,288,133,284.133,122.212,1,TRACK,-4.134,-1.274,-0.695,-1.514,7.643,0.25,true,false
54.967,1649,simulation,290.018,135.633,289,135,286.449,124.654,1,TRACK,-4.157,-1.324,-0.698,-1.493,7.989,0.26,true,false
55,1650,simulation,292.304,138.438,292,138,288.344,127.025,1,TRACK,-4.178,-1.372,-0.643,-1.444,8.207,0.24,true,false
55.033,1651,simulation,294.462,141.328,294,141,290.635,129.688,1,TRACK,-4.199,-1.419,-0.619,-1.399,8.302,0.24,true,false
55.067,1652,simulation,296.659,144.327,296,144,292.855,132.549,1,TRACK,-4.219,-1.464,-0.594,-1.356,8.406,0.24,true,false
55.1,1653,simulation,298.891,147.452,298,147,295.024,135.541,1,TRACK,-4.238,-1.508,-0.568,-1.314,8.569,0.24,true,false
55.133,1654,simulation,301.154,150.718,301,150,297.158,138.621,1,TRACK,-4.25,-1.55,-0.516,-1.273,8.717,0.26,true,false
55.167,1655,simulation,302.531,154.133,302,154,299.612,141.759,1,TRACK,-4.25,-1.591,-0.52,-1.207,8.542,0.24,true,false
55.2,1656,simulation,302.1,157.564,302,158,301.596,145.277,1,TRACK,-4.25,-1.629,-0.545,-1.144,8.034,0.25,true,false
55.233,1657,simulation,301.837,161.037,301,161,302.919,149.051,1,TRACK,-4.25,-1.666,-0.589,-1.111,7.996,0.24,true,false
55.267,1658,simulation,301.742,164.712,301,165,303.449,152.655,1,TRACK,-4.25,-1.701,-0.598,-1.05,7.973,0.25,true,false
55.3,1659,simulation,301.815,168.441,301,168,303.784,156.483,1,TRACK,-4.25,-1.735,-0.604,-1.017,8.167,0.28,true,false
55.333,1660,simulation,302.058,172.381,302,172,303.986,160.12,1,TRACK,-4.25,-1.767,-0.582,-0.956,8.378,0.29,true,false
55.367,1661,simulation,302.468,176.379,302,176,304.44,163.967,1,TRACK,-4.25,-1.797,-0.59,-0.897,8.461,0.3,true,false
55.4,1662,simulation,303.047,180.45,303,180,304.724,167.954,1,TRACK,-4.25,-1.824,-0.569,-0.839,8.532,0.28,true,false
55.433,1663,simulation,303.794,184.602,303,184,305.235,172.036,1,TRACK,-4.25,-1.851,-0.577,-0.783,8.588,0.65,true,false
55.467,1664,simulation,304.708,188.842,304,188,305.558,176.179,1,TRACK,-4.25,-1.875,-0.557,-0.727,8.71,0.28,true,false
55.5,1665,simulation,305.79,193.173,305,193,306.096,180.363,1,TRACK,-4.25,-1.896,-0.539,-0.645,8.578,0.3,true,false
55.533,1666,simulation,307.039,197.453,307,197,306.781,184.913,1,TRACK,-4.25,-1.916,-0.495,-0.593,8.494,0.29,true,false
55.567,1667,simulation,308.456,201.847,308,202,307.908,189.37,1,TRACK,-4.25,-1.933,-0.484,-0.514,8.263,0.29,true,false
55.6,1668,simulation,310.038,206.203,310,205,308.993,194.102,1,TRACK,-4.25,-1.95,-0.445,-0.491,8.48,0.26,true,false
55.633,1669,simulation,311.786,210.819,311,210,310.392,198.336,1,TRACK,-4.25,-1.963,-0.436,-0.409,8.659,0.25,true,false
55.667,1670,simulation,313.699,215.38,313,215,311.662,202.913,1,TRACK,-4.25,-1.974,-0.4,-0.331,8.568,0.24,true,false
55.7,1671,simulation,315.777,219.901,315,220,313.186,207.721,1,TRACK,-4.25,-1.983,-0.366,-0.255,8.308,0.23,true,false
55.733,1672,simulation,318.019,224.393,318,224,314.883,212.685,1,TRACK,-4.25,-1.99,-0.307,-0.208,8.19,0.22,true,false
55.767,1673,simulation,320.424,229.002,320,228,317.04,217.411,1,TRACK,-4.25,-1.995,-0.28,-0.158,8.393,0.22,true,false
55.8,1674,simulation,322.992,233.708,322,233,319.166,221.972,1,TRACK,-4.25,-1.998,-0.253,-0.079,8.542,0.24,true,false
55.833,1675,simulation,325.721,238.355,325,238,321.271,226.763,1,TRACK,-4.25,-1.998,-0.199,-0.003,8.458,0.23,true,false
55.867,1676,simulation,328.61,242.95,328,243,323.704,231.707,1,TRACK,-4.25,-1.995,-0.148,0.072,8.227,0.22,true,false
55.9,1677,simulation,331.66,247.495,331,247,326.359,236.754,1,TRACK,-4.25,-1.991,-0.1,0.119,8.214,0.23,true,false
55.933,1678,simulation,334.868,252.131,334,252,329.163,241.526,1,TRACK,-4.25,-1.985,-0.053,0.196,8.189,0.22,true,false
55.967,1679,simulation,338.234,256.693,338,257,332.07,246.453,1,TRACK,-4.249,-1.976,0.019,0.271,7.903,0.23,true,false
56,1680,simulation,341.656,261.182,341,261,335.386,251.483,1,TRACK,-4.247,-1.965,0.06,0.319,7.853,0.22,true,false
56.033,1681,simulation,345.015,265.737,345,265,338.639,256.239,1,TRACK,-4.243,-1.953,0.128,0.37,7.818,0.23,true,false
56.067,1682,simulation,348.164,270.334,348,269,342.189,260.807,1,TRACK,-4.238,-1.939,0.167,0.423,7.889,0.22,true,false
56.1,1683,simulation,351.259,274.95,351,274,345.598,265.245,1,TRACK,-4.231,-1.922,0.207,0.505,7.792,0.29,true,false
56.133,1684,simulation,354.292,279.428,354,278,348.91,269.937,1,TRACK,-4.222,-1.903,0.249,0.557,7.723,0.22,true,false
56.167,1685,simulation,357.254,283.914,357,284,352.156,274.457,1,TRACK,-4.213,-1.881,0.291,0.664,7.161,0.23,true,false
56.2,1686,simulation,360.14,288.104,360,288,355.355,279.544,1,TRACK,-4.202,-1.857,0.334,0.712,6.575,0.23,true,false
56.233,1687,simulation,362.943,292.304,362,292,358.522,284.33,1,TRACK,-4.19,-1.832,0.351,0.764,6.31,0.23,true,false
56.267,1688,simulation,365.803,296.486,365,296,361.325,288.91,1,TRACK,-4.177,-1.805,0.398,0.818,6.132,0.22,true,false
56.3,1689,simulation,368.553,300.625,368,300,364.221,293.348,1,TRACK,-4.162,-1.776,0.445,0.873,5.907,0.22,true,false
56.333,1690,simulation,371.197,304.701,371,304,367.179,297.689,1,TRACK,-4.145,-1.745,0.491,0.93,5.612,0.22,true,false
56.367,1691,simulation,373.736,308.696,373,308,370.18,301.963,1,TRACK,-4.128,-1.712,0.511,0.988,5.387,0.22,true,false
56.4,1692,simulation,376.312,312.594,376,312,372.867,306.19,1,TRACK,-4.11,-1.677,0.56,1.047,5.061,0.22,true,false
56.433,1693,simulation,378.763,316.378,379,316,375.682,310.384,1,TRACK,-4.089,-1.64,0.608,1.106,4.561,0.22,true,false
56.467,1694,simulation,381.093,320.035,380,319,378.584,314.555,1,TRACK,-4.069,-1.602,0.602,1.139,4.48,0.24,true,false
56.5,1695,simulation,383.59,323.691,383,323,380.859,318.367,1,TRACK,-4.047,-1.562,0.657,1.203,4.276,0.22,true,false
56.533,1696,simulation,385.929,327.17,386,327,383.393,322.277,1,TRACK,-4.024,-1.52,0.708,1.265,3.705,0.22,true,false
56.567,1697,simulation,388.123,330.463,388,330,386.103,326.252,1,TRACK,-3.999,-1.476,0.731,1.301,3.264,0.22,true,false
56.6,1698,simulation,390.322,333.703,390,333,388.589,329.928,1,TRACK,-3.974,-1.432,0.757,1.34,3.022,0.22,true,false
56.633,1699,simulation,392.511,336.857,392,336,390.922,333.401,1,TRACK,-3.948,-1.386,0.785,1.382,2.863,0.22,true,false
56.667,1700,simulation,394.677,339.899,394,340,393.152,336.734,1,TRACK,-3.921,-1.337,0.814,1.452,2.415,0.25,true,false
56.7,1701,simulation,396.812,342.665,396,342,395.312,340.315,1,TRACK,-3.893,-1.288,0.843,1.466,2.191,0.22,true,false
56.733,1702,simulation,398.908,345.439,399,345,397.423,343.38,1,TRACK,-3.863,-1.238,0.901,1.512,1.794,0.25,true,false
56.767,1703,simulation,400.819,348.033,400,347,399.843,346.434,1,TRACK,-3.833,-1.187,0.901,1.533,1.685,0.25,true,false
56.8,1704,simulation,402.843,350.575,402,350,401.789,349.14,1,TRACK,-3.802,-1.134,0.934,1.584,1.511,0.27,true,false
56.833,1705,simulation,404.808,352.885,404,352,403.755,351.951,1,TRACK,-3.769,-1.08,0.966,1.607,1.337,0.22,true,false
56.867,1706,simulation,406.712,355.099,406,355,405.734,354.49,1,TRACK,-3.736,-1.025,0.998,1.66,0.991,0.33,true,false
56.9,1707,simulation,408.553,357.042,408,357,407.722,357.188,1,TRACK,-3.702,-0.969,1.031,1.685,0.743,0.22,true,false
56.933,1708,simulation,410.329,358.853,410,358,409.716,359.65,1,TRACK,-3.666,-0.913,1.063,1.686,0.573,0.22,true,false
56.967,1709,simulation,412.037,360.643,412,360,411.714,361.611,1,TRACK,-3.63,-0.855,1.095,1.72,0.485,0.22,true,false
57,1710,simulation,413.674,362.226,413,362,413.715,363.573,1,TRACK,-3.593,-0.797,1.101,1.753,0.844,0.22,true,false
57.033,1711,simulation,415.38,363.587,415,364,415.375,365.535,1,TRACK,-3.555,-0.737,1.138,1.787,1.44,0.23,true,false
57.067,1712,simulation,416.989,364.712,417,364,417.147,367.499,1,TRACK,-3.516,-0.678,1.173,1.768,1.619,0.22,true,false
57.1,1713,simulation,418.504,365.87,418,366,418.993,368.779,1,TRACK,-3.477,-0.618,1.181,1.809,1.984,0.22,true,false
57.133,1714,simulation,420.07,366.723,419,366,420.549,370.28,1,TRACK,-3.437,-0.558,1.192,1.795,2.124,0.22,true,false
57.167,1715,simulation,421.666,367.552,421,367,421.907,371.246,1,TRACK,-3.396,-0.498,1.233,1.814,2.273,0.23,true,false
57.2,1716,simulation,423.134,368.169,422,368,423.474,372.192,1,TRACK,-3.354,-0.437,1.244,1.833,2.623,0.23,true,false
57.233,1717,simulation,424.626,368.56,424,368,424.839,373.125,1,TRACK,-3.312,-0.376,1.285,1.826,2.849,0.23,true,false
57.267,1718,simulation,425.985,368.852,426,368,426.411,373.707,1,TRACK,-3.267,-0.315,1.323,1.823,2.957,0.23,true,false
57.3,1719,simulation,427.22,369.01,427,368,428.123,374.052,1,TRACK,-3.223,-0.254,1.333,1.823,3.06,0.28,true,false
57.333,1720,simulation,428.479,369.007,428,369,429.589,374.236,1,TRACK,-3.178,-0.193,1.346,1.851,3.523,0.22,true,false
57.367,1721,simulation,429.743,368.678,430,368,430.886,374.654,1,TRACK,-3.132,-0.132,1.387,1.823,3.842,0.23,true,false
57.4,1722,simulation,430.858,368.308,430,368,432.413,374.548,1,TRACK,-3.086,-0.071,1.373,1.828,4.116,0.23,true,false
57.433,1723,simulation,432.116,367.711,432,367,433.41,374.429,1,TRACK,-3.039,-0.011,1.418,1.807,4.309,0.23,true,false
57.467,1724,simulation,433.201,367.016,432,367,434.732,373.959,1,TRACK,-2.992,0.05,1.406,1.816,4.654,0.23,true,false
57.5,1725,simulation,434.411,366.047,434,366,435.592,373.595,1,TRACK,-2.944,0.11,1.453,1.798,5.046,0.23,true,false
57.533,1726,simulation,435.431,364.943,435,364,436.821,372.961,1,TRACK,-2.895,0.168,1.469,1.756,5.078,0.23,true,false
57.567,1727,simulation,436.423,363.816,436,363,437.96,371.804,1,TRACK,-2.845,0.227,1.486,1.746,5.116,0.24,true,false
57.6,1728,simulation,437.379,362.482,437,362,439.038,370.633,1,TRACK,-2.795,0.284,1.504,1.737,5.349,0.24,true,false
57.633,1729,simulation,438.29,360.931,438,360,440.075,369.455,1,TRACK,-2.744,0.341,1.523,1.702,5.468,0.23,true,false
57.667,1730,simulation,439.151,359.293,439,358,441.084,367.932,1,TRACK,-2.693,0.397,1.542,1.67,5.454,0.27,true,false
57.7,1731,simulation,439.958,357.537,440,358,442.074,366.175,1,TRACK,-2.641,0.453,1.561,1.694,6.069,0.28,true,false
57.733,1732,simulation,440.705,355.357,441,354,443.052,364.945,1,TRACK,-2.588,0.507,1.58,1.606,6.151,0.42,true,false
57.767,1733,simulation,441.389,353.343,441,353,444.022,362.706,1,TRACK,-2.536,0.56,1.573,1.609,6.324,0.29,true,false
57.8,1734,simulation,442.147,350.999,442,350,444.645,360.81,1,TRACK,-2.482,0.612,1.597,1.555,6.397,0.28,true,false
57.833,1735,simulation,442.814,348.622,442,348,445.375,358.464,1,TRACK,-2.429,0.663,1.593,1.532,6.497,0.28,true,false
57.867,1736,simulation,443.534,346.036,443,346,445.835,356.156,1,TRACK,-2.375,0.714,1.618,1.509,6.853,0.25,true,false
57.9,1737,simulation,444.147,343.234,444,343,446.454,353.875,1,TRACK,-2.321,0.762,1.642,1.46,7.155,0.25,true,false
57.933,1738,simulation,444.657,340.355,444,340,447.183,351.273,1,TRACK,-2.266,0.809,1.638,1.414,7.29,0.24,true,false
57.967,1739,simulation,445.211,337.371,445,336,447.644,348.453,1,TRACK,-2.211,0.854,1.664,1.344,7.082,0.27,true,false
58,1740,simulation,445.647,334.407,445,334,448.266,345.145,1,TRACK,-2.155,0.899,1.661,1.332,7.169,0.25,true,false
58.033,1741,simulation,446.114,331.144,446,330,448.655,342.193,1,TRACK,-2.099,0.941,1.688,1.263,7.159,0.3,true,false
58.067,1742,simulation,446.451,327.882,446,327,449.229,338.799,1,TRACK,-2.043,0.982,1.686,1.226,7.169,0.26,true,false
58.1,1743,simulation,446.809,324.447,446,324,449.587,335.449,1,TRACK,-1.987,1.021,1.686,1.188,7.338,0.27,true,false
58.133,1744,simulation,447.171,320.84,447,321,449.798,332.131,1,TRACK,-1.93,1.06,1.715,1.15,7.749,0.27,true,false
58.167,1745,simulation,447.384,317.059,447,316,450.253,328.836,1,TRACK,-1.872,1.095,1.714,1.058,7.687,0.26,true,false
58.2,1746,simulation,447.6,313.385,448,313,450.531,324.875,1,TRACK,-1.814,1.129,1.743,1.027,7.796,0.27,true,false
58.233,1747,simulation,447.664,309.493,447,309,451.032,321.147,1,TRACK,-1.757,1.161,1.715,0.967,7.85,0.25,true,false
58.267,1748,simulation,447.869,305.538,447,305,451,317.238,1,TRACK,-1.7,1.192,1.72,0.909,7.81,0.27,true,false
58.3,1749,simulation,448.038,301.506,448,301,450.95,313.207,1,TRACK,-1.641,1.22,1.752,0.852,7.852,0.3,true,false
58.333,1750,simulation,448.026,297.39,448,297,451.229,309.096,1,TRACK,-1.583,1.247,1.754,0.796,7.944,0.27,true,false
58.367,1751,simulation,447.99,293.184,447,293,451.39,304.932,1,TRACK,-1.525,1.271,1.731,0.74,7.988,0.26,true,false
58.4,1752,simulation,448.062,288.887,448,289,451.13,300.734,1,TRACK,-1.466,1.294,1.765,0.685,8.171,0.25,true,false
58.433,1753,simulation,447.929,284.497,448,284,451.269,296.515,1,TRACK,-1.407,1.314,1.769,0.603,8.142,0.24,true,false
58.467,1754,simulation,447.755,280.155,447,280,451.337,291.941,1,TRACK,-1.349,1.333,1.746,0.552,8.073,0.24,true,false
58.5,1755,simulation,447.674,275.701,447,275,451.015,287.47,1,TRACK,-1.291,1.348,1.755,0.473,7.851,0.25,true,false
58.533,1756,simulation,447.516,271.285,448,271,450.77,282.73,1,TRACK,-1.231,1.362,1.79,0.423,7.868,0.24,true,false
58.567,1757,simulation,447.143,266.752,447,266,450.922,278.15,1,TRACK,-1.172,1.374,1.767,0.345,7.733,0.24,true,false
58.6,1758,simulation,446.857,262.257,447,262,450.659,273.339,1,TRACK,-1.113,1.384,1.775,0.296,7.727,0.24,true,false
58.633,1759,simulation,446.49,257.648,446,258,450.457,268.715,1,TRACK,-1.054,1.392,1.756,0.245,7.877,0.25,true,false
58.667,1760,simulation,446.183,252.941,446,252,449.955,264.22,1,TRACK,-0.996,1.397,1.767,0.139,7.592,0.26,true,false
58.7,1761,simulation,445.774,248.433,445,248,449.591,259.13,1,TRACK,-0.937,1.4,1.749,0.093,7.333,0.24,true,false
58.733,1762,simulation,445.41,243.809,445,243,448.98,254.323,1,TRACK,-0.879,1.4,1.762,0.016,7.084,0.24,true,false
58.767,1763,simulation,444.93,239.235,445,239,448.544,249.366,1,TRACK,-0.819,1.399,1.772,-0.031,7.088,0.24,true,false
58.8,1764,simulation,444.343,234.566,444,234,448.228,244.653,1,TRACK,-0.761,1.395,1.754,-0.109,6.971,0.24,true,false
58.833,1765,simulation,443.795,229.965,444,230,447.651,239.764,1,TRACK,-0.702,1.39,1.766,-0.158,7.04,0.24,true,false
58.867,1766,simulation,443.124,225.288,442,225,447.24,235.101,1,TRACK,-0.645,1.382,1.723,-0.236,6.849,0.24,true,false
58.9,1767,simulation,442.623,220.698,442,220,446.258,230.249,1,TRACK,-0.587,1.372,1.74,-0.312,6.505,0.28,true,false
58.933,1768,simulation,441.969,216.192,442,215,445.573,225.272,1,TRACK,-0.528,1.359,1.753,-0.387,6.132,0.24,true,false
58.967,1769,simulation,441.178,211.771,441,212,445.091,220.21,1,TRACK,-0.47,1.345,1.737,-0.408,6.232,0.23,true,false
59,1770,simulation,440.4,207.155,440,207,444.405,215.778,1,TRACK,-0.413,1.329,1.724,-0.49,6.22,0.24,true,false
59.033,1771,simulation,439.622,202.676,439,202,443.581,211.09,1,TRACK,-0.356,1.31,1.712,-0.569,5.892,0.22,true,false
59.067,1772,simulation,438.832,198.328,438,197,442.664,206.23,1,TRACK,-0.299,1.289,1.701,-0.646,5.319,0.23,true,false
59.1,1773,simulation,438.021,194.112,438,194,441.685,201.255,1,TRACK,-0.242,1.266,1.718,-0.668,5.302,0.25,true,false
59.133,1774,simulation,437.042,189.747,437,189,441.006,196.887,1,TRACK,-0.185,1.241,1.704,-0.751,5.207,0.26,true,false
59.167,1775,simulation,436.051,185.564,436,185,440.189,192.248,1,TRACK,-0.129,1.215,1.692,-0.804,5.06,0.28,true,false
59.2,1776,simulation,435.037,181.417,435,181,439.28,187.77,1,TRACK,-0.073,1.186,1.682,-0.859,4.958,0.25,true,false
59.233,1777,simulation,433.993,177.328,434,177,438.309,183.401,1,TRACK,-0.017,1.155,1.672,-0.916,4.867,0.24,true,false
59.267,1778,simulation,432.912,173.315,433,173,437.296,179.108,1,TRACK,0.039,1.123,1.662,-0.974,4.766,0.23,true,false
59.3,1779,simulation,431.789,169.394,431,169,436.255,174.868,1,TRACK,0.093,1.088,1.626,-1.032,4.431,0.22,true,false
59.333,1780,simulation,430.762,165.583,430,165,434.854,170.664,1,TRACK,0.147,1.052,1.621,-1.091,4.028,0.25,true,false
59.367,1781,simulation,429.665,161.895,430,162,433.551,166.487,1,TRACK,0.201,1.015,1.641,-1.124,4.101,0.22,true,false
59.4,1782,simulation,428.358,158.205,428,158,432.658,162.67,1,TRACK,0.255,0.975,1.603,-1.187,3.991,0.22,true,false
59.433,1783,simulation,427.15,154.687,426,154,431.36,158.758,1,TRACK,0.307,0.933,1.57,-1.25,3.459,0.22,true,false
59.467,1784,simulation,426.012,151.352,426,151,429.787,154.78,1,TRACK,0.36,0.891,1.593,-1.286,3.31,0.22,true,false
59.5,1785,simulation,424.642,148.066,424,148,428.712,151.102,1,TRACK,0.412,0.846,1.558,-1.325,3.194,0.22,true,false
59.533,1786,simulation,423.352,144.861,423,145,427.293,147.628,1,TRACK,0.464,0.801,1.553,-1.366,3.134,0.24,true,false
59.567,1787,simulation,421.977,141.765,422,141,425.982,144.293,1,TRACK,0.516,0.753,1.546,-1.436,3.028,0.22,true,false
59.6,1788,simulation,420.521,138.941,421,139,424.745,140.711,1,TRACK,0.567,0.705,1.539,-1.45,3.202,0.31,true,false
59.633,1789,simulation,418.987,136.105,418,135,423.56,137.646,1,TRACK,0.616,0.654,1.478,-1.523,2.789,0.25,true,false
59.667,1790,simulation,417.659,133.587,417,133,421.726,134.248,1,TRACK,0.665,0.603,1.477,-1.54,2.496,0.25,true,false
59.7,1791,simulation,416.213,131.098,416,131,420.135,131.309,1,TRACK,0.714,0.55,1.474,-1.562,2.54,0.32,true,false
59.733,1792,simulation,414.661,128.679,414,128,418.712,128.682,1,TRACK,0.763,0.497,1.442,-1.614,2.483,0.24,true,false
59.767,1793,simulation,413.154,126.506,413,126,417.061,125.925,1,TRACK,0.811,0.442,1.439,-1.638,2.606,0.24,true,false
59.8,1794,simulation,411.534,124.444,411,124,415.597,123.422,1,TRACK,0.857,0.387,1.408,-1.665,2.656,0.24,true,false
59.833,1795,simulation,409.952,122.523,410,122,413.92,121.092,1,TRACK,0.904,0.33,1.405,-1.694,2.884,0.24,true,false
59.867,1796,simulation,408.252,120.769,407,120,412.44,118.879,1,TRACK,0.949,0.273,1.347,-1.724,2.809,0.26,true,false
59.9,1797,simulation,406.728,119.202,406,118,410.411,116.746,1,TRACK,0.994,0.214,1.349,-1.756,3.002,0.28,true,false
59.933,1798,simulation,405.062,117.843,405,118,408.693,114.667,1,TRACK,1.039,0.156,1.347,-1.735,3.159,0.29,true,false
59.967,1799,simulation,403.269,116.426,403,116,407.188,113.309,1,TRACK,1.083,0.097,1.316,-1.776,3.353,0.27,true,false
60,1800,simulation,401.505,115.292,401,114,405.487,111.756,1,TRACK,1.126,0.037,1.287,-1.814,3.728,0.26,true,false