t,state,gt_x,gt_y,gt_visible,est_x,est_y,pred_x,pred_y,err_px,det_found,det_x,det_y,det_conf,cv_conf,ai_conf,track_p,chosen_by,cmd_pan,cmd_tilt,act_pan,act_tilt,az_deg,el_deg,proc_ms,ai_runtime
0.0333,CANDIDATE,152.197,609.452,1,257.500,268.500,,,356.843,1,257.500,268.500,1.000,1.000,,,cv,-0.863,0.393,-0.863,0.393,-0.0288,0.0131,5.7759,none
0.0667,ACQUIRE,166.154,599.038,1,260.182,267.427,257.500,268.500,344.684,1,262.500,266.500,1.000,1.000,,,cv,-0.826,0.379,-0.826,0.379,-0.0563,0.0257,1.0517,none
0.1000,TRACK,179.908,588.461,1,262.793,266.218,260.198,267.421,332.731,1,266.500,264.500,1.000,1.000,,,cv,-0.621,0.284,-0.621,0.284,-0.0770,0.0352,0.7942,none
0.1333,TRACK,192.563,578.156,1,265.291,264.837,262.847,266.194,321.649,1,269.500,262.500,1.000,1.000,,,cv,-0.597,0.255,-0.597,0.255,-0.0969,0.0437,0.7619,none
0.1667,TRACK,205.078,567.787,1,268.243,263.630,265.400,264.783,310.646,1,273.500,261.500,1.000,1.000,,,cv,-0.530,0.251,-0.530,0.251,-0.1145,0.0521,6.2098,none
0.2000,TRACK,217.216,557.229,1,270.874,262.492,268.432,263.543,299.582,1,275.500,260.500,1.000,1.000,,,cv,-0.517,0.241,-0.517,0.241,-0.1318,0.0601,0.8968,none
0.2333,TRACK,229.270,546.529,1,273.672,261.040,271.141,262.371,288.921,1,278.500,258.500,1.000,1.000,,,cv,-0.470,0.202,-0.470,0.202,-0.1474,0.0668,0.8198,none
0.2667,TRACK,241.051,535.855,1,276.596,259.714,274.025,260.874,278.419,1,281.500,257.500,1.000,1.000,,,cv,-0.424,0.193,-0.424,0.193,-0.1616,0.0732,0.5072,none
0.3000,TRACK,252.562,525.056,1,279.262,258.472,277.039,259.507,267.917,1,283.500,256.500,1.000,1.000,,,cv,-0.406,0.182,-0.406,0.182,-0.1751,0.0793,0.8246,none
0.3333,TRACK,263.951,514.154,1,281.752,257.289,279.785,258.229,257.481,1,285.500,255.500,1.000,1.000,,,cv,-0.385,0.171,-0.385,0.171,-0.1880,0.0850,1.5814,none
0.3667,TRACK,275.200,503.168,1,284.120,256.148,282.345,257.013,247.181,1,287.500,254.500,1.000,1.000,,,cv,-0.363,0.158,-0.363,0.158,-0.2001,0.0903,0.8420,none
0.4000,TRACK,286.296,492.113,1,286.401,255.379,284.775,255.840,236.734,1,289.500,254.500,1.000,1.000,,,cv,-0.339,0.173,-0.339,0.173,-0.2114,0.0960,0.7891,none
0.4333,TRACK,297.227,480.860,1,288.621,254.521,287.112,255.056,226.503,1,291.500,253.500,1.000,1.000,,,cv,-0.314,0.156,-0.314,0.156,-0.2218,0.1013,0.7825,none
0.4667,TRACK,307.986,469.590,1,290.455,253.602,289.385,254.179,216.698,1,292.500,252.500,1.000,1.000,,,cv,-0.316,0.140,-0.316,0.140,-0.2323,0.1059,2.9420,none
0.5000,TRACK,318.713,458.312,1,292.368,252.643,291.255,253.241,207.349,1,294.500,251.500,1.000,1.000,,,cv,-0.286,0.125,-0.286,0.125,-0.2419,0.1101,0.8995,none
0.5333,TRACK,329.234,447.035,1,294.335,251.658,293.205,252.262,198.469,1,296.500,250.500,1.000,1.000,,,cv,-0.256,0.110,-0.256,0.110,-0.2504,0.1138,0.8104,none
0.5667,TRACK,339.552,435.771,1,295.993,250.998,295.208,251.257,189.838,1,297.500,250.500,1.000,1.000,,,cv,-0.255,0.123,-0.255,0.123,-0.2589,0.1179,0.8168,none
0.6000,TRACK,349.811,424.386,1,297.442,250.216,296.892,250.589,181.873,1,298.500,249.500,1.000,1.000,,,cv,-0.250,0.105,-0.250,0.105,-0.2672,0.1214,1.2659,none
0.6333,TRACK,359.991,413.060,1,299.090,249.695,298.358,249.796,174.348,1,300.500,249.500,1.000,1.000,,,cv,-0.215,0.116,-0.215,0.116,-0.2744,0.1253,0.9068,none
0.6667,TRACK,369.929,401.655,1,300.531,249.008,300.029,249.271,167.683,1,301.500,248.500,1.000,1.000,,,cv,-0.210,0.096,-0.210,0.096,-0.2814,0.1284,0.7932,none
0.7000,TRACK,379.780,390.346,1,301.831,248.209,301.485,248.575,162.108,1,302.500,247.500,1.000,1.000,,,cv,-0.203,0.078,-0.203,0.078,-0.2882,0.1310,0.8269,none
0.7333,TRACK,389.528,379.136,1,303.036,247.675,302.796,247.766,157.362,1,303.500,247.500,1.000,1.000,,,cv,-0.193,0.088,-0.193,0.088,-0.2946,0.1340,0.7589,none
0.7667,TRACK,399.160,367.888,1,304.175,247.321,304.007,247.229,153.488,1,304.500,247.500,1.000,1.000,,,cv,-0.183,0.096,-0.183,0.096,-0.3007,0.1372,3.2347,none
0.8000,TRACK,408.669,356.633,1,305.270,246.750,305.152,246.878,150.883,1,305.500,246.500,1.000,1.000,,,cv,-0.171,0.074,-0.171,0.074,-0.3064,0.1396,0.7988,none
0.8333,TRACK,418.046,345.540,1,306.335,246.370,306.250,246.303,149.379,1,306.500,246.500,1.000,1.000,,,cv,-0.159,0.081,-0.159,0.081,-0.3117,0.1423,1.1918,none
0.8667,TRACK,427.287,334.465,1,307.380,245.781,307.318,245.925,149.140,1,307.500,245.500,1.000,1.000,,,cv,-0.147,0.060,-0.147,0.060,-0.3166,0.1443,0.8274,none
0.9000,TRACK,436.385,323.579,1,308.410,245.389,308.364,245.332,149.971,1,308.500,245.500,1.000,1.000,,,cv,-0.134,0.068,-0.134,0.068,-0.3211,0.1466,0.8186,none
0.9333,TRACK,445.337,312.738,1,309.092,245.131,309.396,244.941,152.097,1,308.500,245.500,1.000,1.000,,,cv,-0.148,0.073,-0.148,0.073,-0.3260,0.1490,3.1721,none
0.9667,TRACK,454.283,301.969,1,309.876,244.625,310.069,244.689,155.376,1,309.500,244.500,1.000,1.000,,,cv,-0.131,0.050,-0.131,0.050,-0.3304,0.1507,0.8872,none
1.0000,TRACK,463.054,291.436,1,310.730,244.289,310.848,244.181,159.453,1,310.500,244.500,1.000,1.000,,,cv,-0.115,0.057,-0.115,0.057,-0.3343,0.1526,0.8362,none
1.0333,TRACK,471.654,280.995,1,311.293,244.069,311.699,243.848,164.558,1,310.500,244.500,1.000,1.000,,,cv,-0.127,0.062,-0.127,0.062,-0.3385,0.1547,0.7563,none
1.0667,TRACK,480.228,270.668,1,311.997,243.588,312.251,243.633,170.397,1,311.500,243.500,1.000,1.000,,,cv,-0.109,0.038,-0.109,0.038,-0.3421,0.1560,0.7465,none
1.1000,TRACK,488.612,260.621,1,312.797,243.270,312.948,243.152,176.670,1,312.500,243.500,1.000,1.000,,,cv,-0.092,0.045,-0.092,0.045,-0.3452,0.1574,4.4416,none
1.1333,TRACK,496.811,250.706,1,313.323,243.061,313.744,242.837,183.647,1,312.500,243.500,1.000,1.000,,,cv,-0.103,0.049,-0.103,0.049,-0.3486,0.1591,0.9821,none
1.1667,TRACK,504.972,240.946,1,314.003,242.926,314.259,242.633,190.980,1,313.500,243.500,1.000,1.000,,,cv,-0.084,0.052,-0.084,0.052,-0.3514,0.1608,0.8668,none
1.2000,TRACK,512.932,231.360,1,314.449,242.504,314.932,242.507,198.797,1,313.500,242.500,1.000,1.000,,,cv,-0.093,0.028,-0.093,0.028,-0.3545,0.1618,0.8314,none
1.2333,TRACK,520.842,222.108,1,315.073,242.225,315.365,242.085,206.749,1,314.500,242.500,1.000,1.000,,,cv,-0.073,0.034,-0.073,0.034,-0.3570,0.1629,0.8231,none
1.2667,TRACK,528.540,213.041,1,315.482,242.042,315.983,241.809,215.022,1,314.500,242.500,1.000,1.000,,,cv,-0.082,0.037,-0.082,0.037,-0.3597,0.1641,2.1653,none
1.3000,TRACK,536.178,204.179,1,316.083,241.925,316.379,241.632,223.308,1,315.500,242.500,1.000,1.000,,,cv,-0.061,0.040,-0.061,0.040,-0.3617,0.1655,1.0912,none
1.3333,TRACK,543.598,195.541,1,316.476,241.852,316.972,241.522,231.795,1,315.500,242.500,1.000,1.000,,,cv,-0.070,0.042,-0.070,0.042,-0.3641,0.1669,0.7872,none
1.3667,TRACK,550.951,187.140,1,316.728,241.472,317.352,241.457,240.442,1,315.500,241.500,1.000,1.000,,,cv,-0.076,0.017,-0.076,0.017,-0.3666,0.1674,0.7512,none
1.4000,TRACK,558.222,179.134,1,317.222,241.220,317.589,241.078,248.869,1,316.500,241.500,1.000,1.000,,,cv,0.000,0.000,0.000,0.000,-0.3666,0.1674,0.7406,none
1.4333,TRACK,564.974,171.487,1,317.544,241.055,318.074,240.829,257.025,1,316.500,241.500,1.000,1.000,,,cv,0.000,0.000,0.000,0.000,-0.3666,0.1674,0.6670,none
1.4667,TRACK,571.609,164.120,1,317.749,240.950,318.382,240.670,265.232,1,316.500,241.500,1.000,1.000,,,cv,0.000,0.000,0.000,0.000,-0.3666,0.1674,0.7938,none
1.5000,TRACK,578.123,157.042,1,317.874,240.884,318.572,240.572,273.421,1,316.500,241.500,1.000,1.000,,,cv,0.000,0.000,0.000,0.000,-0.3666,0.1674,0.7540,none
1.5333,TRACK,584.515,150.262,1,317.946,240.846,318.680,240.514,281.539,1,316.500,241.500,1.000,1.000,,,cv,0.000,0.000,0.000,0.000,-0.3666,0.1674,0.2752,none
1.5667,TRACK,590.784,143.789,1,317.983,240.825,318.734,240.483,289.545,1,316.500,241.500,1.000,1.000,,,cv,0.000,0.000,0.000,0.000,-0.3666,0.1674,3.7412,none
1.6000,TRACK,596.926,137.631,1,317.995,240.817,318.752,240.472,297.405,1,316.500,241.500,1.000,1.000,,,cv,0.000,0.000,0.000,0.000,-0.3666,0.1674,0.3642,none
1.6333,TRACK,602.940,131.797,1,317.991,240.818,318.746,240.472,305.093,1,316.500,241.500,1.000,1.000,,,cv,0.000,0.000,0.000,0.000,-0.3666,0.1674,0.5027,none
1.6667,TRACK,608.824,126.294,1,317.976,240.823,318.724,240.480,312.585,1,316.500,241.500,1.000,1.000,,,cv,0.000,0.000,0.000,0.000,-0.3666,0.1674,0.7273,none
1.7000,TRACK,614.576,121.128,1,317.955,240.832,318.691,240.494,319.864,1,316.500,241.500,1.000,1.000,,,cv,0.000,0.000,0.000,0.000,-0.3666,0.1674,0.7746,none
1.7333,TRACK,620.194,116.307,1,317.929,240.844,318.652,240.511,326.915,1,316.500,241.500,1.000,1.000,,,cv,0.000,0.000,0.000,0.000,-0.3666,0.1674,0.8096,none
1.7667,TRACK,625.676,111.838,1,317.900,240.857,318.609,240.531,333.724,1,316.500,241.500,1.000,1.000,,,cv,0.000,0.000,0.000,0.000,-0.3666,0.1674,2.0566,none
1.8000,TRACK,631.021,107.724,1,317.870,240.870,318.564,240.551,340.281,1,316.500,241.500,1.000,1.000,,,cv,0.000,0.000,0.000,0.000,-0.3666,0.1674,0.8315,none
1.8333,TRACK,636.227,103.973,1,317.839,240.884,318.517,240.572,346.576,1,316.500,241.500,1.000,1.000,,,cv,0.000,0.000,0.000,0.000,-0.3666,0.1674,0.8940,none
1.8667,TRACK,641.292,100.589,1,317.809,240.898,318.470,240.594,352.602,1,316.500,241.500,1.000,1.000,,,cv,0.000,0.000,0.000,0.000,-0.3666,0.1674,0.8621,none
1.9000,TRACK,646.215,97.577,1,317.778,240.912,318.424,240.615,358.352,1,316.500,241.500,1.000,1.000,,,cv,0.000,0.000,0.000,0.000,-0.3666,0.1674,0.3462,none
1.9333,TRACK,650.993,94.939,1,317.747,240.926,318.378,240.636,363.820,1,316.500,241.500,1.000,1.000,,,cv,0.000,0.000,0.000,0.000,-0.3666,0.1674,3.8640,none
1.9667,TRACK,655.626,92.680,1,317.717,240.940,318.333,240.657,369.003,1,316.500,241.500,1.000,1.000,,,cv,0.000,0.000,0.000,0.000,-0.3666,0.1674,0.7952,none
2.0000,TRACK,660.112,90.803,1,317.688,240.953,318.288,240.677,373.898,1,316.500,241.500,1.000,1.000,,,cv,0.000,0.000,0.000,0.000,-0.3666,0.1674,0.7760,none
2.0333,TRACK,664.449,89.309,1,317.659,240.967,318.245,240.697,378.501,1,316.500,241.500,1.000,1.000,,,cv,0.000,0.000,0.000,0.000,-0.3666,0.1674,0.7456,none
2.0667,TRACK,668.636,88.202,1,317.631,240.980,318.202,240.717,382.813,1,316.500,241.500,1.000,1.000,,,cv,0.000,0.000,0.000,0.000,-0.3666,0.1674,0.7426,none
2.1000,TRACK,672.672,87.482,1,317.604,240.992,318.161,240.736,386.832,1,316.500,241.500,1.000,1.000,,,cv,0.000,0.000,0.000,0.000,-0.3666,0.1674,0.6019,none
2.1333,TRACK,676.555,87.150,1,317.577,241.005,318.121,240.754,390.559,1,316.500,241.500,1.000,1.000,,,cv,0.000,0.000,0.000,0.000,-0.3666,0.1674,0.8357,none
2.1667,TRACK,680.284,87.207,1,317.551,241.017,318.081,240.772,393.996,1,316.500,241.500,1.000,1.000,,,cv,0.000,0.000,0.000,0.000,-0.3666,0.1674,0.7971,none
2.2000,TRACK,683.858,87.652,1,317.525,241.028,318.043,240.790,397.145,1,316.500,241.500,1.000,1.000,,,cv,0.000,0.000,0.000,0.000,-0.3666,0.1674,0.7672,none
2.2333,TRACK,687.276,88.486,1,317.501,241.040,318.006,240.807,400.008,1,316.500,241.500,1.000,1.000,,,cv,0.000,0.000,0.000,0.000,-0.3666,0.1674,0.7481,none
2.2667,TRACK,690.536,89.707,1,317.476,241.051,317.969,240.824,402.590,1,316.500,241.500,1.000,1.000,,,cv,0.000,0.000,0.000,0.000,-0.3666,0.1674,1.2002,none
2.3000,TRACK,693.638,91.313,1,317.453,241.062,317.934,240.840,404.895,1,316.500,241.500,1.000,1.000,,,cv,0.000,0.000,0.000,0.000,-0.3666,0.1674,0.8702,none
2.3333,TRACK,696.581,93.302,1,317.430,241.072,317.899,240.856,406.929,1,316.500,241.500,1.000,1.000,,,cv,0.000,0.000,0.000,0.000,-0.3666,0.1674,0.8151,none
2.3667,TRACK,699.363,95.672,1,317.407,241.082,317.865,240.872,408.698,1,316.500,241.500,1.000,1.000,,,cv,0.000,0.000,0.000,0.000,-0.3666,0.1674,0.7490,none
2.4000,TRACK,701.984,98.420,1,317.386,241.092,317.833,240.887,410.208,1,316.500,241.500,1.000,1.000,,,cv,0.000,0.000,0.000,0.000,-0.3666,0.1674,0.7336,none
2.4333,TRACK,704.442,101.542,1,317.364,241.102,317.801,240.902,411.468,1,316.500,241.500,1.000,1.000,,,cv,0.000,0.000,0.000,0.000,-0.3666,0.1674,0.7327,none
2.4667,TRACK,706.738,105.034,1,317.344,241.112,317.769,240.916,412.486,1,316.500,241.500,1.000,1.000,,,cv,0.000,0.000,0.000,0.000,-0.3666,0.1674,1.4783,none
2.5000,TRACK,708.870,108.891,1,317.324,241.121,317.739,240.930,413.271,1,316.500,241.500,1.000,1.000,,,cv,0.000,0.000,0.000,0.000,-0.3666,0.1674,0.9099,none
2.5333,TRACK,710.837,113.110,1,317.304,241.130,317.709,240.944,413.833,1,316.500,241.500,1.000,1.000,,,cv,0.000,0.000,0.000,0.000,-0.3666,0.1674,0.7928,none
2.5667,TRACK,712.640,117.683,1,317.285,241.139,317.680,240.957,414.183,1,316.500,241.500,1.000,1.000,,,cv,0.000,0.000,0.000,0.000,-0.3666,0.1674,0.8037,none
2.6000,TRACK,714.277,122.605,1,317.266,241.148,317.652,240.970,414.331,1,316.500,241.500,1.000,1.000,,,cv,0.000,0.000,0.000,0.000,-0.3666,0.1674,0.7837,none
2.6333,TRACK,715.748,127.870,1,317.248,241.156,317.625,240.982,414.290,1,316.500,241.500,1.000,1.000,,,cv,0.000,0.000,0.000,0.000,-0.3666,0.1674,0.7344,none
2.6667,TRACK,717.052,133.471,1,317.230,241.164,317.598,240.995,414.072,1,316.500,241.500,1.000,1.000,,,cv,0.000,0.000,0.000,0.000,-0.3666,0.1674,0.6887,none
2.7000,TRACK,718.189,139.401,1,317.213,241.172,317.572,241.007,413.690,1,316.500,241.500,1.000,1.000,,,cv,0.000,0.000,0.000,0.000,-0.3666,0.1674,0.7063,none
2.7333,TRACK,719.159,145.652,1,317.196,241.180,317.546,241.019,413.159,1,316.500,241.500,1.000,1.000,,,cv,0.000,0.000,0.000,0.000,-0.3666,0.1674,0.7556,none
2.7667,TRACK,719.961,152.216,1,317.179,241.188,317.521,241.030,412.492,1,316.500,241.500,1.000,1.000,,,cv,0.000,0.000,0.000,0.000,-0.3666,0.1674,0.7410,none
2.8000,TRACK,720.595,159.084,1,317.163,241.195,317.497,241.041,411.703,1,316.500,241.500,1.000,1.000,,,cv,0.000,0.000,0.000,0.000,-0.3666,0.1674,0.7401,none
2.8333,TRACK,721.061,166.248,1,317.147,241.202,317.474,241.052,410.810,1,316.500,241.500,1.000,1.000,,,cv,0.000,0.000,0.000,0.000,-0.3666,0.1674,0.7531,none
2.8667,TRACK,721.359,173.697,1,317.132,241.209,317.450,241.063,409.826,1,316.500,241.500,1.000,1.000,,,cv,0.000,0.000,0.000,0.000,-0.3666,0.1674,0.7495,none
2.9000,TRACK,721.488,181.424,1,317.117,241.216,317.428,241.073,408.767,1,316.500,241.500,1.000,1.000,,,cv,0.000,0.000,0.000,0.000,-0.3666,0.1674,0.3927,none
2.9333,TRACK,721.448,189.417,1,317.102,241.223,317.406,241.083,407.651,1,316.500,241.500,1.000,1.000,,,cv,0.000,0.000,0.000,0.000,-0.3666,0.1674,0.8466,none
2.9667,TRACK,721.241,197.666,1,317.088,241.229,317.385,241.093,406.493,1,316.500,241.500,1.000,1.000,,,cv,0.000,0.000,0.000,0.000,-0.3666,0.1674,0.8586,none
3.0000,TRACK,720.864,206.161,1,317.074,241.236,317.364,241.103,405.311,1,316.500,241.500,1.000,1.000,,,cv,0.000,0.000,0.000,0.000,-0.3666,0.1674,0.7925,none
3.0333,TRACK,720.320,214.890,1,317.061,241.242,317.343,241.112,404.119,1,316.500,241.500,1.000,1.000,,,cv,0.000,0.000,0.000,0.000,-0.3666,0.1674,0.7437,none
3.0667,TRACK,719.607,223.843,1,317.047,241.248,317.323,241.121,402.936,1,316.500,241.500,1.000,1.000,,,cv,0.000,0.000,0.000,0.000,-0.3666,0.1674,0.7345,none
3.1000,TRACK,718.727,233.007,1,317.035,241.254,317.304,241.130,401.777,1,316.500,241.500,1.000,1.000,,,cv,0.000,0.000,0.000,0.000,-0.3666,0.1674,0.7420,none
3.1333,TRACK,717.679,242.370,1,317.022,241.260,317.285,241.139,400.658,1,316.500,241.500,1.000,1.000,,,cv,0.000,0.000,0.000,0.000,-0.3666,0.1674,1.5212,none
3.1667,TRACK,716.464,251.922,1,317.010,241.266,317.266,241.147,399.596,1,316.500,241.500,1.000,1.000,,,cv,0.000,0.000,0.000,0.000,-0.3666,0.1674,0.8181,none
3.2000,TRACK,715.082,261.648,1,316.998,241.271,317.248,241.156,398.605,1,316.500,241.500,1.000,1.000,,,cv,0.000,0.000,0.000,0.000,-0.3666,0.1674,0.7422,none
3.2333,TRACK,713.533,271.537,1,316.986,241.276,317.231,241.164,397.700,1,316.500,241.500,1.000,1.000,,,cv,0.000,0.000,0.000,0.000,-0.3666,0.1674,0.7442,none
3.2667,TRACK,711.819,281.576,1,316.974,241.282,317.214,241.172,396.895,1,316.500,241.500,1.000,1.000,,,cv,0.000,0.000,0.000,0.000,-0.3666,0.1674,0.7289,none
3.3000,TRACK,709.939,291.752,1,316.963,241.287,317.197,241.179,396.203,1,316.500,241.500,1.000,1.000,,,cv,0.000,0.000,0.000,0.000,-0.3666,0.1674,0.7284,none
3.3333,TRACK,707.894,302.051,1,316.952,241.292,317.180,241.187,395.635,1,316.500,241.500,1.000,1.000,,,cv,0.000,0.000,0.000,0.000,-0.3666,0.1674,0.7577,none
3.3667,TRACK,705.686,312.461,1,316.942,241.297,317.164,241.194,395.204,1,316.500,241.500,1.000,1.000,,,cv,0.000,0.000,0.000,0.000,-0.3666,0.1674,0.7049,none
3.4000,TRACK,703.314,322.967,1,316.931,241.302,317.149,241.202,394.919,1,316.500,241.500,1.000,1.000,,,cv,0.000,0.000,0.000,0.000,-0.3666,0.1674,1.6375,none
3.4333,TRACK,700.780,333.556,1,316.921,241.306,317.133,241.209,394.788,1,316.500,241.500,1.000,1.000,,,cv,0.000,0.000,0.000,0.000,-0.3666,0.1674,0.7850,none
3.4667,TRACK,698.083,344.215,1,316.911,241.311,317.119,241.215,394.818,1,316.500,241.500,1.000,1.000,,,cv,0.000,0.000,0.000,0.000,-0.3666,0.1674,0.8038,none
3.5000,TRACK,695.226,354.930,1,316.902,241.315,317.104,241.222,395.016,1,316.500,241.500,1.000,1.000,,,cv,0.000,0.000,0.000,0.000,-0.3666,0.1674,0.7740,none
3.5333,TRACK,692.209,365.686,1,316.892,241.320,317.090,241.229,395.386,1,316.500,241.500,1.000,1.000,,,cv,0.000,0.000,0.000,0.000,-0.3666,0.1674,0.7401,none
3.5667,TRACK,689.033,376.470,1,316.883,241.324,317.076,241.235,395.929,1,316.500,241.500,1.000,1.000,,,cv,0.000,0.000,0.000,0.000,-0.3666,0.1674,0.7262,none
3.6000,TRACK,685.699,387.268,1,316.874,241.328,317.063,241.241,396.649,1,316.500,241.500,1.000,1.000,,,cv,0.000,0.000,0.000,0.000,-0.3666,0.1674,0.7721,none
3.6333,TRACK,682.208,398.065,1,316.865,241.332,317.049,241.247,397.543,1,316.500,241.500,1.000,1.000,,,cv,0.000,0.000,0.000,0.000,-0.3666,0.1674,0.7546,none
3.6667,TRACK,678.561,408.849,1,316.857,241.336,317.036,241.253,398.611,1,316.500,241.500,1.000,1.000,,,cv,0.000,0.000,0.000,0.000,-0.3666,0.1674,0.5169,none
3.7000,TRACK,674.760,419.604,1,316.848,241.340,317.024,241.259,399.849,1,316.500,241.500,1.000,1.000,,,cv,0.000,0.000,0.000,0.000,-0.3666,0.1674,0.7239,none
3.7333,TRACK,670.806,430.317,1,316.840,241.343,317.012,241.265,401.251,1,316.500,241.500,1.000,1.000,,,cv,0.000,0.000,0.000,0.000,-0.3666,0.1674,0.7465,none
3.7667,TRACK,666.699,440.974,1,316.832,241.347,317.000,241.270,402.812,1,316.500,241.500,1.000,1.000,,,cv,0.000,0.000,0.000,0.000,-0.3666,0.1674,0.7373,none
3.8000,TRACK,662.442,451.562,1,316.824,241.351,316.988,241.276,404.524,1,316.500,241.500,1.000,1.000,,,cv,0.000,0.000,0.000,0.000,-0.3666,0.1674,0.7351,none
3.8333,TRACK,658.035,462.066,1,316.817,241.354,316.976,241.281,406.378,1,316.500,241.500,1.000,1.000,,,cv,0.000,0.000,0.000,0.000,-0.3666,0.1674,0.6899,none
3.8667,TRACK,653.480,472.472,1,316.809,241.358,316.965,241.286,408.364,1,316.500,241.500,1.000,1.000,,,cv,0.000,0.000,0.000,0.000,-0.3666,0.1674,1.1816,none
3.9000,TRACK,648.779,482.768,1,316.802,241.361,316.954,241.291,410.471,1,316.500,241.500,1.000,1.000,,,cv,0.000,0.000,0.000,0.000,-0.3666,0.1674,1.4570,none
3.9333,TRACK,643.933,492.941,1,316.795,241.364,316.944,241.296,412.687,1,316.500,241.500,1.000,1.000,,,cv,-0.087,0.033,-0.087,0.033,-0.3695,0.1686,0.9293,none
3.9667,TRACK,639.409,502.798,1,316.788,241.367,316.933,241.301,415.247,1,316.500,241.500,1.000,1.000,,,cv,-0.092,0.041,-0.092,0.041,-0.3726,0.1699,0.8093,none
4.0000,TRACK,634.770,512.465,1,317.116,241.370,316.923,241.305,417.607,1,317.500,241.500,1.000,1.000,,,cv,0.000,0.000,0.000,0.000,-0.3726,0.1699,0.8105,none
4.0333,TRACK,629.499,522.187,1,317.338,241.374,317.256,241.310,419.882,1,317.500,241.500,1.000,1.000,,,cv,0.000,0.000,0.000,0.000,-0.3726,0.1699,0.7553,none
4.0667,TRACK,624.089,531.734,1,317.486,241.376,317.479,241.314,422.271,1,317.500,241.500,1.000,1.000,,,cv,0.000,0.000,0.000,0.000,-0.3726,0.1699,0.4587,none
4.1000,TRACK,618.543,541.092,1,317.585,241.379,317.627,241.319,424.740,1,317.500,241.500,1.000,1.000,,,cv,0.000,0.000,0.000,0.000,-0.3726,0.1699,1.5201,none
4.1333,TRACK,612.862,550.251,1,317.650,241.382,317.725,241.323,427.259,1,317.500,241.500,1.000,1.000,,,cv,0.000,0.000,0.000,0.000,-0.3726,0.1699,0.8641,none
4.1667,TRACK,607.048,559.198,1,317.692,241.385,317.788,241.327,429.805,1,317.500,241.500,1.000,1.000,,,cv,0.000,0.000,0.000,0.000,-0.3726,0.1699,0.8772,none
4.2000,TRACK,601.103,567.921,1,317.718,241.388,317.828,241.331,432.355,1,317.500,241.500,1.000,1.000,,,cv,0.000,0.000,0.000,0.000,-0.3726,0.1699,0.7518,none
4.2333,TRACK,595.029,576.409,1,317.734,241.390,317.852,241.335,434.891,1,317.500,241.500,1.000,1.000,,,cv,0.000,0.000,0.000,0.000,-0.3726,0.1699,0.7721,none
4.2667,TRACK,588.828,584.652,1,317.743,241.393,317.866,241.339,437.394,1,317.500,241.500,1.000,1.000,,,cv,0.000,0.000,0.000,0.000,-0.3726,0.1699,0.7722,none
4.3000,TRACK,582.502,592.638,1,317.747,241.395,317.872,241.343,439.848,1,317.500,241.500,1.000,1.000,,,cv,0.000,0.000,0.000,0.000,-0.3726,0.1699,0.7598,none
4.3333,TRACK,576.052,600.357,1,317.748,241.398,317.873,241.346,442.236,1,317.500,241.500,1.000,1.000,,,cv,0.000,0.000,0.000,0.000,-0.3726,0.1699,0.8659,none
4.3667,TRACK,569.481,607.800,1,317.747,241.400,317.871,241.350,444.543,1,317.500,241.500,1.000,1.000,,,cv,0.000,0.000,0.000,0.000,-0.3726,0.1699,0.7626,none
4.4000,TRACK,562.792,614.956,1,317.744,241.403,317.867,241.353,446.755,1,317.500,241.500,1.000,1.000,,,cv,0.000,0.000,0.000,0.000,-0.3726,0.1699,0.7383,none
4.4333,TRACK,555.986,621.816,1,317.741,241.405,317.862,241.357,448.858,1,317.500,241.500,1.000,1.000,,,cv,0.000,0.000,0.000,0.000,-0.3726,0.1699,1.3176,none
4.4667,TRACK,549.065,628.372,1,317.737,241.407,317.856,241.360,450.837,1,317.500,241.500,1.000,1.000,,,cv,0.000,0.000,0.000,0.000,-0.3726,0.1699,0.8006,none
4.5000,TRACK,542.032,634.614,1,317.732,241.409,317.849,241.363,452.681,1,317.500,241.500,1.000,1.000,,,cv,0.000,0.000,0.000,0.000,-0.3726,0.1699,0.7772,none
4.5333,TRACK,534.888,640.535,1,317.727,241.411,317.842,241.367,454.378,1,317.500,241.500,1.000,1.000,,,cv,0.000,0.000,0.000,0.000,-0.3726,0.1699,0.7393,none
4.5667,TRACK,527.637,646.128,1,317.722,241.413,317.834,241.370,455.915,1,317.500,241.500,1.000,1.000,,,cv,0.000,0.000,0.000,0.000,-0.3726,0.1699,0.7884,none
4.6000,TRACK,520.281,651.384,1,317.718,241.415,317.827,241.373,457.281,1,317.500,241.500,1.000,1.000,,,cv,0.000,0.000,0.000,0.000,-0.3726,0.1699,0.7604,none
4.6333,TRACK,512.822,656.297,1,317.713,241.417,317.820,241.376,458.468,1,317.500,241.500,1.000,1.000,,,cv,0.000,0.000,0.000,0.000,-0.3726,0.1699,0.7669,none
4.6667,TRACK,505.262,660.861,1,317.708,241.419,317.812,241.379,459.465,1,317.500,241.500,1.000,1.000,,,cv,0.000,0.000,0.000,0.000,-0.3726,0.1699,0.7463,none
4.7000,TRACK,497.604,665.070,1,317.703,241.421,317.805,241.382,460.264,1,317.500,241.500,1.000,1.000,,,cv,0.000,0.000,0.000,0.000,-0.3726,0.1699,1.3586,none
4.7333,TRACK,489.851,668.918,1,317.698,241.423,317.798,241.384,460.856,1,317.500,241.500,1.000,1.000,,,cv,0.000,0.000,0.000,0.000,-0.3726,0.1699,0.7421,none
4.7667,TRACK,482.004,672.400,1,317.694,241.425,317.791,241.387,461.235,1,317.500,241.500,1.000,1.000,,,cv,0.000,0.000,0.000,0.000,-0.3726,0.1699,1.3628,none
4.8000,TRACK,474.067,675.512,1,317.689,241.427,317.785,241.390,461.394,1,317.500,241.500,1.000,1.000,,,cv,0.000,0.000,0.000,0.000,-0.3726,0.1699,0.8171,none
4.8333,TRACK,466.042,678.250,1,317.685,241.428,317.778,241.392,461.328,1,317.500,241.500,1.000,1.000,,,cv,0.000,0.000,0.000,0.000,-0.3726,0.1699,0.8046,none
4.8667,TRACK,457.931,680.610,1,317.681,241.430,317.772,241.395,461.031,1,317.500,241.500,1.000,1.000,,,cv,0.000,0.000,0.000,0.000,-0.3726,0.1699,1.3433,none
4.9000,TRACK,449.738,682.590,1,317.676,241.432,317.765,241.397,460.501,1,317.500,241.500,1.000,1.000,,,cv,0.000,0.000,0.000,0.000,-0.3726,0.1699,0.8281,none
4.9333,TRACK,441.464,684.186,1,317.672,241.433,317.759,241.400,459.733,1,317.500,241.500,1.000,1.000,,,cv,0.000,0.000,0.000,0.000,-0.3726,0.1699,0.7910,none
4.9667,TRACK,433.114,685.396,1,317.668,241.435,317.753,241.402,458.726,1,317.500,241.500,1.000,1.000,,,cv,0.000,0.000,0.000,0.000,-0.3726,0.1699,0.7541,none
5.0000,TRACK,424.688,686.220,1,317.664,241.436,317.747,241.404,457.478,1,317.500,241.500,1.000,1.000,,,cv,0.000,0.000,0.000,0.000,-0.3726,0.1699,0.7371,none
5.0333,TRACK,416.190,686.655,1,317.660,241.438,317.741,241.406,455.989,1,317.500,241.500,1.000,1.000,,,cv,0.000,0.000,0.000,0.000,-0.3726,0.1699,0.7500,none
5.0667,TRACK,407.623,686.702,1,317.657,241.439,317.736,241.409,454.260,1,317.500,241.500,1.000,1.000,,,cv,0.000,0.000,0.000,0.000,-0.3726,0.1699,0.7284,none
5.1000,TRACK,398.990,686.360,1,317.653,241.441,317.730,241.411,452.293,1,317.500,241.500,1.000,1.000,,,cv,0.000,0.000,0.000,0.000,-0.3726,0.1699,0.7520,none
5.1333,TRACK,390.293,685.629,1,317.650,241.442,317.725,241.413,450.088,1,317.500,241.500,1.000,1.000,,,cv,0.000,0.000,0.000,0.000,-0.3726,0.1699,1.1094,none
5.1667,TRACK,381.535,684.512,1,317.646,241.443,317.720,241.415,447.651,1,317.500,241.500,1.000,1.000,,,cv,0.000,0.000,0.000,0.000,-0.3726,0.1699,0.8575,none
5.2000,TRACK,372.719,683.008,1,317.643,241.445,317.714,241.417,444.985,1,317.500,241.500,1.000,1.000,,,cv,0.000,0.000,0.000,0.000,-0.3726,0.1699,0.7164,none
5.2333,TRACK,363.848,681.121,1,317.639,241.446,317.709,241.419,442.096,1,317.500,241.500,1.000,1.000,,,cv,0.000,0.000,0.000,0.000,-0.3726,0.1699,0.7718,none
5.2667,TRACK,354.924,678.852,1,317.636,241.447,317.705,241.421,438.991,1,317.500,241.500,1.000,1.000,,,cv,0.000,0.000,0.000,0.000,-0.3726,0.1699,0.7532,none
5.3000,TRACK,345.952,676.204,1,317.633,241.449,317.700,241.423,435.677,1,317.500,241.500,1.000,1.000,,,cv,0.000,0.000,0.000,0.000,-0.3726,0.1699,1.4690,none
5.3333,TRACK,336.932,673.181,1,317.630,241.450,317.695,241.424,432.163,1,317.500,241.500,1.000,1.000,,,cv,0.000,0.000,0.000,0.000,-0.3726,0.1699,0.3954,none
5.3667,TRACK,327.870,669.788,1,317.627,241.451,317.691,241.426,428.459,1,317.500,241.500,1.000,1.000,,,cv,0.000,0.000,0.000,0.000,-0.3726,0.1699,0.7658,none
5.4000,TRACK,318.766,666.027,1,317.624,241.452,317.686,241.428,424.577,1,317.500,241.500,1.000,1.000,,,cv,0.000,0.000,0.000,0.000,-0.3726,0.1699,0.7703,none
5.4333,TRACK,309.625,661.904,1,317.621,241.453,317.682,241.430,420.527,1,317.500,241.500,1.000,1.000,,,cv,0.000,0.000,0.000,0.000,-0.3726,0.1699,0.7637,none
5.4667,TRACK,300.449,657.425,1,317.618,241.454,317.678,241.431,416.325,1,317.500,241.500,1.000,1.000,,,cv,0.000,0.000,0.000,0.000,-0.3726,0.1699,0.7659,none
5.5000,TRACK,291.241,652.595,1,317.615,241.455,317.673,241.433,411.985,1,317.500,241.500,1.000,1.000,,,cv,0.000,0.000,0.000,0.000,-0.3726,0.1699,0.7328,none
5.5333,TRACK,282.005,647.421,1,317.613,241.456,317.669,241.434,407.523,1,317.500,241.500,1.000,1.000,,,cv,0.000,0.000,0.000,0.000,-0.3726,0.1699,0.7343,none
5.5667,TRACK,272.743,641.909,1,317.610,241.457,317.665,241.436,402.957,1,317.500,241.500,1.000,1.000,,,cv,0.000,0.000,0.000,0.000,-0.3726,0.1699,0.7400,none
5.6000,TRACK,263.458,636.066,1,317.607,241.458,317.661,241.437,398.305,1,317.500,241.500,1.000,1.000,,,cv,0.000,0.000,0.000,0.000,-0.3726,0.1699,0.7370,none
5.6333,TRACK,254.153,629.900,1,317.605,241.459,317.658,241.439,393.589,1,317.500,241.500,1.000,1.000,,,cv,0.000,0.000,0.000,0.000,-0.3726,0.1699,0.7260,none
5.6667,TRACK,244.831,623.418,1,317.602,241.460,317.654,241.440,388.829,1,317.500,241.500,1.000,1.000,,,cv,0.000,0.000,0.000,0.000,-0.3726,0.1699,0.8682,none
5.7000,TRACK,235.496,616.631,1,317.600,241.461,317.650,241.442,384.048,1,317.500,241.500,1.000,1.000,,,cv,0.000,0.000,0.000,0.000,-0.3726,0.1699,0.7730,none
5.7333,TRACK,226.150,609.545,1,317.598,241.462,317.647,241.443,379.272,1,317.500,241.500,1.000,1.000,,,cv,0.000,0.000,0.000,0.000,-0.3726,0.1699,0.7928,none
5.7667,TRACK,216.797,602.170,1,317.595,241.463,317.644,241.444,374.526,1,317.500,241.500,1.000,1.000,,,cv,0.000,0.000,0.000,0.000,-0.3726,0.1699,0.7904,none
5.8000,TRACK,207.438,594.516,1,317.593,241.464,317.640,241.446,369.838,1,317.500,241.500,1.000,1.000,,,cv,0.000,0.000,0.000,0.000,-0.3726,0.1699,0.7854,none
5.8333,TRACK,198.079,586.594,1,317.591,241.465,317.637,241.447,365.236,1,317.500,241.500,1.000,1.000,,,cv,0.000,0.000,0.000,0.000,-0.3726,0.1699,1.3922,none
5.8667,TRACK,188.720,578.412,1,317.589,241.466,317.634,241.448,360.749,1,317.500,241.500,1.000,1.000,,,cv,0.000,0.000,0.000,0.000,-0.3726,0.1699,1.5175,none
5.9000,TRACK,179.366,569.981,1,317.587,241.466,317.631,241.449,356.408,1,317.500,241.500,1.000,1.000,,,cv,0.000,0.000,0.000,0.000,-0.3726,0.1699,0.7376,none
5.9333,TRACK,170.020,561.313,1,317.585,241.467,317.628,241.451,352.246,1,317.500,241.500,1.000,1.000,,,cv,0.000,0.000,0.000,0.000,-0.3726,0.1699,0.7447,none
5.9667,TRACK,160.684,552.419,1,317.583,241.468,317.625,241.452,348.293,1,317.500,241.500,1.000,1.000,,,cv,0.000,0.000,0.000,0.000,-0.3726,0.1699,1.0175,none
6.0000,TRACK,151.361,543.310,1,317.581,241.469,317.622,241.453,344.583,1,317.500,241.500,1.000,1.000,,,cv,0.000,0.000,0.000,0.000,-0.3726,0.1699,0.9210,none
6.0333,TRACK,142.055,533.999,1,317.579,241.469,317.619,241.454,341.148,1,317.500,241.500,1.000,1.000,,,cv,0.000,0.000,0.000,0.000,-0.3726,0.1699,0.9028,none
6.0667,TRACK,132.769,524.496,1,317.577,241.470,317.616,241.455,338.021,1,317.500,241.500,1.000,1.000,,,cv,0.000,0.000,0.000,0.000,-0.3726,0.1699,0.9551,none
6.1000,TRACK,123.505,514.815,1,317.575,241.471,317.613,241.456,335.232,1,317.500,241.500,1.000,1.000,,,cv,0.000,0.000,0.000,0.000,-0.3726,0.1699,0.7568,none
6.1333,TRACK,114.267,504.968,1,317.574,241.471,317.611,241.457,332.812,1,317.500,241.500,1.000,1.000,,,cv,0.000,0.000,0.000,0.000,-0.3726,0.1699,0.7221,none
6.1667,TRACK,105.057,494.968,1,317.572,241.472,317.608,241.458,330.791,1,317.500,241.500,1.000,1.000,,,cv,0.000,0.000,0.000,0.000,-0.3726,0.1699,0.7693,none
6.2000,TRACK,95.879,484.827,1,317.570,241.473,317.606,241.459,329.194,1,317.500,241.500,1.000,1.000,,,cv,0.000,0.000,0.000,0.000,-0.3726,0.1699,0.7490,none
6.2333,TRACK,86.735,474.560,1,317.569,241.473,317.603,241.460,328.044,1,317.500,241.500,1.000,1.000,,,cv,0.000,0.000,0.000,0.000,-0.3726,0.1699,0.7769,none
6.2667,TRACK,77.629,464.178,1,317.567,241.474,317.601,241.461,327.364,1,317.500,241.500,1.000,1.000,,,cv,0.000,0.000,0.000,0.000,-0.3726,0.1699,0.7676,none
6.3000,TRACK,68.564,453.696,1,317.565,241.475,317.598,241.462,327.169,1,317.500,241.500,1.000,1.000,,,cv,0.000,0.000,0.000,0.000,-0.3726,0.1699,0.9838,none
6.3333,TRACK,59.542,443.128,1,317.564,241.475,317.596,241.463,327.474,1,317.500,241.500,1.000,1.000,,,cv,0.000,0.000,0.000,0.000,-0.3726,0.1699,0.7747,none
6.3667,TRACK,50.566,432.486,1,317.562,241.476,317.594,241.464,328.287,1,317.500,241.500,1.000,1.000,,,cv,0.000,0.000,0.000,0.000,-0.3726,0.1699,0.7545,none
6.4000,TRACK,41.639,421.785,1,317.561,241.476,317.592,241.464,329.612,1,317.500,241.500,1.000,1.000,,,cv,0.000,0.000,0.000,0.000,-0.3726,0.1699,1.3613,none
6.4333,TRACK,32.764,411.039,1,317.560,241.477,317.589,241.465,331.451,1,317.500,241.500,1.000,1.000,,,cv,0.000,0.000,0.000,0.000,-0.3726,0.1699,0.7769,none
6.4667,TRACK,23.945,400.261,1,317.558,241.477,317.587,241.466,333.798,1,317.500,241.500,1.000,1.000,,,cv,0.000,0.000,0.000,0.000,-0.3726,0.1699,0.7557,none
6.5000,TRACK,15.183,389.465,1,317.557,241.478,317.585,241.467,336.646,1,317.500,241.500,1.000,1.000,,,cv,0.000,0.000,0.000,0.000,-0.3726,0.1699,0.6132,none
6.5333,TRACK,6.482,378.666,1,317.555,241.479,317.583,241.468,339.982,1,317.500,241.500,1.000,1.000,,,cv,0.000,0.000,0.000,0.000,-0.3726,0.1699,0.8334,none
6.5667,TRACK,-2.156,367.878,1,317.554,241.479,317.581,241.468,343.790,1,317.500,241.500,1.000,1.000,,,cv,0.000,0.000,0.000,0.000,-0.3726,0.1699,0.7582,none
6.6000,TRACK,-10.728,357.114,1,317.553,241.480,317.580,241.469,348.051,1,317.500,241.500,1.000,1.000,,,cv,0.000,0.000,0.000,0.000,-0.3726,0.1699,0.7472,none
6.6333,TRACK,-19.230,346.388,1,317.552,241.480,317.578,241.470,352.743,1,317.500,241.500,1.000,1.000,,,cv,0.000,0.000,0.000,0.000,-0.3726,0.1699,0.8033,none
6.6667,TRACK,-27.660,335.714,1,317.550,241.480,317.576,241.471,357.841,1,317.500,241.500,1.000,1.000,,,cv,0.000,0.000,0.000,0.000,-0.3726,0.1699,0.8218,none
6.7000,TRACK,-36.016,325.107,1,317.549,241.481,317.574,241.471,363.321,1,317.500,241.500,1.000,1.000,,,cv,0.000,0.000,0.000,0.000,-0.3726,0.1699,1.2878,none
6.7333,TRACK,-44.295,314.580,1,317.548,241.481,317.572,241.472,369.153,1,317.500,241.500,1.000,1.000,,,cv,0.000,0.000,0.000,0.000,-0.3726,0.1699,0.6895,none
6.7667,TRACK,-52.494,304.146,1,317.547,241.482,317.571,241.473,375.309,1,317.500,241.500,1.000,1.000,,,cv,0.000,0.000,0.000,0.000,-0.3726,0.1699,0.7470,none
6.8000,TRACK,-60.610,293.819,1,317.546,241.482,317.569,241.473,381.760,1,317.500,241.500,1.000,1.000,,,cv,0.000,0.000,0.000,0.000,-0.3726,0.1699,0.7406,none
6.8333,TRACK,-68.641,283.612,1,317.545,241.483,317.567,241.474,388.477,1,317.500,241.500,1.000,1.000,,,cv,0.000,0.000,0.000,0.000,-0.3726,0.1699,0.7331,none
6.8667,TRACK,-76.584,273.539,1,317.544,241.483,317.566,241.474,395.429,1,317.500,241.500,1.000,1.000,,,cv,0.000,0.000,0.000,0.000,-0.3726,0.1699,0.7756,none
6.9000,TRACK,-84.436,263.613,1,317.543,241.483,317.564,241.475,402.588,1,317.500,241.500,1.000,1.000,,,cv,0.000,0.000,0.000,0.000,-0.3726,0.1699,0.7701,none
6.9333,TRACK,-92.196,253.846,1,317.542,241.484,317.563,241.476,409.924,1,317.500,241.500,1.000,1.000,,,cv,0.000,0.000,0.000,0.000,-0.3726,0.1699,0.3116,none
6.9667,TRACK,-99.860,244.252,1,317.541,241.484,317.561,241.476,417.410,1,317.500,241.500,1.000,1.000,,,cv,0.000,0.000,0.000,0.000,-0.3726,0.1699,0.7748,none
7.0000,TRACK,-107.427,234.842,1,317.540,241.485,317.560,241.477,425.018,1,317.500,241.500,1.000,1.000,,,cv,0.000,0.000,0.000,0.000,-0.3726,0.1699,0.8292,none
7.0333,TRACK,-114.893,225.629,1,317.539,241.485,317.558,241.477,432.722,1,317.500,241.500,1.000,1.000,,,cv,0.000,0.000,0.000,0.000,-0.3726,0.1699,0.7318,none
7.0667,TRACK,-122.256,216.624,1,317.538,241.485,317.557,241.478,440.496,1,317.500,241.500,1.000,1.000,,,cv,0.000,0.000,0.000,0.000,-0.3726,0.1699,0.7314,none
7.1000,TRACK,-129.513,207.840,1,317.537,241.486,317.556,241.478,448.315,1,317.500,241.500,1.000,1.000,,,cv,0.000,0.000,0.000,0.000,-0.3726,0.1699,0.6500,none
7.1333,TRACK,-136.664,199.288,1,317.536,241.486,317.554,241.479,456.156,1,317.500,241.500,1.000,1.000,,,cv,0.000,0.000,0.000,0.000,-0.3726,0.1699,0.7376,none
7.1667,TRACK,-143.704,190.979,1,317.535,241.486,317.553,241.479,463.997,1,317.500,241.500,1.000,1.000,,,cv,0.000,0.000,0.000,0.000,-0.3726,0.1699,1.2889,none
7.2000,TRACK,-150.633,182.924,1,317.535,241.487,317.552,241.480,471.816,1,317.500,241.500,1.000,1.000,,,cv,0.000,0.000,0.000,0.000,-0.3726,0.1699,2.9430,none
7.2333,TRACK,-157.447,175.132,1,317.534,241.487,317.551,241.480,479.593,1,317.500,241.500,1.000,1.000,,,cv,0.000,0.000,0.000,0.000,-0.3726,0.1699,0.8104,none
7.2667,TRACK,-164.144,167.615,1,317.533,241.487,317.550,241.481,487.309,1,317.500,241.500,1.000,1.000,,,cv,0.000,0.000,0.000,0.000,-0.3726,0.1699,0.3603,none
7.3000,TRACK,-170.722,160.382,1,317.532,241.488,317.548,241.481,494.945,1,317.500,241.500,1.000,1.000,,,cv,0.000,0.000,0.000,0.000,-0.3726,0.1699,0.7960,none
7.3333,TRACK,-177.180,153.442,1,317.531,241.488,317.547,241.482,502.485,1,317.500,241.500,1.000,1.000,,,cv,0.000,0.000,0.000,0.000,-0.3726,0.1699,0.6947,none
7.3667,TRACK,-183.515,146.804,1,317.531,241.488,317.546,241.482,509.913,1,317.500,241.500,1.000,1.000,,,cv,0.000,0.000,0.000,0.000,-0.3726,0.1699,0.6577,none
7.4000,TRACK,-189.724,140.478,1,317.530,241.488,317.545,241.483,517.214,1,317.500,241.500,1.000,1.000,,,cv,0.000,0.000,0.000,0.000,-0.3726,0.1699,0.2503,none
7.4333,TRACK,-195.807,134.470,1,317.529,241.489,317.544,241.483,524.373,1,317.500,241.500,1.000,1.000,,,cv,0.000,0.000,0.000,0.000,-0.3726,0.1699,0.6172,none
7.4667,TRACK,-201.760,128.789,1,317.529,241.489,317.543,241.483,531.378,1,317.500,241.500,1.000,1.000,,,cv,0.000,0.000,0.000,0.000,-0.3726,0.1699,0.7781,none
7.5000,TRACK,-207.583,123.443,1,317.528,241.489,317.542,241.484,538.216,1,317.500,241.500,1.000,1.000,,,cv,0.000,0.000,0.000,0.000,-0.3726,0.1699,0.7673,none
7.5333,TRACK,-213.272,118.437,1,317.527,241.489,317.541,241.484,544.876,1,317.500,241.500,1.000,1.000,,,cv,0.000,0.000,0.000,0.000,-0.3726,0.1699,0.7554,none
7.5667,TRACK,-218.827,113.780,1,317.527,241.490,317.540,241.484,551.349,1,317.500,241.500,1.000,1.000,,,cv,0.000,0.000,0.000,0.000,-0.3726,0.1699,0.7431,none
7.6000,TRACK,-224.246,109.476,1,317.526,241.490,317.539,241.485,557.624,1,317.500,241.500,1.000,1.000,,,cv,0.000,0.000,0.000,0.000,-0.3726,0.1699,0.7339,none
7.6333,TRACK,-229.526,105.531,1,317.525,241.490,317.538,241.485,563.693,1,317.500,241.500,1.000,1.000,,,cv,0.000,0.000,0.000,0.000,-0.3726,0.1699,0.7536,none
7.6667,TRACK,-234.667,101.951,1,317.525,241.490,317.537,241.486,569.549,1,317.500,241.500,1.000,1.000,,,cv,0.000,0.000,0.000,0.000,-0.3726,0.1699,0.7938,none
7.7000,TRACK,-239.665,98.740,1,317.524,241.491,317.536,241.486,575.185,1,317.500,241.500,1.000,1.000,,,cv,0.000,0.000,0.000,0.000,-0.3726,0.1699,1.1702,none
7.7333,TRACK,-244.521,95.902,1,317.524,241.491,317.536,241.486,580.595,1,317.500,241.500,1.000,1.000,,,cv,0.000,0.000,0.000,0.000,-0.3726,0.1699,0.9599,none
7.7667,TRACK,-249.231,93.441,1,317.523,241.491,317.535,241.487,585.773,1,317.500,241.500,1.000,1.000,,,cv,0.000,0.000,0.000,0.000,-0.3726,0.1699,0.7381,none
7.8000,TRACK,-253.796,91.360,1,317.523,241.491,317.534,241.487,590.715,1,317.500,241.500,1.000,1.000,,,cv,0.000,0.000,0.000,0.000,-0.3726,0.1699,0.7598,none
7.8333,TRACK,-258.212,89.661,1,317.522,241.491,317.533,241.487,595.418,1,317.500,241.500,1.000,1.000,,,cv,0.000,0.000,0.000,0.000,-0.3726,0.1699,0.7494,none
7.8667,TRACK,-262.479,88.348,1,317.522,241.492,317.532,241.487,599.878,1,317.500,241.500,1.000,1.000,,,cv,0.000,0.000,0.000,0.000,-0.3726,0.1699,0.7463,none
7.9000,TRACK,-266.596,87.421,1,317.521,241.492,317.532,241.488,604.095,1,317.500,241.500,1.000,1.000,,,cv,0.000,0.000,0.000,0.000,-0.3726,0.1699,0.7560,none
7.9333,TRACK,-270.560,86.882,1,317.521,241.492,317.531,241.488,608.065,1,317.500,241.500,1.000,1.000,,,cv,0.000,0.000,0.000,0.000,-0.3726,0.1699,0.8303,none
7.9667,TRACK,-274.372,86.732,1,317.520,241.492,317.530,241.488,611.790,1,317.500,241.500,1.000,1.000,,,cv,0.000,0.000,0.000,0.000,-0.3726,0.1699,0.9404,none
8.0000,TRACK,-278.029,86.971,1,317.520,241.492,317.529,241.489,615.268,1,317.500,241.500,1.000,1.000,,,cv,0.000,0.000,0.000,0.000,-0.3726,0.1699,0.6523,none
8.0333,TRACK,-281.530,87.598,1,317.519,241.493,317.529,241.489,618.501,1,317.500,241.500,1.000,1.000,,,cv,0.000,0.000,0.000,0.000,-0.3726,0.1699,0.8183,none
8.0667,TRACK,-284.874,88.612,1,317.519,241.493,317.528,241.489,621.490,1,317.500,241.500,1.000,1.000,,,cv,0.000,0.000,0.000,0.000,-0.3726,0.1699,0.7454,none
8.1000,TRACK,-288.061,90.013,1,317.518,241.493,317.527,241.489,624.237,1,317.500,241.500,1.000,1.000,,,cv,0.000,0.000,0.000,0.000,-0.3726,0.1699,0.8597,none
8.1333,TRACK,-291.088,91.798,1,317.518,241.493,317.527,241.490,626.746,1,317.500,241.500,1.000,1.000,,,cv,0.000,0.000,0.000,0.000,-0.3726,0.1699,0.7298,none
8.1667,TRACK,-293.956,93.966,1,317.517,241.493,317.526,241.490,629.018,1,317.500,241.500,1.000,1.000,,,cv,0.000,0.000,0.000,0.000,-0.3726,0.1699,0.7332,none
8.2000,TRACK,-296.663,96.513,1,317.517,241.493,317.526,241.490,631.060,1,317.500,241.500,1.000,1.000,,,cv,0.000,0.000,0.000,0.000,-0.3726,0.1699,0.6424,none
8.2333,TRACK,-299.208,99.436,1,317.517,241.494,317.525,241.490,632.874,1,317.500,241.500,1.000,1.000,,,cv,0.000,0.000,0.000,0.000,-0.3726,0.1699,0.4459,none
8.2667,TRACK,-301.591,102.731,1,317.516,241.494,317.524,241.491,634.467,1,317.500,241.500,1.000,1.000,,,cv,0.000,0.000,0.000,0.000,-0.3726,0.1699,0.7634,none
8.3000,TRACK,-303.810,106.395,1,317.516,241.494,317.524,241.491,635.844,1,317.500,241.500,1.000,1.000,,,cv,0.000,0.000,0.000,0.000,-0.3726,0.1699,0.7498,none
8.3333,TRACK,-305.865,110.421,1,317.515,241.494,317.523,241.491,637.012,1,317.500,241.500,1.000,1.000,,,cv,0.000,0.000,0.000,0.000,-0.3726,0.1699,0.7556,none
8.3667,TRACK,-307.756,114.806,1,317.515,241.494,317.523,241.491,637.976,1,317.500,241.500,1.000,1.000,,,cv,0.000,0.000,0.000,0.000,-0.3726,0.1699,0.7356,none
8.4000,TRACK,-309.481,119.543,1,317.515,241.494,317.522,241.491,638.746,1,317.500,241.500,1.000,1.000,,,cv,0.000,0.000,0.000,0.000,-0.3726,0.1699,0.7290,none
8.4333,TRACK,-311.041,124.626,1,317.514,241.494,317.522,241.492,639.327,1,317.500,241.500,1.000,1.000,,,cv,0.000,0.000,0.000,0.000,-0.3726,0.1699,0.7349,none
8.4667,TRACK,-312.434,130.049,1,317.514,241.495,317.521,241.492,639.730,1,317.500,241.500,1.000,1.000,,,cv,0.000,0.000,0.000,0.000,-0.3726,0.1699,0.6499,none
8.5000,TRACK,-313.660,135.805,1,317.514,241.495,317.521,241.492,639.961,1,317.500,241.500,1.000,1.000,,,cv,0.000,0.000,0.000,0.000,-0.3726,0.1699,0.7382,none
8.5333,TRACK,-314.719,141.886,1,317.513,241.495,317.520,241.492,640.031,1,317.500,241.500,1.000,1.000,,,cv,0.000,0.000,0.000,0.000,-0.3726,0.1699,0.7622,none
8.5667,TRACK,-315.610,148.284,1,317.513,241.495,317.520,241.492,639.948,1,317.500,241.500,1.000,1.000,,,cv,0.000,0.000,0.000,0.000,-0.3726,0.1699,0.7580,none
8.6000,TRACK,-316.334,154.991,1,317.513,241.495,317.519,241.493,639.723,1,317.500,241.500,1.000,1.000,,,cv,0.000,0.000,0.000,0.000,-0.3726,0.1699,0.7471,none
8.6333,TRACK,-316.890,161.998,1,317.513,241.495,317.519,241.493,639.364,1,317.500,241.500,1.000,1.000,,,cv,0.000,0.000,0.000,0.000,-0.3726,0.1699,0.7259,none
8.6667,TRACK,-317.277,169.296,1,317.512,241.495,317.518,241.493,638.882,1,317.500,241.500,1.000,1.000,,,cv,0.000,0.000,0.000,0.000,-0.3726,0.1699,0.2864,none
8.7000,TRACK,-317.496,176.877,1,317.512,241.495,317.518,241.493,638.287,1,317.500,241.500,1.000,1.000,,,cv,0.000,0.000,0.000,0.000,-0.3726,0.1699,0.2743,none
8.7333,TRACK,-317.546,184.729,1,317.512,241.495,317.518,241.493,637.590,1,317.500,241.500,1.000,1.000,,,cv,0.000,0.000,0.000,0.000,-0.3726,0.1699,0.2762,none
8.7667,TRACK,-317.428,192.843,1,317.511,241.496,317.517,241.493,636.801,1,317.500,241.500,1.000,1.000,,,cv,0.000,0.000,0.000,0.000,-0.3726,0.1699,0.2719,none
8.8000,TRACK,-317.142,201.208,1,317.511,241.496,317.517,241.494,635.930,1,317.500,241.500,1.000,1.000,,,cv,0.000,0.000,0.000,0.000,-0.3726,0.1699,0.7299,none
8.8333,TRACK,-316.687,209.814,1,317.511,241.496,317.516,241.494,634.989,1,317.500,241.500,1.000,1.000,,,cv,0.000,0.000,0.000,0.000,-0.3726,0.1699,0.7731,none
8.8667,TRACK,-316.064,218.649,1,317.511,241.496,317.516,241.494,633.986,1,317.500,241.500,1.000,1.000,,,cv,0.000,0.000,0.000,0.000,-0.3726,0.1699,0.7576,none
8.9000,TRACK,-315.273,227.701,1,317.510,241.496,317.516,241.494,632.934,1,317.500,241.500,1.000,1.000,,,cv,0.000,0.000,0.000,0.000,-0.3726,0.1699,0.7266,none
8.9333,TRACK,-314.314,236.960,1,317.510,241.496,317.515,241.494,631.841,1,317.500,241.500,1.000,1.000,,,cv,0.000,0.000,0.000,0.000,-0.3726,0.1699,1.3187,none
8.9667,TRACK,-313.188,246.413,1,317.510,241.496,317.515,241.494,630.717,1,317.500,241.500,1.000,1.000,,,cv,0.000,0.000,0.000,0.000,-0.3726,0.1699,0.8273,none
9.0000,TRACK,-311.895,256.048,1,317.510,241.496,317.515,241.494,629.573,1,317.500,241.500,1.000,1.000,,,cv,0.000,0.000,0.000,0.000,-0.3726,0.1699,0.5323,none
9.0333,TRACK,-310.435,265.852,1,317.509,241.496,317.514,241.495,628.417,1,317.500,241.500,1.000,1.000,,,cv,0.000,0.000,0.000,0.000,-0.3726,0.1699,0.7370,none
9.0667,TRACK,-308.809,275.813,1,317.509,241.496,317.514,241.495,627.257,1,317.500,241.500,1.000,1.000,,,cv,0.000,0.000,0.000,0.000,-0.3726,0.1699,0.7470,none
9.1000,TRACK,-307.017,285.917,1,317.509,241.497,317.514,241.495,626.104,1,317.500,241.500,1.000,1.000,,,cv,0.000,0.000,0.000,0.000,-0.3726,0.1699,0.7341,none
9.1333,TRACK,-305.060,296.152,1,317.509,241.497,317.513,241.495,624.964,1,317.500,241.500,1.000,1.000,,,cv,0.000,0.000,0.000,0.000,-0.3726,0.1699,0.7332,none
9.1667,TRACK,-302.939,306.505,1,317.509,241.497,317.513,241.495,623.844,1,317.500,241.500,1.000,1.000,,,cv,0.000,0.000,0.000,0.000,-0.3726,0.1699,0.7125,none
9.2000,TRACK,-300.654,316.961,1,317.508,241.497,317.513,241.495,622.752,1,317.500,241.500,1.000,1.000,,,cv,0.000,0.000,0.000,0.000,-0.3726,0.1699,0.7597,none
9.2333,TRACK,-298.206,327.508,1,317.508,241.497,317.512,241.495,621.693,1,317.500,241.500,1.000,1.000,,,cv,0.000,0.000,0.000,0.000,-0.3726,0.1699,0.7418,none
9.2667,TRACK,-295.596,338.131,1,317.508,241.497,317.512,241.495,620.673,1,317.500,241.500,1.000,1.000,,,cv,0.000,0.000,0.000,0.000,-0.3726,0.1699,0.7441,none
9.3000,TRACK,-292.825,348.818,1,317.508,241.497,317.512,241.495,619.696,1,317.500,241.500,1.000,1.000,,,cv,0.000,0.000,0.000,0.000,-0.3726,0.1699,0.7300,none
9.3333,TRACK,-289.893,359.554,1,317.508,241.497,317.511,241.496,618.767,1,317.500,241.500,1.000,1.000,,,cv,0.000,0.000,0.000,0.000,-0.3726,0.1699,0.7191,none
9.3667,TRACK,-286.801,370.324,1,317.507,241.497,317.511,241.496,617.888,1,317.500,241.500,1.000,1.000,,,cv,0.000,0.000,0.000,0.000,-0.3726,0.1699,0.7448,none
9.4000,TRACK,-283.551,381.117,1,317.507,241.497,317.511,241.496,617.062,1,317.500,241.500,1.000,1.000,,,cv,0.000,0.000,0.000,0.000,-0.3726,0.1699,0.7166,none
9.4333,TRACK,-280.144,391.916,1,317.507,241.497,317.511,241.496,616.289,1,317.500,241.500,1.000,1.000,,,cv,0.000,0.000,0.000,0.000,-0.3726,0.1699,0.7678,none
9.4667,TRACK,-276.580,402.709,1,317.507,241.497,317.510,241.496,615.572,1,317.500,241.500,1.000,1.000,,,cv,0.000,0.000,0.000,0.000,-0.3726,0.1699,1.0209,none
9.5000,TRACK,-272.861,413.481,1,317.507,241.497,317.510,241.496,614.909,1,317.500,241.500,1.000,1.000,,,cv,0.000,0.000,0.000,0.000,-0.3726,0.1699,0.7359,none
9.5333,TRACK,-268.988,424.218,1,317.507,241.497,317.510,241.496,614.299,1,317.500,241.500,1.000,1.000,,,cv,0.000,0.000,0.000,0.000,-0.3726,0.1699,0.7347,none
9.5667,TRACK,-264.962,434.907,1,317.506,241.497,317.510,241.496,613.740,1,317.500,241.500,1.000,1.000,,,cv,0.000,0.000,0.000,0.000,-0.3726,0.1699,0.7251,none
9.6000,TRACK,-260.785,445.533,1,317.506,241.498,317.509,241.496,613.230,1,317.500,241.500,1.000,1.000,,,cv,0.000,0.000,0.000,0.000,-0.3726,0.1699,0.7552,none
9.6333,TRACK,-256.458,456.083,1,317.506,241.498,317.509,241.496,612.766,1,317.500,241.500,1.000,1.000,,,cv,0.000,0.000,0.000,0.000,-0.3726,0.1699,0.5796,none
9.6667,TRACK,-251.982,466.543,1,317.506,241.498,317.509,241.496,612.342,1,317.500,241.500,1.000,1.000,,,cv,0.000,0.000,0.000,0.000,-0.3726,0.1699,0.7732,none
9.7000,TRACK,-247.359,476.900,1,317.506,241.498,317.509,241.497,611.953,1,317.500,241.500,1.000,1.000,,,cv,0.000,0.000,0.000,0.000,-0.3726,0.1699,0.7317,none
9.7333,TRACK,-242.590,487.140,1,317.506,241.498,317.509,241.497,611.594,1,317.500,241.500,1.000,1.000,,,cv,0.000,0.000,0.000,0.000,-0.3726,0.1699,0.7794,none
9.7667,TRACK,-237.677,497.250,1,317.506,241.498,317.508,241.497,611.258,1,317.500,241.500,1.000,1.000,,,cv,0.000,0.000,0.000,0.000,-0.3726,0.1699,0.7354,none
9.8000,TRACK,-232.621,507.217,1,317.505,241.498,317.508,241.497,610.938,1,317.500,241.500,1.000,1.000,,,cv,0.000,0.000,0.000,0.000,-0.3726,0.1699,0.7264,none
9.8333,TRACK,-227.424,517.027,1,317.505,241.498,317.508,241.497,610.627,1,317.500,241.500,1.000,1.000,,,cv,0.000,0.000,0.000,0.000,-0.3726,0.1699,0.7293,none
9.8667,TRACK,-222.088,526.669,1,317.505,241.498,317.508,241.497,610.314,1,317.500,241.500,1.000,1.000,,,cv,0.000,0.000,0.000,0.000,-0.3726,0.1699,1.7485,none
9.9000,TRACK,-216.615,536.129,1,317.505,241.498,317.508,241.497,609.993,1,317.500,241.500,1.000,1.000,,,cv,0.000,0.000,0.000,0.000,-0.3726,0.1699,0.2677,none
9.9333,TRACK,-211.006,545.396,1,317.505,241.498,317.507,241.497,609.653,1,317.500,241.500,1.000,1.000,,,cv,0.000,0.000,0.000,0.000,-0.3726,0.1699,0.7683,none
9.9667,TRACK,-205.263,554.457,1,317.505,241.498,317.507,241.497,609.286,1,317.500,241.500,1.000,1.000,,,cv,0.000,0.000,0.000,0.000,-0.3726,0.1699,0.8657,none
10.0000,TRACK,-199.387,563.301,1,317.505,241.498,317.507,241.497,608.879,1,317.500,241.500,1.000,1.000,,,cv,0.000,0.000,0.000,0.000,-0.3726,0.1699,0.2978,none
10.0333,TRACK,-193.382,571.916,1,317.505,241.498,317.507,241.497,608.425,1,317.500,241.500,1.000,1.000,,,cv,0.000,0.000,0.000,0.000,-0.3726,0.1699,0.4844,none
10.0667,TRACK,-187.248,580.290,1,317.505,241.498,317.507,241.497,607.911,1,317.500,241.500,1.000,1.000,,,cv,0.000,0.000,0.000,0.000,-0.3726,0.1699,0.7352,none
10.1000,TRACK,-180.988,588.415,1,317.504,241.498,317.507,241.497,607.327,1,317.500,241.500,1.000,1.000,,,cv,0.000,0.000,0.000,0.000,-0.3726,0.1699,0.7387,none
10.1333,TRACK,-174.604,596.277,1,317.504,241.498,317.507,241.497,606.662,1,317.500,241.500,1.000,1.000,,,cv,0.000,0.000,0.000,0.000,-0.3726,0.1699,0.6133,none
10.1667,TRACK,-168.097,603.869,1,317.504,241.498,317.506,241.498,605.905,1,317.500,241.500,1.000,1.000,,,cv,0.000,0.000,0.000,0.000,-0.3726,0.1699,0.7372,none
10.2000,TRACK,-161.471,611.178,1,317.504,241.498,317.506,241.498,605.046,1,317.500,241.500,1.000,1.000,,,cv,0.000,0.000,0.000,0.000,-0.3726,0.1699,0.7325,none
10.2333,TRACK,-154.726,618.197,1,317.504,241.498,317.506,241.498,604.073,1,317.500,241.500,1.000,1.000,,,cv,0.000,0.000,0.000,0.000,-0.3726,0.1699,0.4392,none
10.2667,TRACK,-147.866,624.916,1,317.504,241.498,317.506,241.498,602.975,1,317.500,241.500,1.000,1.000,,,cv,0.000,0.000,0.000,0.000,-0.3726,0.1699,0.7404,none
10.3000,TRACK,-140.893,631.327,1,317.504,241.499,317.506,241.498,601.742,1,317.500,241.500,1.000,1.000,,,cv,0.000,0.000,0.000,0.000,-0.3726,0.1699,0.7322,none
10.3333,TRACK,-133.808,637.420,1,317.504,241.499,317.506,241.498,600.364,1,317.500,241.500,1.000,1.000,,,cv,0.000,0.000,0.000,0.000,-0.3726,0.1699,0.7530,none
10.3667,TRACK,-126.614,643.189,1,317.504,241.499,317.506,241.498,598.829,1,317.500,241.500,1.000,1.000,,,cv,0.000,0.000,0.000,0.000,-0.3726,0.1699,0.7361,none
10.4000,TRACK,-119.314,648.625,1,317.504,241.499,317.505,241.498,597.128,1,317.500,241.500,1.000,1.000,,,cv,0.000,0.000,0.000,0.000,-0.3726,0.1699,0.7289,none
10.4333,TRACK,-111.909,653.722,1,317.503,241.499,317.505,241.498,595.251,1,317.500,241.500,1.000,1.000,,,cv,0.000,0.000,0.000,0.000,-0.3726,0.1699,0.7770,none
10.4667,TRACK,-104.403,658.473,1,317.503,241.499,317.505,241.498,593.188,1,317.500,241.500,1.000,1.000,,,cv,0.000,0.000,0.000,0.000,-0.3726,0.1699,0.9443,none
10.5000,TRACK,-96.797,662.872,1,317.503,241.499,317.505,241.498,590.931,1,317.500,241.500,1.000,1.000,,,cv,0.000,0.000,0.000,0.000,-0.3726,0.1699,0.7362,none
10.5333,TRACK,-89.094,666.912,1,317.503,241.499,317.505,241.498,588.471,1,317.500,241.500,1.000,1.000,,,cv,0.000,0.000,0.000,0.000,-0.3726,0.1699,0.7474,none
10.5667,TRACK,-81.297,670.590,1,317.503,241.499,317.505,241.498,585.799,1,317.500,241.500,1.000,1.000,,,cv,0.000,0.000,0.000,0.000,-0.3726,0.1699,0.7136,none
10.6000,TRACK,-73.407,673.900,1,317.503,241.499,317.505,241.498,582.908,1,317.500,241.500,1.000,1.000,,,cv,0.000,0.000,0.000,0.000,-0.3726,0.1699,0.7348,none
10.6333,TRACK,-65.429,676.838,1,317.503,241.499,317.505,241.498,579.790,1,317.500,241.500,1.000,1.000,,,cv,0.000,0.000,0.000,0.000,-0.3726,0.1699,0.7270,none
10.6667,TRACK,-57.363,679.400,1,317.503,241.499,317.504,241.498,576.439,1,317.500,241.500,1.000,1.000,,,cv,0.000,0.000,0.000,0.000,-0.3726,0.1699,0.7628,none
10.7000,TRACK,-49.214,681.582,1,317.503,241.499,317.504,241.498,572.848,1,317.500,241.500,1.000,1.000,,,cv,0.000,0.000,0.000,0.000,-0.3726,0.1699,0.7585,none
10.7333,TRACK,-40.983,683.383,1,317.503,241.499,317.504,241.498,569.011,1,317.500,241.500,1.000,1.000,,,cv,0.000,0.000,0.000,0.000,-0.3726,0.1699,0.7901,none
10.7667,TRACK,-32.673,684.799,1,317.503,241.499,317.504,241.498,564.923,1,317.500,241.500,1.000,1.000,,,cv,0.000,0.000,0.000,0.000,-0.3726,0.1699,0.7371,none
10.8000,TRACK,-24.287,685.829,1,317.503,241.499,317.504,241.498,560.579,1,317.500,241.500,1.000,1.000,,,cv,0.000,0.000,0.000,0.000,-0.3726,0.1699,0.7333,none
10.8333,TRACK,-15.827,686.471,1,317.503,241.499,317.504,241.498,555.976,1,317.500,241.500,1.000,1.000,,,cv,0.000,0.000,0.000,0.000,-0.3726,0.1699,1.4718,none
10.8667,TRACK,-7.297,686.725,1,317.503,241.499,317.504,241.498,551.109,1,317.500,241.500,1.000,1.000,,,cv,0.000,0.000,0.000,0.000,-0.3726,0.1699,2.1261,none
10.9000,TRACK,1.302,686.590,1,317.503,241.499,317.504,241.499,545.975,1,317.500,241.500,1.000,1.000,,,cv,0.000,0.000,0.000,0.000,-0.3726,0.1699,0.8092,none
10.9333,TRACK,9.965,686.067,1,317.502,241.499,317.504,241.499,540.573,1,317.500,241.500,1.000,1.000,,,cv,0.000,0.000,0.000,0.000,-0.3726,0.1699,0.2719,none
10.9667,TRACK,18.691,685.155,1,317.502,241.499,317.504,241.499,534.901,1,317.500,241.500,1.000,1.000,,,cv,0.000,0.000,0.000,0.000,-0.3726,0.1699,0.7852,none
11.0000,TRACK,27.476,683.857,1,317.502,241.499,317.504,241.499,528.957,1,317.500,241.500,1.000,1.000,,,cv,0.000,0.000,0.000,0.000,-0.3726,0.1699,0.7407,none
11.0333,TRACK,36.318,682.174,1,317.502,241.499,317.503,241.499,522.742,1,317.500,241.500,1.000,1.000,,,cv,0.000,0.000,0.000,0.000,-0.3726,0.1699,0.7337,none
11.0667,TRACK,45.214,680.108,1,317.502,241.499,317.503,241.499,516.254,1,317.500,241.500,1.000,1.000,,,cv,0.000,0.000,0.000,0.000,-0.3726,0.1699,0.6701,none
11.1000,TRACK,54.161,677.662,1,317.502,241.499,317.503,241.499,509.496,1,317.500,241.500,1.000,1.000,,,cv,0.000,0.000,0.000,0.000,-0.3726,0.1699,0.7491,none
11.1333,TRACK,63.156,674.839,1,317.502,241.499,317.503,241.499,502.469,1,317.500,241.500,1.000,1.000,,,cv,0.000,0.000,0.000,0.000,-0.3726,0.1699,0.7328,none
11.1667,TRACK,72.196,671.642,1,317.502,241.499,317.503,241.499,495.175,1,317.500,241.500,1.000,1.000,,,cv,0.000,0.000,0.000,0.000,-0.3726,0.1699,1.2796,none
11.2000,TRACK,81.278,668.077,1,317.502,241.499,317.503,241.499,487.617,1,317.500,241.500,1.000,1.000,,,cv,0.000,0.000,0.000,0.000,-0.3726,0.1699,0.7847,none
11.2333,TRACK,90.400,664.146,1,317.502,241.499,317.503,241.499,479.798,1,317.500,241.500,1.000,1.000,,,cv,0.000,0.000,0.000,0.000,-0.3726,0.1699,0.7431,none
11.2667,TRACK,99.558,659.856,1,317.502,241.499,317.503,241.499,471.723,1,317.500,241.500,1.000,1.000,,,cv,0.000,0.000,0.000,0.000,-0.3726,0.1699,0.7314,none
11.3000,TRACK,108.749,655.213,1,317.502,241.499,317.503,241.499,463.397,1,317.500,241.500,1.000,1.000,,,cv,0.000,0.000,0.000,0.000,-0.3726,0.1699,0.2550,none
11.3333,TRACK,117.970,650.221,1,317.502,241.499,317.503,241.499,454.826,1,317.500,241.500,1.000,1.000,,,cv,0.000,0.000,0.000,0.000,-0.3726,0.1699,0.7589,none
11.3667,TRACK,127.219,644.888,1,317.502,241.499,317.503,241.499,446.016,1,317.500,241.500,1.000,1.000,,,cv,0.000,0.000,0.000,0.000,-0.3726,0.1699,0.7297,none
11.4000,TRACK,136.492,639.220,1,317.502,241.499,317.503,241.499,436.974,1,317.500,241.500,1.000,1.000,,,cv,0.000,0.000,0.000,0.000,-0.3726,0.1699,0.7669,none
11.4333,TRACK,145.787,633.225,1,317.502,241.499,317.503,241.499,427.709,1,317.500,241.500,1.000,1.000,,,cv,0.000,0.000,0.000,0.000,-0.3726,0.1699,0.3625,none
11.4667,TRACK,155.100,626.911,1,317.502,241.499,317.503,241.499,418.230,1,317.500,241.500,1.000,1.000,,,cv,0.000,0.000,0.000,0.000,-0.3726,0.1699,0.3143,none
11.5000,TRACK,164.428,620.286,1,317.502,241.499,317.502,241.499,408.547,1,317.500,241.500,1.000,1.000,,,cv,0.000,0.000,0.000,0.000,-0.3726,0.1699,0.7317,none
11.5333,TRACK,173.769,613.358,1,317.502,241.499,317.502,241.499,398.670,1,317.500,241.500,1.000,1.000,,,cv,0.000,0.000,0.000,0.000,-0.3726,0.1699,0.7362,none
11.5667,TRACK,183.118,606.136,1,317.502,241.499,317.502,241.499,388.611,1,317.500,241.500,1.000,1.000,,,cv,0.000,0.000,0.000,0.000,-0.3726,0.1699,0.7742,none
11.6000,TRACK,192.475,598.630,1,317.502,241.499,317.502,241.499,378.383,1,317.500,241.500,1.000,1.000,,,cv,0.000,0.000,0.000,0.000,-0.3726,0.1699,0.7320,none
11.6333,TRACK,201.834,590.849,1,317.501,241.499,317.502,241.499,368.000,1,317.500,241.500,1.000,1.000,,,cv,0.000,0.000,0.000,0.000,-0.3726,0.1699,0.7488,none
11.6667,TRACK,211.194,582.804,1,317.501,241.499,317.502,241.499,357.477,1,317.500,241.500,1.000,1.000,,,cv,0.000,0.000,0.000,0.000,-0.3726,0.1699,0.7569,none
11.7000,TRACK,220.550,574.504,1,317.501,241.499,317.502,241.499,346.831,1,317.500,241.500,1.000,1.000,,,cv,0.000,0.000,0.000,0.000,-0.3726,0.1699,0.6574,none
11.7333,TRACK,229.901,565.961,1,317.501,241.499,317.502,241.499,336.079,1,317.500,241.500,1.000,1.000,,,cv,0.000,0.000,0.000,0.000,-0.3726,0.1699,0.7321,none
11.7667,TRACK,239.243,557.187,1,317.501,241.499,317.502,241.499,325.242,1,317.500,241.500,1.000,1.000,,,cv,0.000,0.000,0.000,0.000,-0.3726,0.1699,0.7610,none
11.8000,TRACK,248.573,548.191,1,317.501,241.499,317.502,241.499,314.342,1,317.500,241.500,1.000,1.000,,,cv,0.000,0.000,0.000,0.000,-0.3726,0.1699,0.9069,none
11.8333,TRACK,257.888,538.986,1,317.501,241.499,317.502,241.499,303.400,1,317.500,241.500,1.000,1.000,,,cv,0.000,0.000,0.000,0.000,-0.3726,0.1699,1.2558,none
11.8667,TRACK,267.186,529.583,1,317.501,241.500,317.502,241.499,292.445,1,317.500,241.500,1.000,1.000,,,cv,0.000,0.000,0.000,0.000,-0.3726,0.1699,1.3897,none
11.9000,TRACK,276.462,519.996,1,317.501,241.500,317.502,241.499,281.504,1,317.500,241.500,1.000,1.000,,,cv,0.000,0.000,0.000,0.000,-0.3726,0.1699,1.4961,none
11.9333,TRACK,285.714,510.236,1,317.501,241.500,317.502,241.499,270.610,1,317.500,241.500,1.000,1.000,,,cv,0.000,0.000,0.000,0.000,-0.3726,0.1699,1.3193,none
11.9667,TRACK,294.939,500.315,1,317.501,241.500,317.502,241.499,259.797,1,317.500,241.500,1.000,1.000,,,cv,0.000,0.000,0.000,0.000,-0.3726,0.1699,0.8170,none
12.0000,TRACK,304.135,490.248,1,317.501,241.500,317.502,241.499,249.107,1,317.500,241.500,1.000,1.000,,,cv,0.000,0.000,0.000,0.000,-0.3726,0.1699,0.7730,none
12.0333,TRACK,313.297,480.047,1,317.501,241.500,317.502,241.499,238.584,1,317.500,241.500,1.000,1.000,,,cv,0.000,0.000,0.000,0.000,-0.3726,0.1699,2.0219,none
12.0667,TRACK,322.423,469.724,1,317.501,241.500,317.502,241.499,228.278,1,317.500,241.500,1.000,1.000,,,cv,0.000,0.000,0.000,0.000,-0.3726,0.1699,1.3390,none
12.1000,TRACK,331.511,459.294,1,317.501,241.500,317.502,241.499,218.245,1,317.500,241.500,1.000,1.000,,,cv,0.000,0.000,0.000,0.000,-0.3726,0.1699,0.5399,none
12.1333,TRACK,340.557,448.770,1,317.501,241.500,317.502,241.499,208.549,1,317.500,241.500,1.000,1.000,,,cv,0.000,0.000,0.000,0.000,-0.3726,0.1699,0.3099,none
12.1667,TRACK,349.558,438.166,1,317.501,241.500,317.502,241.499,199.261,1,317.500,241.500,1.000,1.000,,,cv,0.000,0.000,0.000,0.000,-0.3726,0.1699,0.4534,none
12.2000,TRACK,358.511,427.494,1,317.501,241.500,317.502,241.499,190.462,1,317.500,241.500,1.000,1.000,,,cv,0.000,0.000,0.000,0.000,-0.3726,0.1699,0.4319,none
12.2333,TRACK,367.414,416.770,1,317.501,241.500,317.501,241.499,182.239,1,317.500,241.500,1.000,1.000,,,cv,0.000,0.000,0.000,0.000,-0.3726,0.1699,1.0397,none
12.2667,TRACK,376.263,406.008,1,317.501,241.500,317.501,241.499,174.688,1,317.500,241.500,1.000,1.000,,,cv,0.000,0.000,0.000,0.000,-0.3726,0.1699,0.7829,none
12.3000,TRACK,385.056,395.220,1,317.501,241.500,317.501,241.499,167.909,1,317.500,241.500,1.000,1.000,,,cv,0.000,0.000,0.000,0.000,-0.3726,0.1699,4.3877,none
12.3333,TRACK,393.790,384.421,1,317.501,241.500,317.501,241.499,162.008,1,317.500,241.500,1.000,1.000,,,cv,0.000,0.000,0.000,0.000,-0.3726,0.1699,1.0580,none
12.3667,TRACK,402.462,373.625,1,317.501,241.500,317.501,241.499,157.084,1,317.500,241.500,1.000,1.000,,,cv,0.000,0.000,0.000,0.000,-0.3726,0.1699,0.7987,none
12.4000,TRACK,411.069,362.846,1,317.501,241.500,317.501,241.499,153.232,1,317.500,241.500,1.000,1.000,,,cv,0.000,0.000,0.000,0.000,-0.3726,0.1699,0.9525,none
12.4333,TRACK,419.608,352.098,1,317.501,241.500,317.501,241.500,150.526,1,317.500,241.500,1.000,1.000,,,cv,0.000,0.000,0.000,0.000,-0.3726,0.1699,0.6198,none
12.4667,TRACK,428.077,341.395,1,317.501,241.500,317.501,241.500,149.018,1,317.500,241.500,1.000,1.000,,,cv,0.000,0.000,0.000,0.000,-0.3726,0.1699,0.8101,none
12.5000,TRACK,436.473,330.751,1,317.501,241.500,317.501,241.500,148.729,1,317.500,241.500,1.000,1.000,,,cv,0.000,0.000,0.000,0.000,-0.3726,0.1699,0.7473,none
12.5333,TRACK,444.793,320.179,1,317.501,241.500,317.501,241.500,149.646,1,317.500,241.500,1.000,1.000,,,cv,0.000,0.000,0.000,0.000,-0.3726,0.1699,0.8492,none
12.5667,TRACK,453.035,309.694,1,317.501,241.500,317.501,241.500,151.723,1,317.500,241.500,1.000,1.000,,,cv,0.000,0.000,0.000,0.000,-0.3726,0.1699,0.7726,none
12.6000,TRACK,461.196,299.308,1,317.501,241.500,317.501,241.500,154.887,1,317.500,241.500,1.000,1.000,,,cv,0.000,0.000,0.000,0.000,-0.3726,0.1699,0.7320,none
12.6333,TRACK,469.272,289.036,1,317.501,241.500,317.501,241.500,159.042,1,317.500,241.500,1.000,1.000,,,cv,0.000,0.000,0.000,0.000,-0.3726,0.1699,1.4721,none
12.6667,TRACK,477.262,278.890,1,317.501,241.500,317.501,241.500,164.079,1,317.500,241.500,1.000,1.000,,,cv,0.000,0.000,0.000,0.000,-0.3726,0.1699,0.8263,none
12.7000,TRACK,485.164,268.884,1,317.501,241.500,317.501,241.500,169.884,1,317.500,241.500,1.000,1.000,,,cv,0.000,0.000,0.000,0.000,-0.3726,0.1699,0.7773,none
12.7333,TRACK,492.973,259.030,1,317.501,241.500,317.501,241.500,176.346,1,317.500,241.500,1.000,1.000,,,cv,0.000,0.000,0.000,0.000,-0.3726,0.1699,0.7405,none
12.7667,TRACK,500.689,249.343,1,317.501,241.500,317.501,241.500,183.356,1,317.500,241.500,1.000,1.000,,,cv,0.000,0.000,0.000,0.000,-0.3726,0.1699,1.0400,none
12.8000,TRACK,508.307,239.833,1,317.501,241.500,317.501,241.500,190.814,1,317.500,241.500,1.000,1.000,,,cv,0.000,0.000,0.000,0.000,-0.3726,0.1699,0.7938,none
12.8333,TRACK,515.827,230.513,1,317.501,241.500,317.501,241.500,198.631,1,317.500,241.500,1.000,1.000,,,cv,0.000,0.000,0.000,0.000,-0.3726,0.1699,0.8672,none
12.8667,TRACK,523.245,221.396,1,317.501,241.500,317.501,241.500,206.724,1,317.500,241.500,1.000,1.000,,,cv,0.000,0.000,0.000,0.000,-0.3726,0.1699,0.7687,none
12.9000,TRACK,530.560,212.493,1,317.501,241.500,317.501,241.500,215.024,1,317.500,241.500,1.000,1.000,,,cv,0.000,0.000,0.000,0.000,-0.3726,0.1699,0.7348,none
12.9333,TRACK,537.767,203.816,1,317.501,241.500,317.501,241.500,223.467,1,317.500,241.500,1.000,1.000,,,cv,0.000,0.000,0.000,0.000,-0.3726,0.1699,0.7442,none
12.9667,TRACK,544.867,195.376,1,317.501,241.500,317.501,241.500,231.997,1,317.500,241.500,1.000,1.000,,,cv,0.000,0.000,0.000,0.000,-0.3726,0.1699,0.7590,none
13.0000,TRACK,551.855,187.184,1,317.501,241.500,317.501,241.500,240.566,1,317.500,241.500,1.000,1.000,,,cv,0.000,0.000,0.000,0.000,-0.3726,0.1699,0.7448,none
13.0333,TRACK,558.730,179.251,1,317.501,241.500,317.501,241.500,249.132,1,317.500,241.500,1.000,1.000,,,cv,0.000,0.000,0.000,0.000,-0.3726,0.1699,0.7597,none
13.0667,TRACK,565.490,171.586,1,317.501,241.500,317.501,241.500,257.656,1,317.500,241.500,1.000,1.000,,,cv,0.000,0.000,0.000,0.000,-0.3726,0.1699,0.6416,none
13.1000,TRACK,572.132,164.201,1,317.501,241.500,317.501,241.500,266.106,1,317.500,241.500,1.000,1.000,,,cv,0.000,0.000,0.000,0.000,-0.3726,0.1699,0.7449,none
13.1333,TRACK,578.654,157.103,1,317.501,241.500,317.501,241.500,274.452,1,317.500,241.500,1.000,1.000,,,cv,0.000,0.000,0.000,0.000,-0.3726,0.1699,0.7365,none
13.1667,TRACK,585.055,150.303,1,317.501,241.500,317.501,241.500,282.670,1,317.500,241.500,1.000,1.000,,,cv,0.000,0.000,0.000,0.000,-0.3726,0.1699,0.7351,none
13.2000,TRACK,591.331,143.810,1,317.500,241.500,317.501,241.500,290.735,1,317.500,241.500,1.000,1.000,,,cv,0.000,0.000,0.000,0.000,-0.3726,0.1699,0.7326,none
13.2333,TRACK,597.482,137.631,1,317.500,241.500,317.501,241.500,298.627,1,317.500,241.500,1.000,1.000,,,cv,0.000,0.000,0.000,0.000,-0.3726,0.1699,0.7640,none
13.2667,TRACK,603.504,131.775,1,317.500,241.500,317.501,241.500,306.329,1,317.500,241.500,1.000,1.000,,,cv,0.000,0.000,0.000,0.000,-0.3726,0.1699,1.0090,none
13.3000,TRACK,609.397,126.250,1,317.500,241.500,317.501,241.500,313.825,1,317.500,241.500,1.000,1.000,,,cv,0.000,0.000,0.000,0.000,-0.3726,0.1699,0.7496,none
13.3333,TRACK,615.158,121.062,1,317.500,241.500,317.501,241.500,321.100,1,317.500,241.500,1.000,1.000,,,cv,0.000,0.000,0.000,0.000,-0.3726,0.1699,0.7483,none
13.3667,TRACK,620.785,116.218,1,317.500,241.500,317.501,241.500,328.141,1,317.500,241.500,1.000,1.000,,,cv,0.000,0.000,0.000,0.000,-0.3726,0.1699,0.7694,none
13.4000,TRACK,626.276,111.725,1,317.500,241.500,317.501,241.500,334.939,1,317.500,241.500,1.000,1.000,,,cv,0.000,0.000,0.000,0.000,-0.3726,0.1699,0.7611,none
13.4333,TRACK,631.630,107.588,1,317.500,241.500,317.501,241.500,341.482,1,317.500,241.500,1.000,1.000,,,cv,0.000,0.000,0.000,0.000,-0.3726,0.1699,0.7714,none
13.4667,TRACK,636.845,103.813,1,317.500,241.500,317.501,241.500,347.762,1,317.500,241.500,1.000,1.000,,,cv,0.000,0.000,0.000,0.000,-0.3726,0.1699,0.7382,none
13.5000,TRACK,641.920,100.405,1,317.500,241.500,317.501,241.500,353.773,1,317.500,241.500,1.000,1.000,,,cv,0.000,0.000,0.000,0.000,-0.3726,0.1699,0.9015,none
13.5333,TRACK,646.852,97.368,1,317.500,241.500,317.501,241.500,359.509,1,317.500,241.500,1.000,1.000,,,cv,0.000,0.000,0.000,0.000,-0.3726,0.1699,0.3450,none
13.5667,TRACK,651.640,94.705,1,317.500,241.500,317.501,241.500,364.963,1,317.500,241.500,1.000,1.000,,,cv,0.000,0.000,0.000,0.000,-0.3726,0.1699,0.7383,none
13.6000,TRACK,656.282,92.421,1,317.500,241.500,317.501,241.500,370.132,1,317.500,241.500,1.000,1.000,,,cv,0.000,0.000,0.000,0.000,-0.3726,0.1699,0.7551,none
13.6333,TRACK,660.778,90.519,1,317.500,241.500,317.501,241.500,375.013,1,317.500,241.500,1.000,1.000,,,cv,0.000,0.000,0.000,0.000,-0.3726,0.1699,0.7621,none
13.6667,TRACK,665.124,89.000,1,317.500,241.500,317.501,241.500,379.603,1,317.500,241.500,1.000,1.000,,,cv,0.000,0.000,0.000,0.000,-0.3726,0.1699,0.7593,none
13.7000,TRACK,669.322,87.867,1,317.500,241.500,317.501,241.500,383.903,1,317.500,241.500,1.000,1.000,,,cv,0.000,0.000,0.000,0.000,-0.3726,0.1699,0.7907,none
13.7333,TRACK,673.367,87.121,1,317.500,241.500,317.501,241.500,387.910,1,317.500,241.500,1.000,1.000,,,cv,0.000,0.000,0.000,0.000,-0.3726,0.1699,0.2625,none
13.7667,TRACK,677.260,86.764,1,317.500,241.500,317.500,241.500,391.626,1,317.500,241.500,1.000,1.000,,,cv,0.000,0.000,0.000,0.000,-0.3726,0.1699,0.7345,none
13.8000,TRACK,681.000,86.795,1,317.500,241.500,317.500,241.500,395.051,1,317.500,241.500,1.000,1.000,,,cv,0.000,0.000,0.000,0.000,-0.3726,0.1699,0.7587,none
13.8333,TRACK,684.584,87.215,1,317.500,241.500,317.500,241.500,398.189,1,317.500,241.500,1.000,1.000,,,cv,0.000,0.000,0.000,0.000,-0.3726,0.1699,0.7375,none
13.8667,TRACK,688.012,88.023,1,317.500,241.500,317.500,241.500,401.041,1,317.500,241.500,1.000,1.000,,,cv,0.000,0.000,0.000,0.000,-0.3726,0.1699,0.7373,none
13.9000,TRACK,691.283,89.218,1,317.500,241.500,317.500,241.500,403.613,1,317.500,241.500,1.000,1.000,,,cv,0.000,0.000,0.000,0.000,-0.3726,0.1699,0.7311,none
13.9333,TRACK,694.395,90.799,1,317.500,241.500,317.500,241.500,405.907,1,317.500,241.500,1.000,1.000,,,cv,0.000,0.000,0.000,0.000,-0.3726,0.1699,0.7579,none
13.9667,TRACK,697.348,92.763,1,317.500,241.500,317.500,241.500,407.930,1,317.500,241.500,1.000,1.000,,,cv,0.000,0.000,0.000,0.000,-0.3726,0.1699,1.8489,none
14.0000,TRACK,700.141,95.109,1,317.500,241.500,317.500,241.500,409.688,1,317.500,241.500,1.000,1.000,,,cv,0.000,0.000,0.000,0.000,-0.3726,0.1699,2.8700,none
14.0333,TRACK,702.773,97.832,1,317.500,241.500,317.500,241.500,411.188,1,317.500,241.500,1.000,1.000,,,cv,0.000,0.000,0.000,0.000,-0.3726,0.1699,0.8225,none
14.0667,TRACK,705.242,100.929,1,317.500,241.500,317.500,241.500,412.436,1,317.500,241.500,1.000,1.000,,,cv,0.000,0.000,0.000,0.000,-0.3726,0.1699,0.7643,none
14.1000,TRACK,707.548,104.397,1,317.500,241.500,317.500,241.500,413.443,1,317.500,241.500,1.000,1.000,,,cv,0.000,0.000,0.000,0.000,-0.3726,0.1699,0.7549,none
14.1333,TRACK,709.691,108.230,1,317.500,241.500,317.500,241.500,414.215,1,317.500,241.500,1.000,1.000,,,cv,0.000,0.000,0.000,0.000,-0.3726,0.1699,0.9524,none
14.1667,TRACK,711.670,112.425,1,317.500,241.500,317.500,241.500,414.765,1,317.500,241.500,1.000,1.000,,,cv,0.000,0.000,0.000,0.000,-0.3726,0.1699,0.4051,none
14.2000,TRACK,713.483,116.975,1,317.500,241.500,317.500,241.500,415.101,1,317.500,241.500,1.000,1.000,,,cv,0.000,0.000,0.000,0.000,-0.3726,0.1699,0.7912,none
14.2333,TRACK,715.131,121.875,1,317.500,241.500,317.500,241.500,415.235,1,317.500,241.500,1.000,1.000,,,cv,0.000,0.000,0.000,0.000,-0.3726,0.1699,0.7519,none
14.2667,TRACK,716.613,127.117,1,317.500,241.500,317.500,241.500,415.180,1,317.500,241.500,1.000,1.000,,,cv,0.000,0.000,0.000,0.000,-0.3726,0.1699,0.7459,none
14.3000,TRACK,717.928,132.697,1,317.500,241.500,317.500,241.500,414.946,1,317.500,241.500,1.000,1.000,,,cv,0.000,0.000,0.000,0.000,-0.3726,0.1699,0.7494,none
14.3333,TRACK,719.076,138.605,1,317.500,241.500,317.500,241.500,414.549,1,317.500,241.500,1.000,1.000,,,cv,0.000,0.000,0.000,0.000,-0.3726,0.1699,0.7362,none
14.3667,TRACK,720.057,144.835,1,317.500,241.500,317.500,241.500,414.000,1,317.500,241.500,1.000,1.000,,,cv,0.000,0.000,0.000,0.000,-0.3726,0.1699,0.7272,none
14.4000,TRACK,720.870,151.378,1,317.500,241.500,317.500,241.500,413.315,1,317.500,241.500,1.000,1.000,,,cv,0.000,0.000,0.000,0.000,-0.3726,0.1699,0.7671,none
14.4333,TRACK,721.515,158.227,1,317.500,241.500,317.500,241.500,412.508,1,317.500,241.500,1.000,1.000,,,cv,0.000,0.000,0.000,0.000,-0.3726,0.1699,0.7613,none
14.4667,TRACK,721.992,165.371,1,317.500,241.500,317.500,241.500,411.594,1,317.500,241.500,1.000,1.000,,,cv,0.000,0.000,0.000,0.000,-0.3726,0.1699,0.8313,none
14.5000,TRACK,722.301,172.802,1,317.500,241.500,317.500,241.500,410.588,1,317.500,241.500,1.000,1.000,,,cv,0.000,0.000,0.000,0.000,-0.3726,0.1699,0.4902,none
14.5333,TRACK,722.441,180.511,1,317.500,241.500,317.500,241.500,409.508,1,317.500,241.500,1.000,1.000,,,cv,0.000,0.000,0.000,0.000,-0.3726,0.1699,0.7689,none
14.5667,TRACK,722.413,188.487,1,317.500,241.500,317.500,241.500,408.368,1,317.500,241.500,1.000,1.000,,,cv,0.000,0.000,0.000,0.000,-0.3726,0.1699,1.4719,none
14.6000,TRACK,722.216,196.719,1,317.500,241.500,317.500,241.500,407.186,1,317.500,241.500,1.000,1.000,,,cv,0.000,0.000,0.000,0.000,-0.3726,0.1699,0.8297,none
14.6333,TRACK,721.851,205.198,1,317.500,241.500,317.500,241.500,405.977,1,317.500,241.500,1.000,1.000,,,cv,0.000,0.000,0.000,0.000,-0.3726,0.1699,0.7365,none
14.6667,TRACK,721.318,213.913,1,317.500,241.500,317.500,241.500,404.759,1,317.500,241.500,1.000,1.000,,,cv,0.000,0.000,0.000,0.000,-0.3726,0.1699,0.6715,none
14.7000,TRACK,720.616,222.851,1,317.500,241.500,317.500,241.500,403.547,1,317.500,241.500,1.000,1.000,,,cv,0.000,0.000,0.000,0.000,-0.3726,0.1699,0.7748,none
14.7333,TRACK,719.747,232.001,1,317.500,241.500,317.500,241.500,402.359,1,317.500,241.500,1.000,1.000,,,cv,0.000,0.000,0.000,0.000,-0.3726,0.1699,0.7728,none
14.7667,TRACK,718.710,241.352,1,317.500,241.500,317.500,241.500,401.210,1,317.500,241.500,1.000,1.000,,,cv,0.000,0.000,0.000,0.000,-0.3726,0.1699,0.7569,none
14.8000,TRACK,717.505,250.891,1,317.500,241.500,317.500,241.500,400.116,1,317.500,241.500,1.000,1.000,,,cv,0.000,0.000,0.000,0.000,-0.3726,0.1699,0.7269,none
14.8333,TRACK,716.134,260.607,1,317.500,241.500,317.500,241.500,399.092,1,317.500,241.500,1.000,1.000,,,cv,0.000,0.000,0.000,0.000,-0.3726,0.1699,0.7477,none
14.8667,TRACK,714.597,270.486,1,317.500,241.500,317.500,241.500,398.153,1,317.500,241.500,1.000,1.000,,,cv,0.000,0.000,0.000,0.000,-0.3726,0.1699,0.7571,none
14.9000,TRACK,712.893,280.515,1,317.500,241.500,317.500,241.500,397.313,1,317.500,241.500,1.000,1.000,,,cv,0.000,0.000,0.000,0.000,-0.3726,0.1699,0.4965,none
14.9333,TRACK,711.024,290.682,1,317.500,241.500,317.500,241.500,396.586,1,317.500,241.500,1.000,1.000,,,cv,0.000,0.000,0.000,0.000,-0.3726,0.1699,1.0616,none
14.9667,TRACK,708.991,300.974,1,317.500,241.500,317.500,241.500,395.982,1,317.500,241.500,1.000,1.000,,,cv,0.000,0.000,0.000,0.000,-0.3726,0.1699,0.2729,none
15.0000,TRACK,706.793,311.376,1,317.500,241.500,317.500,241.500,395.514,1,317.500,241.500,1.000,1.000,,,cv,0.000,0.000,0.000,0.000,-0.3726,0.1699,0.2707,none
15.0333,TRACK,704.432,321.877,1,317.500,241.500,317.500,241.500,395.192,1,317.500,241.500,1.000,1.000,,,cv,0.000,0.000,0.000,0.000,-0.3726,0.1699,0.2443,none
15.0667,TRACK,701.908,332.461,1,317.500,241.500,317.500,241.500,395.023,1,317.500,241.500,1.000,1.000,,,cv,0.000,0.000,0.000,0.000,-0.3726,0.1699,0.2382,none
15.1000,TRACK,699.222,343.116,1,317.500,241.500,317.500,241.500,395.016,1,317.500,241.500,1.000,1.000,,,cv,0.000,0.000,0.000,0.000,-0.3726,0.1699,0.6532,none
15.1333,TRACK,696.376,353.827,1,317.500,241.500,317.500,241.500,395.176,1,317.500,241.500,1.000,1.000,,,cv,0.000,0.000,0.000,0.000,-0.3726,0.1699,0.7795,none
15.1667,TRACK,693.369,364.581,1,317.500,241.500,317.500,241.500,395.508,1,317.500,241.500,1.000,1.000,,,cv,0.000,0.000,0.000,0.000,-0.3726,0.1699,0.7919,none
15.2000,TRACK,690.204,375.363,1,317.500,241.500,317.500,241.500,396.014,1,317.500,241.500,1.000,1.000,,,cv,0.000,0.000,0.000,0.000,-0.3726,0.1699,0.5784,none
15.2333,TRACK,686.880,386.161,1,317.500,241.500,317.500,241.500,396.697,1,317.500,241.500,1.000,1.000,,,cv,0.000,0.000,0.000,0.000,-0.3726,0.1699,0.6981,none
15.2667,TRACK,683.399,396.959,1,317.500,241.500,317.500,241.500,397.555,1,317.500,241.500,1.000,1.000,,,cv,0.000,0.000,0.000,0.000,-0.3726,0.1699,0.7927,none
15.3000,TRACK,679.763,407.743,1,317.500,241.500,317.500,241.500,398.587,1,317.500,241.500,1.000,1.000,,,cv,0.000,0.000,0.000,0.000,-0.3726,0.1699,0.2637,none
15.3333,TRACK,675.972,418.501,1,317.500,241.500,317.500,241.500,399.789,1,317.500,241.500,1.000,1.000,,,cv,0.000,0.000,0.000,0.000,-0.3726,0.1699,0.7405,none
15.3667,TRACK,672.027,429.217,1,317.500,241.500,317.500,241.500,401.158,1,317.500,241.500,1.000,1.000,,,cv,0.000,0.000,0.000,0.000,-0.3726,0.1699,0.7318,none
15.4000,TRACK,667.931,439.879,1,317.500,241.500,317.500,241.500,402.686,1,317.500,241.500,1.000,1.000,,,cv,0.000,0.000,0.000,0.000,-0.3726,0.1699,0.7246,none
15.4333,TRACK,663.683,450.471,1,317.500,241.500,317.500,241.500,404.366,1,317.500,241.500,1.000,1.000,,,cv,0.000,0.000,0.000,0.000,-0.3726,0.1699,0.7313,none
15.4667,TRACK,659.286,460.981,1,317.500,241.500,317.500,241.500,406.189,1,317.500,241.500,1.000,1.000,,,cv,0.000,0.000,0.000,0.000,-0.3726,0.1699,0.7251,none
15.5000,TRACK,654.741,471.394,1,317.500,241.500,317.500,241.500,408.146,1,317.500,241.500,1.000,1.000,,,cv,0.000,0.000,0.000,0.000,-0.3726,0.1699,0.7518,none
15.5333,TRACK,650.050,481.698,1,317.500,241.500,317.500,241.500,410.225,1,317.500,241.500,1.000,1.000,,,cv,0.000,0.000,0.000,0.000,-0.3726,0.1699,0.9727,none
15.5667,TRACK,645.214,491.879,1,317.500,241.500,317.500,241.500,412.415,1,317.500,241.500,1.000,1.000,,,cv,0.000,0.000,0.000,0.000,-0.3726,0.1699,0.7378,none
15.6000,TRACK,640.234,501.924,1,317.500,241.500,317.500,241.500,414.702,1,317.500,241.500,1.000,1.000,,,cv,0.000,0.000,0.000,0.000,-0.3726,0.1699,0.7336,none
15.6333,TRACK,635.112,511.819,1,317.500,241.500,317.500,241.500,417.073,1,317.500,241.500,1.000,1.000,,,cv,0.000,0.000,0.000,0.000,-0.3726,0.1699,0.7522,none
15.6667,TRACK,629.850,521.552,1,317.500,241.500,317.500,241.500,419.514,1,317.500,241.500,1.000,1.000,,,cv,0.000,0.000,0.000,0.000,-0.3726,0.1699,0.8408,none
15.7000,TRACK,624.450,531.111,1,317.500,241.500,317.500,241.500,422.010,1,317.500,241.500,1.000,1.000,,,cv,0.000,0.000,0.000,0.000,-0.3726,0.1699,0.7521,none
15.7333,TRACK,618.912,540.482,1,317.500,241.500,317.500,241.500,424.547,1,317.500,241.500,1.000,1.000,,,cv,0.000,0.000,0.000,0.000,-0.3726,0.1699,0.7560,none
15.7667,TRACK,613.240,549.654,1,317.500,241.500,317.500,241.500,427.108,1,317.500,241.500,1.000,1.000,,,cv,0.000,0.000,0.000,0.000,-0.3726,0.1699,0.8081,none
15.8000,TRACK,607.435,558.615,1,317.500,241.500,317.500,241.500,429.680,1,317.500,241.500,1.000,1.000,,,cv,0.000,0.000,0.000,0.000,-0.3726,0.1699,2.8934,none
15.8333,TRACK,601.499,567.354,1,317.500,241.500,317.500,241.500,432.245,1,317.500,241.500,1.000,1.000,,,cv,0.000,0.000,0.000,0.000,-0.3726,0.1699,0.5626,none
15.8667,TRACK,595.433,575.858,1,317.500,241.500,317.500,241.500,434.790,1,317.500,241.500,1.000,1.000,,,cv,0.000,0.000,0.000,0.000,-0.3726,0.1699,0.7980,none
15.9000,TRACK,589.240,584.117,1,317.500,241.500,317.500,241.500,437.298,1,317.500,241.500,1.000,1.000,,,cv,0.000,0.000,0.000,0.000,-0.3726,0.1699,0.8067,none
15.9333,TRACK,582.922,592.120,1,317.500,241.500,317.500,241.500,439.754,1,317.500,241.500,1.000,1.000,,,cv,0.000,0.000,0.000,0.000,-0.3726,0.1699,0.7811,none
15.9667,TRACK,576.480,599.857,1,317.500,241.500,317.500,241.500,442.144,1,317.500,241.500,1.000,1.000,,,cv,0.000,0.000,0.000,0.000,-0.3726,0.1699,0.4054,none
16.0000,TRACK,569.918,607.318,1,317.500,241.500,317.500,241.500,444.452,1,317.500,241.500,1.000,1.000,,,cv,0.000,0.000,0.000,0.000,-0.3726,0.1699,0.7834,none
16.0333,TRACK,563.236,614.494,1,317.500,241.500,317.500,241.500,446.666,1,317.500,241.500,1.000,1.000,,,cv,0.000,0.000,0.000,0.000,-0.3726,0.1699,0.7422,none
16.0667,TRACK,556.437,621.374,1,317.500,241.500,317.500,241.500,448.770,1,317.500,241.500,1.000,1.000,,,cv,0.000,0.000,0.000,0.000,-0.3726,0.1699,0.7390,none
16.1000,TRACK,549.524,627.950,1,317.500,241.500,317.500,241.500,450.753,1,317.500,241.500,1.000,1.000,,,cv,0.000,0.000,0.000,0.000,-0.3726,0.1699,0.7361,none
16.1333,TRACK,542.498,634.213,1,317.500,241.500,317.500,241.500,452.601,1,317.500,241.500,1.000,1.000,,,cv,0.000,0.000,0.000,0.000,-0.3726,0.1699,0.7671,none
16.1667,TRACK,535.362,640.156,1,317.500,241.500,317.500,241.500,454.302,1,317.500,241.500,1.000,1.000,,,cv,0.000,0.000,0.000,0.000,-0.3726,0.1699,3.1737,none
16.2000,TRACK,528.118,645.770,1,317.500,241.500,317.500,241.500,455.844,1,317.500,241.500,1.000,1.000,,,cv,0.000,0.000,0.000,0.000,-0.3726,0.1699,1.5507,none
16.2333,TRACK,520.769,651.048,1,317.500,241.500,317.500,241.500,457.218,1,317.500,241.500,1.000,1.000,,,cv,0.000,0.000,0.000,0.000,-0.3726,0.1699,1.4809,none
16.2667,TRACK,513.316,655.984,1,317.500,241.500,317.500,241.500,458.412,1,317.500,241.500,1.000,1.000,,,cv,0.000,0.000,0.000,0.000,-0.3726,0.1699,0.8451,none
16.3000,TRACK,505.763,660.572,1,317.500,241.500,317.500,241.500,459.417,1,317.500,241.500,1.000,1.000,,,cv,0.000,0.000,0.000,0.000,-0.3726,0.1699,0.7742,none
16.3333,TRACK,498.112,664.804,1,317.500,241.500,317.500,241.500,460.225,1,317.500,241.500,1.000,1.000,,,cv,0.000,0.000,0.000,0.000,-0.3726,0.1699,0.7808,none
16.3667,TRACK,490.364,668.676,1,317.500,241.500,317.500,241.500,460.827,1,317.500,241.500,1.000,1.000,,,cv,0.000,0.000,0.000,0.000,-0.3726,0.1699,1.7554,none
16.4000,TRACK,482.524,672.182,1,317.500,241.500,317.500,241.500,461.216,1,317.500,241.500,1.000,1.000,,,cv,0.000,0.000,0.000,0.000,-0.3726,0.1699,0.8327,none
16.4333,TRACK,474.592,675.319,1,317.500,241.500,317.500,241.500,461.386,1,317.500,241.500,1.000,1.000,,,cv,0.000,0.000,0.000,0.000,-0.3726,0.1699,0.7339,none
16.4667,TRACK,466.573,678.082,1,317.500,241.500,317.500,241.500,461.331,1,317.500,241.500,1.000,1.000,,,cv,0.000,0.000,0.000,0.000,-0.3726,0.1699,1.1908,none
16.5000,TRACK,458.468,680.467,1,317.500,241.500,317.500,241.500,461.046,1,317.500,241.500,1.000,1.000,,,cv,0.000,0.000,0.000,0.000,-0.3726,0.1699,0.7795,none
16.5333,TRACK,450.280,682.471,1,317.500,241.500,317.500,241.500,460.528,1,317.500,241.500,1.000,1.000,,,cv,0.000,0.000,0.000,0.000,-0.3726,0.1699,0.7482,none
16.5667,TRACK,442.012,684.092,1,317.500,241.500,317.500,241.500,459.773,1,317.500,241.500,1.000,1.000,,,cv,0.000,0.000,0.000,0.000,-0.3726,0.1699,0.9908,none
16.6000,TRACK,433.666,685.328,1,317.500,241.500,317.500,241.500,458.779,1,317.500,241.500,1.000,1.000,,,cv,0.000,0.000,0.000,0.000,-0.3726,0.1699,0.7581,none
16.6333,TRACK,425.245,686.177,1,317.500,241.500,317.500,241.500,457.544,1,317.500,241.500,1.000,1.000,,,cv,0.000,0.000,0.000,0.000,-0.3726,0.1699,0.7398,none
16.6667,TRACK,416.752,686.638,1,317.500,241.500,317.500,241.500,456.069,1,317.500,241.500,1.000,1.000,,,cv,0.000,0.000,0.000,0.000,-0.3726,0.1699,0.7436,none
16.7000,TRACK,408.190,686.710,1,317.500,241.500,317.500,241.500,454.353,1,317.500,241.500,1.000,1.000,,,cv,0.000,0.000,0.000,0.000,-0.3726,0.1699,0.5696,none
16.7333,TRACK,399.560,686.394,1,317.500,241.500,317.500,241.500,452.399,1,317.500,241.500,1.000,1.000,,,cv,0.000,0.000,0.000,0.000,-0.3726,0.1699,0.7191,none
16.7667,TRACK,390.867,685.689,1,317.500,241.500,317.500,241.500,450.208,1,317.500,241.500,1.000,1.000,,,cv,0.000,0.000,0.000,0.000,-0.3726,0.1699,0.4670,none
16.8000,TRACK,382.113,684.597,1,317.500,241.500,317.500,241.500,447.783,1,317.500,241.500,1.000,1.000,,,cv,0.000,0.000,0.000,0.000,-0.3726,0.1699,0.7670,none
16.8333,TRACK,373.301,683.119,1,317.500,241.500,317.500,241.500,445.130,1,317.500,241.500,1.000,1.000,,,cv,0.000,0.000,0.000,0.000,-0.3726,0.1699,0.7555,none
16.8667,TRACK,364.434,681.257,1,317.500,241.500,317.500,241.500,442.254,1,317.500,241.500,1.000,1.000,,,cv,0.000,0.000,0.000,0.000,-0.3726,0.1699,0.7151,none
16.9000,TRACK,355.514,679.013,1,317.500,241.500,317.500,241.500,439.161,1,317.500,241.500,1.000,1.000,,,cv,0.000,0.000,0.000,0.000,-0.3726,0.1699,0.7190,none
16.9333,TRACK,346.544,676.390,1,317.500,241.500,317.500,241.500,435.859,1,317.500,241.500,1.000,1.000,,,cv,0.000,0.000,0.000,0.000,-0.3726,0.1699,0.5823,none
16.9667,TRACK,337.528,673.392,1,317.500,241.500,317.500,241.500,432.356,1,317.500,241.500,1.000,1.000,,,cv,0.000,0.000,0.000,0.000,-0.3726,0.1699,0.8094,none
17.0000,TRACK,328.468,670.022,1,317.500,241.500,317.500,241.500,428.663,1,317.500,241.500,1.000,1.000,,,cv,0.000,0.000,0.000,0.000,-0.3726,0.1699,0.7263,none
17.0333,TRACK,319.367,666.286,1,317.500,241.500,317.500,241.500,424.790,1,317.500,241.500,1.000,1.000,,,cv,0.000,0.000,0.000,0.000,-0.3726,0.1699,0.7255,none
17.0667,TRACK,310.228,662.187,1,317.500,241.500,317.500,241.500,420.750,1,317.500,241.500,1.000,1.000,,,cv,0.000,0.000,0.000,0.000,-0.3726,0.1699,0.7145,none
17.1000,TRACK,301.054,657.731,1,317.500,241.500,317.500,241.500,416.556,1,317.500,241.500,1.000,1.000,,,cv,0.000,0.000,0.000,0.000,-0.3726,0.1699,0.7106,none
17.1333,TRACK,291.849,652.924,1,317.500,241.500,317.500,241.500,412.223,1,317.500,241.500,1.000,1.000,,,cv,0.000,0.000,0.000,0.000,-0.3726,0.1699,0.7127,none
17.1667,TRACK,282.614,647.772,1,317.500,241.500,317.500,241.500,407.767,1,317.500,241.500,1.000,1.000,,,cv,0.000,0.000,0.000,0.000,-0.3726,0.1699,1.0697,none
17.2000,TRACK,273.353,642.282,1,317.500,241.500,317.500,241.500,403.206,1,317.500,241.500,1.000,1.000,,,cv,0.000,0.000,0.000,0.000,-0.3726,0.1699,0.7766,none
17.2333,TRACK,264.070,636.460,1,317.500,241.500,317.500,241.500,398.558,1,317.500,241.500,1.000,1.000,,,cv,0.000,0.000,0.000,0.000,-0.3726,0.1699,2.8842,none
17.2667,TRACK,254.766,630.315,1,317.500,241.500,317.500,241.500,393.844,1,317.500,241.500,1.000,1.000,,,cv,0.000,0.000,0.000,0.000,-0.3726,0.1699,0.8085,none
17.3000,TRACK,245.446,623.855,1,317.500,241.500,317.500,241.500,389.085,1,317.500,241.500,1.000,1.000,,,cv,0.000,0.000,0.000,0.000,-0.3726,0.1699,0.7800,none
17.3333,TRACK,236.111,617.087,1,317.500,241.500,317.500,241.500,384.304,1,317.500,241.500,1.000,1.000,,,cv,0.000,0.000,0.000,0.000,-0.3726,0.1699,0.7460,none
17.3667,TRACK,226.766,610.020,1,317.500,241.500,317.500,241.500,379.526,1,317.500,241.500,1.000,1.000,,,cv,0.000,0.000,0.000,0.000,-0.3726,0.1699,0.3438,none
17.4000,TRACK,217.413,602.665,1,317.500,241.500,317.500,241.500,374.776,1,317.500,241.500,1.000,1.000,,,cv,0.000,0.000,0.000,0.000,-0.3726,0.1699,8.7845,none
17.4333,TRACK,208.055,595.029,1,317.500,241.500,317.500,241.500,370.082,1,317.500,241.500,1.000,1.000,,,cv,0.000,0.000,0.000,0.000,-0.3726,0.1699,0.7162,none
17.4667,TRACK,198.695,587.123,1,317.500,241.500,317.500,241.500,365.472,1,317.500,241.500,1.000,1.000,,,cv,0.000,0.000,0.000,0.000,-0.3726,0.1699,1.3872,none
17.5000,TRACK,189.336,578.958,1,317.500,241.500,317.500,241.500,360.976,1,317.500,241.500,1.000,1.000,,,cv,0.000,0.000,0.000,0.000,-0.3726,0.1699,0.3298,none
17.5333,TRACK,179.982,570.544,1,317.500,241.500,317.500,241.500,356.624,1,317.500,241.500,1.000,1.000,,,cv,0.000,0.000,0.000,0.000,-0.3726,0.1699,2.9430,none
17.5667,TRACK,170.635,561.891,1,317.500,241.500,317.500,241.500,352.448,1,317.500,241.500,1.000,1.000,,,cv,0.000,0.000,0.000,0.000,-0.3726,0.1699,4.3209,none
17.6000,TRACK,161.298,553.012,1,317.500,241.500,317.500,241.500,348.480,1,317.500,241.500,1.000,1.000,,,cv,0.000,0.000,0.000,0.000,-0.3726,0.1699,0.7848,none
17.6333,TRACK,151.974,543.917,1,317.500,241.500,317.500,241.500,344.753,1,317.500,241.500,1.000,1.000,,,cv,0.000,0.000,0.000,0.000,-0.3726,0.1699,0.7444,none
17.6667,TRACK,142.667,534.618,1,317.500,241.500,317.500,241.500,341.298,1,317.500,241.500,1.000,1.000,,,cv,0.000,0.000,0.000,0.000,-0.3726,0.1699,0.7602,none
17.7000,TRACK,133.380,525.128,1,317.500,241.500,317.500,241.500,338.149,1,317.500,241.500,1.000,1.000,,,cv,0.000,0.000,0.000,0.000,-0.3726,0.1699,0.9998,none
17.7333,TRACK,124.114,515.458,1,317.500,241.500,317.500,241.500,335.337,1,317.500,241.500,1.000,1.000,,,cv,0.000,0.000,0.000,0.000,-0.3726,0.1699,0.7432,none
17.7667,TRACK,114.874,505.621,1,317.500,241.500,317.500,241.500,332.892,1,317.500,241.500,1.000,1.000,,,cv,0.000,0.000,0.000,0.000,-0.3726,0.1699,0.7246,none
17.8000,TRACK,105.663,495.631,1,317.500,241.500,317.500,241.500,330.844,1,317.500,241.500,1.000,1.000,,,cv,0.000,0.000,0.000,0.000,-0.3726,0.1699,0.7417,none
17.8333,TRACK,96.482,485.499,1,317.500,241.500,317.500,241.500,329.218,1,317.500,241.500,1.000,1.000,,,cv,0.000,0.000,0.000,0.000,-0.3726,0.1699,0.7408,none
17.8667,TRACK,87.336,475.239,1,317.500,241.500,317.500,241.500,328.039,1,317.500,241.500,1.000,1.000,,,cv,0.000,0.000,0.000,0.000,-0.3726,0.1699,0.7467,none
17.9000,TRACK,78.228,464.865,1,317.500,241.500,317.500,241.500,327.327,1,317.500,241.500,1.000,1.000,,,cv,0.000,0.000,0.000,0.000,-0.3726,0.1699,0.7252,none
17.9333,TRACK,69.159,454.389,1,317.500,241.500,317.500,241.500,327.101,1,317.500,241.500,1.000,1.000,,,cv,0.000,0.000,0.000,0.000,-0.3726,0.1699,1.3877,none
17.9667,TRACK,60.134,443.826,1,317.500,241.500,317.500,241.500,327.373,1,317.500,241.500,1.000,1.000,,,cv,0.000,0.000,0.000,0.000,-0.3726,0.1699,0.7569,none
18.0000,TRACK,51.155,433.189,1,317.500,241.500,317.500,241.500,328.153,1,317.500,241.500,1.000,1.000,,,cv,0.000,0.000,0.000,0.000,-0.3726,0.1699,0.7284,none
18.0333,TRACK,42.225,422.491,1,317.500,241.500,317.500,241.500,329.445,1,317.500,241.500,1.000,1.000,,,cv,0.000,0.000,0.000,0.000,-0.3726,0.1699,0.7153,none
18.0667,TRACK,33.347,411.747,1,317.500,241.500,317.500,241.500,331.251,1,317.500,241.500,1.000,1.000,,,cv,0.000,0.000,0.000,0.000,-0.3726,0.1699,1.2484,none
18.1000,TRACK,24.524,400.971,1,317.500,241.500,317.500,241.500,333.566,1,317.500,241.500,1.000,1.000,,,cv,0.000,0.000,0.000,0.000,-0.3726,0.1699,0.7287,none
18.1333,TRACK,15.758,390.176,1,317.500,241.500,317.500,241.500,336.382,1,317.500,241.500,1.000,1.000,,,cv,0.000,0.000,0.000,0.000,-0.3726,0.1699,0.9724,none
18.1667,TRACK,7.053,379.377,1,317.500,241.500,317.500,241.500,339.688,1,317.500,241.500,1.000,1.000,,,cv,0.000,0.000,0.000,0.000,-0.3726,0.1699,0.7529,none
18.2000,TRACK,-1.589,368.588,1,317.500,241.500,317.500,241.500,343.467,1,317.500,241.500,1.000,1.000,,,cv,0.000,0.000,0.000,0.000,-0.3726,0.1699,0.7226,none
18.2333,TRACK,-10.165,357.821,1,317.500,241.500,317.500,241.500,347.700,1,317.500,241.500,1.000,1.000,,,cv,0.000,0.000,0.000,0.000,-0.3726,0.1699,0.7080,none
18.2667,TRACK,-18.672,347.093,1,317.500,241.500,317.500,241.500,352.366,1,317.500,241.500,1.000,1.000,,,cv,0.000,0.000,0.000,0.000,-0.3726,0.1699,0.7097,none
18.3000,TRACK,-27.107,336.415,1,317.500,241.500,317.500,241.500,357.440,1,317.500,241.500,1.000,1.000,,,cv,0.000,0.000,0.000,0.000,-0.3726,0.1699,0.9298,none
18.3333,TRACK,-35.468,325.803,1,317.500,241.500,317.500,241.500,362.896,1,317.500,241.500,1.000,1.000,,,cv,0.000,0.000,0.000,0.000,-0.3726,0.1699,0.7262,none
18.3667,TRACK,-43.752,315.270,1,317.500,241.500,317.500,241.500,368.707,1,317.500,241.500,1.000,1.000,,,cv,0.000,0.000,0.000,0.000,-0.3726,0.1699,0.9946,none
18.4000,TRACK,-51.956,304.830,1,317.500,241.500,317.500,241.500,374.845,1,317.500,241.500,1.000,1.000,,,cv,0.000,0.000,0.000,0.000,-0.3726,0.1699,0.9082,none
18.4333,TRACK,-60.078,294.495,1,317.500,241.500,317.500,241.500,381.279,1,317.500,241.500,1.000,1.000,,,cv,0.000,0.000,0.000,0.000,-0.3726,0.1699,0.7296,none
18.4667,TRACK,-68.114,284.280,1,317.500,241.500,317.500,241.500,387.980,1,317.500,241.500,1.000,1.000,,,cv,0.000,0.000,0.000,0.000,-0.3726,0.1699,0.7271,none
18.5000,TRACK,-76.063,274.198,1,317.500,241.500,317.500,241.500,394.919,1,317.500,241.500,1.000,1.000,,,cv,0.000,0.000,0.000,0.000,-0.3726,0.1699,0.7443,none
18.5333,TRACK,-83.922,264.262,1,317.500,241.500,317.500,241.500,402.067,1,317.500,241.500,1.000,1.000,,,cv,0.000,0.000,0.000,0.000,-0.3726,0.1699,0.7300,none
18.5667,TRACK,-91.688,254.484,1,317.500,241.500,317.500,241.500,409.394,1,317.500,241.500,1.000,1.000,,,cv,0.000,0.000,0.000,0.000,-0.3726,0.1699,1.0877,none
18.6000,TRACK,-99.359,244.878,1,317.500,241.500,317.500,241.500,416.872,1,317.500,241.500,1.000,1.000,,,cv,0.000,0.000,0.000,0.000,-0.3726,0.1699,0.7329,none
18.6333,TRACK,-106.931,235.455,1,317.500,241.500,317.500,241.500,424.474,1,317.500,241.500,1.000,1.000,,,cv,0.000,0.000,0.000,0.000,-0.3726,0.1699,0.7602,none
18.6667,TRACK,-114.404,226.229,1,317.500,241.500,317.500,241.500,432.174,1,317.500,241.500,1.000,1.000,,,cv,0.000,0.000,0.000,0.000,-0.3726,0.1699,0.7474,none
18.7000,TRACK,-121.774,217.211,1,317.500,241.500,317.500,241.500,439.945,1,317.500,241.500,1.000,1.000,,,cv,0.000,0.000,0.000,0.000,-0.3726,0.1699,0.7125,none
18.7333,TRACK,-129.039,208.412,1,317.500,241.500,317.500,241.500,447.763,1,317.500,241.500,1.000,1.000,,,cv,0.000,0.000,0.000,0.000,-0.3726,0.1699,0.7151,none
18.7667,TRACK,-136.196,199.844,1,317.500,241.500,317.500,241.500,455.605,1,317.500,241.500,1.000,1.000,,,cv,0.000,0.000,0.000,0.000,-0.3726,0.1699,0.7299,none
18.8000,TRACK,-143.244,191.519,1,317.500,241.500,317.500,241.500,463.447,1,317.500,241.500,1.000,1.000,,,cv,0.000,0.000,0.000,0.000,-0.3726,0.1699,0.5562,none
18.8333,TRACK,-150.180,183.446,1,317.500,241.500,317.500,241.500,471.269,1,317.500,241.500,1.000,1.000,,,cv,0.000,0.000,0.000,0.000,-0.3726,0.1699,0.8487,none
18.8667,TRACK,-157.001,175.637,1,317.500,241.500,317.500,241.500,479.051,1,317.500,241.500,1.000,1.000,,,cv,0.000,0.000,0.000,0.000,-0.3726,0.1699,0.7366,none
18.9000,TRACK,-163.706,168.101,1,317.500,241.500,317.500,241.500,486.772,1,317.500,241.500,1.000,1.000,,,cv,0.000,0.000,0.000,0.000,-0.3726,0.1699,0.8754,none
18.9333,TRACK,-170.293,160.849,1,317.500,241.500,317.500,241.500,494.415,1,317.500,241.500,1.000,1.000,,,cv,0.000,0.000,0.000,0.000,-0.3726,0.1699,0.7204,none
18.9667,TRACK,-176.759,153.890,1,317.500,241.500,317.500,241.500,501.963,1,317.500,241.500,1.000,1.000,,,cv,0.000,0.000,0.000,0.000,-0.3726,0.1699,0.7185,none
19.0000,TRACK,-183.101,147.232,1,317.500,241.500,317.500,241.500,509.400,1,317.500,241.500,1.000,1.000,,,cv,0.000,0.000,0.000,0.000,-0.3726,0.1699,0.8789,none
19.0333,TRACK,-189.319,140.884,1,317.500,241.500,317.500,241.500,516.710,1,317.500,241.500,1.000,1.000,,,cv,0.000,0.000,0.000,0.000,-0.3726,0.1699,0.8315,none
19.0667,TRACK,-195.410,134.856,1,317.500,241.500,317.500,241.500,523.880,1,317.500,241.500,1.000,1.000,,,cv,0.000,0.000,0.000,0.000,-0.3726,0.1699,0.7880,none
19.1000,TRACK,-201.372,129.153,1,317.500,241.500,317.500,241.500,530.896,1,317.500,241.500,1.000,1.000,,,cv,0.000,0.000,0.000,0.000,-0.3726,0.1699,0.7358,none
19.1333,TRACK,-207.203,123.784,1,317.500,241.500,317.500,241.500,537.746,1,317.500,241.500,1.000,1.000,,,cv,0.000,0.000,0.000,0.000,-0.3726,0.1699,0.7555,none
19.1667,TRACK,-212.902,118.756,1,317.500,241.500,317.500,241.500,544.419,1,317.500,241.500,1.000,1.000,,,cv,0.000,0.000,0.000,0.000,-0.3726,0.1699,0.7585,none
19.2000,TRACK,-218.466,114.076,1,317.500,241.500,317.500,241.500,550.905,1,317.500,241.500,1.000,1.000,,,cv,0.000,0.000,0.000,0.000,-0.3726,0.1699,0.8746,none
19.2333,TRACK,-223.893,109.748,1,317.500,241.500,317.500,241.500,557.194,1,317.500,241.500,1.000,1.000,,,cv,0.000,0.000,0.000,0.000,-0.3726,0.1699,0.7550,none
19.2667,TRACK,-229.183,105.780,1,317.500,241.500,317.500,241.500,563.278,1,317.500,241.500,1.000,1.000,,,cv,0.000,0.000,0.000,0.000,-0.3726,0.1699,0.7445,none
19.3000,TRACK,-234.332,102.176,1,317.500,241.500,317.500,241.500,569.149,1,317.500,241.500,1.000,1.000,,,cv,0.000,0.000,0.000,0.000,-0.3726,0.1699,0.7400,none
19.3333,TRACK,-239.340,98.940,1,317.500,241.500,317.500,241.500,574.800,1,317.500,241.500,1.000,1.000,,,cv,0.000,0.000,0.000,0.000,-0.3726,0.1699,0.7438,none
19.3667,TRACK,-244.205,96.077,1,317.500,241.500,317.500,241.500,580.225,1,317.500,241.500,1.000,1.000,,,cv,0.000,0.000,0.000,0.000,-0.3726,0.1699,0.8520,none
19.4000,TRACK,-248.926,93.591,1,317.500,241.500,317.500,241.500,585.419,1,317.500,241.500,1.000,1.000,,,cv,0.000,0.000,0.000,0.000,-0.3726,0.1699,1.1101,none
19.4333,TRACK,-253.500,91.485,1,317.500,241.500,317.500,241.500,590.377,1,317.500,241.500,1.000,1.000,,,cv,0.000,0.000,0.000,0.000,-0.3726,0.1699,1.4976,none
19.4667,TRACK,-257.926,89.761,1,317.500,241.500,317.500,241.500,595.096,1,317.500,241.500,1.000,1.000,,,cv,0.000,0.000,0.000,0.000,-0.3726,0.1699,1.4548,none
19.5000,TRACK,-262.203,88.423,1,317.500,241.500,317.500,241.500,599.573,1,317.500,241.500,1.000,1.000,,,cv,0.000,0.000,0.000,0.000,-0.3726,0.1699,0.4477,none
19.5333,TRACK,-266.329,87.470,1,317.500,241.500,317.500,241.500,603.806,1,317.500,241.500,1.000,1.000,,,cv,0.000,0.000,0.000,0.000,-0.3726,0.1699,1.4373,none
19.5667,TRACK,-270.304,86.906,1,317.500,241.500,317.500,241.500,607.794,1,317.500,241.500,1.000,1.000,,,cv,0.000,0.000,0.000,0.000,-0.3726,0.1699,0.9973,none
19.6000,TRACK,-274.126,86.730,1,317.500,241.500,317.500,241.500,611.535,1,317.500,241.500,1.000,1.000,,,cv,0.000,0.000,0.000,0.000,-0.3726,0.1699,0.7597,none
19.6333,TRACK,-277.793,86.943,1,317.500,241.500,317.500,241.500,615.029,1,317.500,241.500,1.000,1.000,,,cv,0.000,0.000,0.000,0.000,-0.3726,0.1699,0.8597,none
19.6667,TRACK,-281.304,87.544,1,317.500,241.500,317.500,241.500,618.279,1,317.500,241.500,1.000,1.000,,,cv,0.000,0.000,0.000,0.000,-0.3726,0.1699,0.7333,none
19.7000,TRACK,-284.659,88.533,1,317.500,241.500,317.500,241.500,621.284,1,317.500,241.500,1.000,1.000,,,cv,0.000,0.000,0.000,0.000,-0.3726,0.1699,0.7491,none
19.7333,TRACK,-287.856,89.909,1,317.500,241.500,317.500,241.500,624.048,1,317.500,241.500,1.000,1.000,,,cv,0.000,0.000,0.000,0.000,-0.3726,0.1699,1.2042,none
19.7667,TRACK,-290.894,91.669,1,317.500,241.500,317.500,241.500,626.572,1,317.500,241.500,1.000,1.000,,,cv,0.000,0.000,0.000,0.000,-0.3726,0.1699,0.4071,none
19.8000,TRACK,-293.772,93.812,1,317.500,241.500,317.500,241.500,628.861,1,317.500,241.500,1.000,1.000,,,cv,0.000,0.000,0.000,0.000,-0.3726,0.1699,0.8589,none
19.8333,TRACK,-296.490,96.334,1,317.500,241.500,317.500,241.500,630.917,1,317.500,241.500,1.000,1.000,,,cv,0.000,0.000,0.000,0.000,-0.3726,0.1699,0.7497,none
19.8667,TRACK,-299.046,99.232,1,317.500,241.500,317.500,241.500,632.747,1,317.500,241.500,1.000,1.000,,,cv,0.000,0.000,0.000,0.000,-0.3726,0.1699,0.7296,none
19.9000,TRACK,-301.439,102.503,1,317.500,241.500,317.500,241.500,634.354,1,317.500,241.500,1.000,1.000,,,cv,0.000,0.000,0.000,0.000,-0.3726,0.1699,0.7407,none
19.9333,TRACK,-303.669,106.142,1,317.500,241.500,317.500,241.500,635.746,1,317.500,241.500,1.000,1.000,,,cv,0.000,0.000,0.000,0.000,-0.3726,0.1699,0.7431,none
19.9667,TRACK,-305.735,110.145,1,317.500,241.500,317.500,241.500,636.927,1,317.500,241.500,1.000,1.000,,,cv,0.000,0.000,0.000,0.000,-0.3726,0.1699,0.7449,none
20.0000,TRACK,-307.637,114.506,1,317.500,241.500,317.500,241.500,637.905,1,317.500,241.500,1.000,1.000,,,cv,0.000,0.000,0.000,0.000,-0.3726,0.1699,0.7059,none
20.0333,TRACK,-309.373,119.220,1,317.500,241.500,317.500,241.500,638.687,1,317.500,241.500,1.000,1.000,,,cv,0.000,0.000,0.000,0.000,-0.3726,0.1699,0.6241,none
20.0667,TRACK,-310.943,124.281,1,317.500,241.500,317.500,241.500,639.282,1,317.500,241.500,1.000,1.000,,,cv,0.000,0.000,0.000,0.000,-0.3726,0.1699,0.7696,none
20.1000,TRACK,-312.347,129.682,1,317.500,241.500,317.500,241.500,639.696,1,317.500,241.500,1.000,1.000,,,cv,0.000,0.000,0.000,0.000,-0.3726,0.1699,0.7274,none
20.1333,TRACK,-313.584,135.416,1,317.500,241.500,317.500,241.500,639.939,1,317.500,241.500,1.000,1.000,,,cv,0.000,0.000,0.000,0.000,-0.3726,0.1699,0.7231,none
20.1667,TRACK,-314.654,141.475,1,317.500,241.500,317.500,241.500,640.019,1,317.500,241.500,1.000,1.000,,,cv,0.000,0.000,0.000,0.000,-0.3726,0.1699,0.6490,none
20.2000,TRACK,-315.557,147.853,1,317.500,241.500,317.500,241.500,639.946,1,317.500,241.500,1.000,1.000,,,cv,0.000,0.000,0.000,0.000,-0.3726,0.1699,0.7480,none
20.2333,TRACK,-316.292,154.540,1,317.500,241.500,317.500,241.500,639.730,1,317.500,241.500,1.000,1.000,,,cv,0.000,0.000,0.000,0.000,-0.3726,0.1699,0.9684,none
20.2667,TRACK,-316.858,161.527,1,317.500,241.500,317.500,241.500,639.379,1,317.500,241.500,1.000,1.000,,,cv,0.000,0.000,0.000,0.000,-0.3726,0.1699,0.7834,none
20.3000,TRACK,-317.257,168.807,1,317.500,241.500,317.500,241.500,638.905,1,317.500,241.500,1.000,1.000,,,cv,0.000,0.000,0.000,0.000,-0.3726,0.1699,0.8076,none
20.3333,TRACK,-317.487,176.369,1,317.500,241.500,317.500,241.500,638.318,1,317.500,241.500,1.000,1.000,,,cv,0.000,0.000,0.000,0.000,-0.3726,0.1699,0.7233,none
20.3667,TRACK,-317.548,184.204,1,317.500,241.500,317.500,241.500,637.628,1,317.500,241.500,1.000,1.000,,,cv,0.000,0.000,0.000,0.000,-0.3726,0.1699,0.8662,none
20.4000,TRACK,-317.441,192.301,1,317.500,241.500,317.500,241.500,636.844,1,317.500,241.500,1.000,1.000,,,cv,0.000,0.000,0.000,0.000,-0.3726,0.1699,0.8324,none
20.4333,TRACK,-317.166,200.650,1,317.500,241.500,317.500,241.500,635.979,1,317.500,241.500,1.000,1.000,,,cv,0.000,0.000,0.000,0.000,-0.3726,0.1699,0.7124,none
20.4667,TRACK,-316.722,209.240,1,317.500,241.500,317.500,241.500,635.042,1,317.500,241.500,1.000,1.000,,,cv,0.000,0.000,0.000,0.000,-0.3726,0.1699,0.9532,none
20.5000,TRACK,-316.110,218.060,1,317.500,241.500,317.500,241.500,634.044,1,317.500,241.500,1.000,1.000,,,cv,0.000,0.000,0.000,0.000,-0.3726,0.1699,0.7221,none
20.5333,TRACK,-315.330,227.099,1,317.500,241.500,317.500,241.500,632.994,1,317.500,241.500,1.000,1.000,,,cv,0.000,0.000,0.000,0.000,-0.3726,0.1699,0.7267,none
20.5667,TRACK,-314.382,236.344,1,317.500,241.500,317.500,241.500,631.904,1,317.500,241.500,1.000,1.000,,,cv,0.000,0.000,0.000,0.000,-0.3726,0.1699,0.9332,none
20.6000,TRACK,-313.267,245.785,1,317.500,241.500,317.500,241.500,630.782,1,317.500,241.500,1.000,1.000,,,cv,0.000,0.000,0.000,0.000,-0.3726,0.1699,0.7699,none
20.6333,TRACK,-311.985,255.408,1,317.500,241.500,317.500,241.500,629.639,1,317.500,241.500,1.000,1.000,,,cv,0.000,0.000,0.000,0.000,-0.3726,0.1699,0.8215,none
20.6667,TRACK,-310.536,265.201,1,317.500,241.500,317.500,241.500,628.483,1,317.500,241.500,1.000,1.000,,,cv,0.000,0.000,0.000,0.000,-0.3726,0.1699,0.7158,none
20.7000,TRACK,-308.921,275.152,1,317.500,241.500,317.500,241.500,627.324,1,317.500,241.500,1.000,1.000,,,cv,0.000,0.000,0.000,0.000,-0.3726,0.1699,1.0426,none
20.7333,TRACK,-307.140,285.247,1,317.500,241.500,317.500,241.500,626.170,1,317.500,241.500,1.000,1.000,,,cv,0.000,0.000,0.000,0.000,-0.3726,0.1699,0.7244,none
20.7667,TRACK,-305.194,295.474,1,317.500,241.500,317.500,241.500,625.029,1,317.500,241.500,1.000,1.000,,,cv,0.000,0.000,0.000,0.000,-0.3726,0.1699,0.7455,none
20.8000,TRACK,-303.084,305.819,1,317.500,241.500,317.500,241.500,623.908,1,317.500,241.500,1.000,1.000,,,cv,0.000,0.000,0.000,0.000,-0.3726,0.1699,0.7189,none
20.8333,TRACK,-300.810,316.269,1,317.500,241.500,317.500,241.500,622.814,1,317.500,241.500,1.000,1.000,,,cv,0.000,0.000,0.000,0.000,-0.3726,0.1699,0.7134,none
20.8667,TRACK,-298.373,326.811,1,317.500,241.500,317.500,241.500,621.753,1,317.500,241.500,1.000,1.000,,,cv,0.000,0.000,0.000,0.000,-0.3726,0.1699,0.7175,none
20.9000,TRACK,-295.773,337.430,1,317.500,241.500,317.500,241.500,620.731,1,317.500,241.500,1.000,1.000,,,cv,0.000,0.000,0.000,0.000,-0.3726,0.1699,0.7203,none
20.9333,TRACK,-293.012,348.112,1,317.500,241.500,317.500,241.500,619.751,1,317.500,241.500,1.000,1.000,,,cv,0.000,0.000,0.000,0.000,-0.3726,0.1699,1.0070,none
20.9667,TRACK,-290.091,358.845,1,317.500,241.500,317.500,241.500,618.819,1,317.500,241.500,1.000,1.000,,,cv,0.000,0.000,0.000,0.000,-0.3726,0.1699,0.7308,none
21.0000,TRACK,-287.010,369.614,1,317.500,241.500,317.500,241.500,617.936,1,317.500,241.500,1.000,1.000,,,cv,0.000,0.000,0.000,0.000,-0.3726,0.1699,1.4849,none
21.0333,TRACK,-283.770,380.406,1,317.500,241.500,317.500,241.500,617.107,1,317.500,241.500,1.000,1.000,,,cv,0.000,0.000,0.000,0.000,-0.3726,0.1699,0.8917,none
21.0667,TRACK,-280.373,391.205,1,317.500,241.500,317.500,241.500,616.331,1,317.500,241.500,1.000,1.000,,,cv,0.000,0.000,0.000,0.000,-0.3726,0.1699,0.7809,none
21.1000,TRACK,-276.820,401.998,1,317.500,241.500,317.500,241.500,615.610,1,317.500,241.500,1.000,1.000,,,cv,0.000,0.000,0.000,0.000,-0.3726,0.1699,0.7273,none
21.1333,TRACK,-273.111,412.772,1,317.500,241.500,317.500,241.500,614.943,1,317.500,241.500,1.000,1.000,,,cv,0.000,0.000,0.000,0.000,-0.3726,0.1699,1.4985,none
21.1667,TRACK,-269.248,423.512,1,317.500,241.500,317.500,241.500,614.330,1,317.500,241.500,1.000,1.000,,,cv,0.000,0.000,0.000,0.000,-0.3726,0.1699,0.7364,none
21.2000,TRACK,-265.232,434.205,1,317.500,241.500,317.500,241.500,613.769,1,317.500,241.500,1.000,1.000,,,cv,0.000,0.000,0.000,0.000,-0.3726,0.1699,0.7816,none
21.2333,TRACK,-261.065,444.835,1,317.500,241.500,317.500,241.500,613.256,1,317.500,241.500,1.000,1.000,,,cv,0.000,0.000,0.000,0.000,-0.3726,0.1699,1.2580,none
21.2667,TRACK,-256.747,455.391,1,317.500,241.500,317.500,241.500,612.788,1,317.500,241.500,1.000,1.000,,,cv,0.000,0.000,0.000,0.000,-0.3726,0.1699,0.6507,none
21.3000,TRACK,-252.281,465.858,1,317.500,241.500,317.500,241.500,612.362,1,317.500,241.500,1.000,1.000,,,cv,0.000,0.000,0.000,0.000,-0.3726,0.1699,0.7352,none
21.3333,TRACK,-247.668,476.222,1,317.500,241.500,317.500,241.500,611.971,1,317.500,241.500,1.000,1.000,,,cv,0.000,0.000,0.000,0.000,-0.3726,0.1699,0.7981,none
21.3667,TRACK,-242.908,486.470,1,317.500,241.500,317.500,241.500,611.611,1,317.500,241.500,1.000,1.000,,,cv,0.000,0.000,0.000,0.000,-0.3726,0.1699,0.7397,none
21.4000,TRACK,-238.005,496.589,1,317.500,241.500,317.500,241.500,611.274,1,317.500,241.500,1.000,1.000,,,cv,0.000,0.000,0.000,0.000,-0.3726,0.1699,0.7206,none
21.4333,TRACK,-232.958,506.565,1,317.500,241.500,317.500,241.500,610.953,1,317.500,241.500,1.000,1.000,,,cv,0.000,0.000,0.000,0.000,-0.3726,0.1699,0.7267,none
21.4667,TRACK,-227.771,516.386,1,317.500,241.500,317.500,241.500,610.641,1,317.500,241.500,1.000,1.000,,,cv,0.000,0.000,0.000,0.000,-0.3726,0.1699,0.8639,none
21.5000,TRACK,-222.444,526.039,1,317.500,241.500,317.500,241.500,610.330,1,317.500,241.500,1.000,1.000,,,cv,0.000,0.000,0.000,0.000,-0.3726,0.1699,0.7813,none
21.5333,TRACK,-216.980,535.512,1,317.500,241.500,317.500,241.500,610.009,1,317.500,241.500,1.000,1.000,,,cv,0.000,0.000,0.000,0.000,-0.3726,0.1699,1.4000,none
21.5667,TRACK,-211.379,544.792,1,317.500,241.500,317.500,241.500,609.671,1,317.500,241.500,1.000,1.000,,,cv,0.000,0.000,0.000,0.000,-0.3726,0.1699,0.7660,none
21.6000,TRACK,-205.645,553.867,1,317.500,241.500,317.500,241.500,609.306,1,317.500,241.500,1.000,1.000,,,cv,0.000,0.000,0.000,0.000,-0.3726,0.1699,0.7464,none
21.6333,TRACK,-199.778,562.725,1,317.500,241.500,317.500,241.500,608.902,1,317.500,241.500,1.000,1.000,,,cv,0.000,0.000,0.000,0.000,-0.3726,0.1699,0.7494,none
21.6667,TRACK,-193.781,571.355,1,317.500,241.500,317.500,241.500,608.451,1,317.500,241.500,1.000,1.000,,,cv,0.000,0.000,0.000,0.000,-0.3726,0.1699,0.7188,none
21.7000,TRACK,-187.656,579.747,1,317.500,241.500,317.500,241.500,607.942,1,317.500,241.500,1.000,1.000,,,cv,0.000,0.000,0.000,0.000,-0.3726,0.1699,0.7542,none
21.7333,TRACK,-181.404,587.888,1,317.500,241.500,317.500,241.500,607.363,1,317.500,241.500,1.000,1.000,,,cv,0.000,0.000,0.000,0.000,-0.3726,0.1699,0.7198,none
21.7667,TRACK,-175.028,595.768,1,317.500,241.500,317.500,241.500,606.704,1,317.500,241.500,1.000,1.000,,,cv,0.000,0.000,0.000,0.000,-0.3726,0.1699,0.7597,none
21.8000,TRACK,-168.529,603.377,1,317.500,241.500,317.500,241.500,605.954,1,317.500,241.500,1.000,1.000,,,cv,0.000,0.000,0.000,0.000,-0.3726,0.1699,0.7532,none
21.8333,TRACK,-161.911,610.706,1,317.500,241.500,317.500,241.500,605.101,1,317.500,241.500,1.000,1.000,,,cv,0.000,0.000,0.000,0.000,-0.3726,0.1699,0.7187,none
21.8667,TRACK,-155.174,617.744,1,317.500,241.500,317.500,241.500,604.136,1,317.500,241.500,1.000,1.000,,,cv,0.000,0.000,0.000,0.000,-0.3726,0.1699,0.7082,none
21.9000,TRACK,-148.322,624.483,1,317.500,241.500,317.500,241.500,603.047,1,317.500,241.500,1.000,1.000,,,cv,0.000,0.000,0.000,0.000,-0.3726,0.1699,0.7170,none
21.9333,TRACK,-141.355,630.914,1,317.500,241.500,317.500,241.500,601.824,1,317.500,241.500,1.000,1.000,,,cv,0.000,0.000,0.000,0.000,-0.3726,0.1699,0.7176,none
21.9667,TRACK,-134.278,637.029,1,317.500,241.500,317.500,241.500,600.455,1,317.500,241.500,1.000,1.000,,,cv,0.000,0.000,0.000,0.000,-0.3726,0.1699,0.7533,none
22.0000,TRACK,-127.091,642.819,1,317.500,241.500,317.500,241.500,598.931,1,317.500,241.500,1.000,1.000,,,cv,0.000,0.000,0.000,0.000,-0.3726,0.1699,0.8006,none
22.0333,TRACK,-119.798,648.277,1,317.500,241.500,317.500,241.500,597.241,1,317.500,241.500,1.000,1.000,,,cv,0.000,0.000,0.000,0.000,-0.3726,0.1699,0.7353,none
22.0667,TRACK,-112.400,653.397,1,317.500,241.500,317.500,241.500,595.376,1,317.500,241.500,1.000,1.000,,,cv,0.000,0.000,0.000,0.000,-0.3726,0.1699,0.7292,none
22.1000,TRACK,-104.900,658.171,1,317.500,241.500,317.500,241.500,593.327,1,317.500,241.500,1.000,1.000,,,cv,0.000,0.000,0.000,0.000,-0.3726,0.1699,0.7462,none
22.1333,TRACK,-97.301,662.593,1,317.500,241.500,317.500,241.500,591.083,1,317.500,241.500,1.000,1.000,,,cv,0.000,0.000,0.000,0.000,-0.3726,0.1699,0.7422,none
22.1667,TRACK,-89.604,666.657,1,317.500,241.500,317.500,241.500,588.636,1,317.500,241.500,1.000,1.000,,,cv,0.000,0.000,0.000,0.000,-0.3726,0.1699,0.7457,none
22.2000,TRACK,-81.813,670.359,1,317.500,241.500,317.500,241.500,585.979,1,317.500,241.500,1.000,1.000,,,cv,0.000,0.000,0.000,0.000,-0.3726,0.1699,0.7112,none
22.2333,TRACK,-73.930,673.694,1,317.500,241.500,317.500,241.500,583.103,1,317.500,241.500,1.000,1.000,,,cv,0.000,0.000,0.000,0.000,-0.3726,0.1699,0.7226,none
22.2667,TRACK,-65.957,676.656,1,317.500,241.500,317.500,241.500,580.000,1,317.500,241.500,1.000,1.000,,,cv,0.000,0.000,0.000,0.000,-0.3726,0.1699,0.7554,none
22.3000,TRACK,-57.897,679.243,1,317.500,241.500,317.500,241.500,576.664,1,317.500,241.500,1.000,1.000,,,cv,0.000,0.000,0.000,0.000,-0.3726,0.1699,0.7216,none
22.3333,TRACK,-49.753,681.450,1,317.500,241.500,317.500,241.500,573.089,1,317.500,241.500,1.000,1.000,,,cv,0.000,0.000,0.000,0.000,-0.3726,0.1699,0.7453,none
22.3667,TRACK,-41.527,683.276,1,317.500,241.500,317.500,241.500,569.269,1,317.500,241.500,1.000,1.000,,,cv,0.000,0.000,0.000,0.000,-0.3726,0.1699,0.7440,none
22.4000,TRACK,-33.222,684.718,1,317.500,241.500,317.500,241.500,565.197,1,317.500,241.500,1.000,1.000,,,cv,0.000,0.000,0.000,0.000,-0.3726,0.1699,0.7322,none
22.4333,TRACK,-24.841,685.773,1,317.500,241.500,317.500,241.500,560.871,1,317.500,241.500,1.000,1.000,,,cv,0.000,0.000,0.000,0.000,-0.3726,0.1699,0.7139,none
22.4667,TRACK,-16.386,686.441,1,317.500,241.500,317.500,241.500,556.284,1,317.500,241.500,1.000,1.000,,,cv,0.000,0.000,0.000,0.000,-0.3726,0.1699,0.6905,none
22.5000,TRACK,-7.860,686.720,1,317.500,241.500,317.500,241.500,551.435,1,317.500,241.500,1.000,1.000,,,cv,0.000,0.000,0.000,0.000,-0.3726,0.1699,0.7135,none
22.5333,TRACK,0.733,686.611,1,317.500,241.500,317.500,241.500,546.319,1,317.500,241.500,1.000,1.000,,,cv,0.000,0.000,0.000,0.000,-0.3726,0.1699,0.9741,none
22.5667,TRACK,9.393,686.113,1,317.500,241.500,317.500,241.500,540.935,1,317.500,241.500,1.000,1.000,,,cv,0.000,0.000,0.000,0.000,-0.3726,0.1699,0.8315,none
22.6000,TRACK,18.115,685.227,1,317.500,241.500,317.500,241.500,535.281,1,317.500,241.500,1.000,1.000,,,cv,0.000,0.000,0.000,0.000,-0.3726,0.1699,0.7570,none
22.6333,TRACK,26.896,683.955,1,317.500,241.500,317.500,241.500,529.355,1,317.500,241.500,1.000,1.000,,,cv,0.000,0.000,0.000,0.000,-0.3726,0.1699,0.7209,none
22.6667,TRACK,35.735,682.297,1,317.500,241.500,317.500,241.500,523.157,1,317.500,241.500,1.000,1.000,,,cv,0.000,0.000,0.000,0.000,-0.3726,0.1699,0.7195,none
22.7000,TRACK,44.627,680.256,1,317.500,241.500,317.500,241.500,516.688,1,317.500,241.500,1.000,1.000,,,cv,0.000,0.000,0.000,0.000,-0.3726,0.1699,0.5167,none
22.7333,TRACK,53.571,677.835,1,317.500,241.500,317.500,241.500,509.948,1,317.500,241.500,1.000,1.000,,,cv,0.000,0.000,0.000,0.000,-0.3726,0.1699,0.7255,none
22.7667,TRACK,62.562,675.036,1,317.500,241.500,317.500,241.500,502.938,1,317.500,241.500,1.000,1.000,,,cv,0.000,0.000,0.000,0.000,-0.3726,0.1699,0.9756,none
22.8000,TRACK,71.599,671.864,1,317.500,241.500,317.500,241.500,495.662,1,317.500,241.500,1.000,1.000,,,cv,0.000,0.000,0.000,0.000,-0.3726,0.1699,1.4814,none
22.8333,TRACK,80.679,668.323,1,317.500,241.500,317.500,241.500,488.121,1,317.500,241.500,1.000,1.000,,,cv,0.000,0.000,0.000,0.000,-0.3726,0.1699,0.8198,none
22.8667,TRACK,89.798,664.416,1,317.500,241.500,317.500,241.500,480.319,1,317.500,241.500,1.000,1.000,,,cv,0.000,0.000,0.000,0.000,-0.3726,0.1699,0.7439,none
22.9000,TRACK,98.953,660.150,1,317.500,241.500,317.500,241.500,472.261,1,317.500,241.500,1.000,1.000,,,cv,0.000,0.000,0.000,0.000,-0.3726,0.1699,0.7305,none
22.9333,TRACK,108.142,655.529,1,317.500,241.500,317.500,241.500,463.951,1,317.500,241.500,1.000,1.000,,,cv,0.000,0.000,0.000,0.000,-0.3726,0.1699,0.7302,none
22.9667,TRACK,117.362,650.560,1,317.500,241.500,317.500,241.500,455.396,1,317.500,241.500,1.000,1.000,,,cv,0.000,0.000,0.000,0.000,-0.3726,0.1699,1.3514,none
23.0000,TRACK,126.609,645.249,1,317.500,241.500,317.500,241.500,446.602,1,317.500,241.500,1.000,1.000,,,cv,0.000,0.000,0.000,0.000,-0.3726,0.1699,1.3427,none
23.0333,TRACK,135.881,639.604,1,317.500,241.500,317.500,241.500,437.575,1,317.500,241.500,1.000,1.000,,,cv,0.000,0.000,0.000,0.000,-0.3726,0.1699,0.7954,none
23.0667,TRACK,145.174,633.630,1,317.500,241.500,317.500,241.500,428.325,1,317.500,241.500,1.000,1.000,,,cv,0.000,0.000,0.000,0.000,-0.3726,0.1699,1.5792,none
23.1000,TRACK,154.486,627.337,1,317.500,241.500,317.500,241.500,418.860,1,317.500,241.500,1.000,1.000,,,cv,0.000,0.000,0.000,0.000,-0.3726,0.1699,0.7330,none
23.1333,TRACK,163.813,620.731,1,317.500,241.500,317.500,241.500,409.189,1,317.500,241.500,1.000,1.000,,,cv,0.000,0.000,0.000,0.000,-0.3726,0.1699,0.7546,none
23.1667,TRACK,173.153,613.823,1,317.500,241.500,317.500,241.500,399.325,1,317.500,241.500,1.000,1.000,,,cv,0.000,0.000,0.000,0.000,-0.3726,0.1699,0.8236,none
23.2000,TRACK,182.503,606.620,1,317.500,241.500,317.500,241.500,389.278,1,317.500,241.500,1.000,1.000,,,cv,0.000,0.000,0.000,0.000,-0.3726,0.1699,0.7142,none
23.2333,TRACK,191.858,599.132,1,317.500,241.500,317.500,241.500,379.060,1,317.500,241.500,1.000,1.000,,,cv,0.000,0.000,0.000,0.000,-0.3726,0.1699,0.7078,none
23.2667,TRACK,201.218,591.369,1,317.500,241.500,317.500,241.500,368.687,1,317.500,241.500,1.000,1.000,,,cv,0.000,0.000,0.000,0.000,-0.3726,0.1699,0.7065,none
23.3000,TRACK,210.577,583.341,1,317.500,241.500,317.500,241.500,358.173,1,317.500,241.500,1.000,1.000,,,cv,0.000,0.000,0.000,0.000,-0.3726,0.1699,1.4683,none
23.3333,TRACK,219.934,575.058,1,317.500,241.500,317.500,241.500,347.534,1,317.500,241.500,1.000,1.000,,,cv,0.000,0.000,0.000,0.000,-0.3726,0.1699,0.7335,none
23.3667,TRACK,229.286,566.531,1,317.500,241.500,317.500,241.500,336.789,1,317.500,241.500,1.000,1.000,,,cv,0.000,0.000,0.000,0.000,-0.3726,0.1699,0.7260,none
23.4000,TRACK,238.628,557.771,1,317.500,241.500,317.500,241.500,325.957,1,317.500,241.500,1.000,1.000,,,cv,0.000,0.000,0.000,0.000,-0.3726,0.1699,0.7287,none
23.4333,TRACK,247.959,548.790,1,317.500,241.500,317.500,241.500,315.060,1,317.500,241.500,1.000,1.000,,,cv,0.000,0.000,0.000,0.000,-0.3726,0.1699,0.8117,none
23.4667,TRACK,257.276,539.598,1,317.500,241.500,317.500,241.500,304.121,1,317.500,241.500,1.000,1.000,,,cv,0.000,0.000,0.000,0.000,-0.3726,0.1699,0.7448,none
23.5000,TRACK,266.574,530.208,1,317.500,241.500,317.500,241.500,293.165,1,317.500,241.500,1.000,1.000,,,cv,0.000,0.000,0.000,0.000,-0.3726,0.1699,0.7198,none
23.5333,TRACK,275.852,520.633,1,317.500,241.500,317.500,241.500,282.223,1,317.500,241.500,1.000,1.000,,,cv,0.000,0.000,0.000,0.000,-0.3726,0.1699,0.6406,none
23.5667,TRACK,285.106,510.883,1,317.500,241.500,317.500,241.500,271.324,1,317.500,241.500,1.000,1.000,,,cv,0.000,0.000,0.000,0.000,-0.3726,0.1699,0.7434,none
23.6000,TRACK,294.333,500.973,1,317.500,241.500,317.500,241.500,260.506,1,317.500,241.500,1.000,1.000,,,cv,0.000,0.000,0.000,0.000,-0.3726,0.1699,0.7408,none
23.6333,TRACK,303.530,490.915,1,317.500,241.500,317.500,241.500,249.806,1,317.500,241.500,1.000,1.000,,,cv,0.000,0.000,0.000,0.000,-0.3726,0.1699,1.0190,none
23.6667,TRACK,312.695,480.722,1,317.500,241.500,317.500,241.500,239.270,1,317.500,241.500,1.000,1.000,,,cv,0.000,0.000,0.000,0.000,-0.3726,0.1699,0.7430,none
23.7000,TRACK,321.823,470.407,1,317.500,241.500,317.500,241.500,228.948,1,317.500,241.500,1.000,1.000,,,cv,0.000,0.000,0.000,0.000,-0.3726,0.1699,0.7297,none
23.7333,TRACK,330.914,459.984,1,317.500,241.500,317.500,241.500,218.895,1,317.500,241.500,1.000,1.000,,,cv,0.000,0.000,0.000,0.000,-0.3726,0.1699,0.7364,none
23.7667,TRACK,339.962,449.466,1,317.500,241.500,317.500,241.500,209.175,1,317.500,241.500,1.000,1.000,,,cv,0.000,0.000,0.000,0.000,-0.3726,0.1699,0.7263,none
23.8000,TRACK,348.966,438.866,1,317.500,241.500,317.500,241.500,199.859,1,317.500,241.500,1.000,1.000,,,cv,0.000,0.000,0.000,0.000,-0.3726,0.1699,0.7428,none
23.8333,TRACK,357.923,428.199,1,317.500,241.500,317.500,241.500,191.025,1,317.500,241.500,1.000,1.000,,,cv,0.000,0.000,0.000,0.000,-0.3726,0.1699,0.7266,none
23.8667,TRACK,366.829,417.478,1,317.500,241.500,317.500,241.500,182.761,1,317.500,241.500,1.000,1.000,,,cv,0.000,0.000,0.000,0.000,-0.3726,0.1699,0.7332,none
23.9000,TRACK,375.682,406.717,1,317.500,241.500,317.500,241.500,175.162,1,317.500,241.500,1.000,1.000,,,cv,0.000,0.000,0.000,0.000,-0.3726,0.1699,0.7342,none
23.9333,TRACK,384.479,395.931,1,317.500,241.500,317.500,241.500,168.330,1,317.500,241.500,1.000,1.000,,,cv,0.000,0.000,0.000,0.000,-0.3726,0.1699,0.7478,none
23.9667,TRACK,393.217,385.132,1,317.500,241.500,317.500,241.500,162.367,1,317.500,241.500,1.000,1.000,,,cv,0.000,0.000,0.000,0.000,-0.3726,0.1699,0.7455,none
24.0000,TRACK,401.893,374.336,1,317.500,241.500,317.500,241.500,157.377,1,317.500,241.500,1.000,1.000,,,cv,0.000,0.000,0.000,0.000,-0.3726,0.1699,0.7638,none
24.0333,TRACK,410.504,363.555,1,317.500,241.500,317.500,241.500,153.451,1,317.500,241.500,1.000,1.000,,,cv,0.000,0.000,0.000,0.000,-0.3726,0.1699,0.7161,none
24.0667,TRACK,419.048,352.805,1,317.500,241.500,317.500,241.500,150.668,1,317.500,241.500,1.000,1.000,,,cv,0.000,0.000,0.000,0.000,-0.3726,0.1699,0.9534,none
24.1000,TRACK,427.522,342.098,1,317.500,241.500,317.500,241.500,149.080,1,317.500,241.500,1.000,1.000,,,cv,0.000,0.000,0.000,0.000,-0.3726,0.1699,0.6911,none
24.1333,TRACK,435.923,331.450,1,317.500,241.500,317.500,241.500,148.711,1,317.500,241.500,1.000,1.000,,,cv,0.000,0.000,0.000,0.000,-0.3726,0.1699,0.7707,none
24.1667,TRACK,444.248,320.873,1,317.500,241.500,317.500,241.500,149.550,1,317.500,241.500,1.000,1.000,,,cv,0.000,0.000,0.000,0.000,-0.3726,0.1699,0.7364,none
24.2000,TRACK,452.495,310.381,1,317.500,241.500,317.500,241.500,151.553,1,317.500,241.500,1.000,1.000,,,cv,0.000,0.000,0.000,0.000,-0.3726,0.1699,0.7255,none
24.2333,TRACK,460.661,299.989,1,317.500,241.500,317.500,241.500,154.648,1,317.500,241.500,1.000,1.000,,,cv,0.000,0.000,0.000,0.000,-0.3726,0.1699,0.7230,none
24.2667,TRACK,468.743,289.708,1,317.500,241.500,317.500,241.500,158.740,1,317.500,241.500,1.000,1.000,,,cv,0.000,0.000,0.000,0.000,-0.3726,0.1699,0.7282,none
24.3000,TRACK,476.739,279.554,1,317.500,241.500,317.500,241.500,163.723,1,317.500,241.500,1.000,1.000,,,cv,0.000,0.000,0.000,0.000,-0.3726,0.1699,0.9733,none
24.3333,TRACK,484.646,269.538,1,317.500,241.500,317.500,241.500,169.481,1,317.500,241.500,1.000,1.000,,,cv,0.000,0.000,0.000,0.000,-0.3726,0.1699,0.7332,none
24.3667,TRACK,492.462,259.674,1,317.500,241.500,317.500,241.500,175.903,1,317.500,241.500,1.000,1.000,,,cv,0.000,0.000,0.000,0.000,-0.3726,0.1699,0.7650,none
24.4000,TRACK,500.183,249.975,1,317.500,241.500,317.500,241.500,182.880,1,317.500,241.500,1.000,1.000,,,cv,0.000,0.000,0.000,0.000,-0.3726,0.1699,0.7177,none
24.4333,TRACK,507.809,240.453,1,317.500,241.500,317.500,241.500,190.312,1,317.500,241.500,1.000,1.000,,,cv,0.000,0.000,0.000,0.000,-0.3726,0.1699,0.7175,none
24.4667,TRACK,515.335,231.121,1,317.500,241.500,317.500,241.500,198.107,1,317.500,241.500,1.000,1.000,,,cv,0.000,0.000,0.000,0.000,-0.3726,0.1699,0.7217,none
24.5000,TRACK,522.760,221.990,1,317.500,241.500,317.500,241.500,206.185,1,317.500,241.500,1.000,1.000,,,cv,0.000,0.000,0.000,0.000,-0.3726,0.1699,0.7590,none
24.5333,TRACK,530.081,213.073,1,317.500,241.500,317.500,241.500,214.473,1,317.500,241.500,1.000,1.000,,,cv,0.000,0.000,0.000,0.000,-0.3726,0.1699,1.4537,none
24.5667,TRACK,537.296,204.381,1,317.500,241.500,317.500,241.500,222.908,1,317.500,241.500,1.000,1.000,,,cv,0.000,0.000,0.000,0.000,-0.3726,0.1699,0.9313,none
24.6000,TRACK,544.403,195.925,1,317.500,241.500,317.500,241.500,231.434,1,317.500,241.500,1.000,1.000,,,cv,0.000,0.000,0.000,0.000,-0.3726,0.1699,0.7921,none
24.6333,TRACK,551.398,187.716,1,317.500,241.500,317.500,241.500,240.002,1,317.500,241.500,1.000,1.000,,,cv,0.000,0.000,0.000,0.000,-0.3726,0.1699,2.1762,none
24.6667,TRACK,558.281,179.765,1,317.500,241.500,317.500,241.500,248.569,1,317.500,241.500,1.000,1.000,,,cv,0.000,0.000,0.000,0.000,-0.3726,0.1699,0.7882,none
24.7000,TRACK,565.048,172.083,1,317.500,241.500,317.500,241.500,257.097,1,317.500,241.500,1.000,1.000,,,cv,0.000,0.000,0.000,0.000,-0.3726,0.1699,0.7587,none
24.7333,TRACK,571.698,164.678,1,317.500,241.500,317.500,241.500,265.553,1,317.500,241.500,1.000,1.000,,,cv,0.000,0.000,0.000,0.000,-0.3726,0.1699,0.9487,none
24.7667,TRACK,578.229,157.562,1,317.500,241.500,317.500,241.500,273.907,1,317.500,241.500,1.000,1.000,,,cv,0.000,0.000,0.000,0.000,-0.3726,0.1699,0.7202,none
24.8000,TRACK,584.637,150.742,1,317.500,241.500,317.500,241.500,282.134,1,317.500,241.500,1.000,1.000,,,cv,0.000,0.000,0.000,0.000,-0.3726,0.1699,0.7190,none
24.8333,TRACK,590.922,144.228,1,317.500,241.500,317.500,241.500,290.209,1,317.500,241.500,1.000,1.000,,,cv,0.000,0.000,0.000,0.000,-0.3726,0.1699,0.7406,none
24.8667,TRACK,597.081,138.028,1,317.500,241.500,317.500,241.500,298.114,1,317.500,241.500,1.000,1.000,,,cv,0.000,0.000,0.000,0.000,-0.3726,0.1699,0.7332,none
24.9000,TRACK,603.112,132.151,1,317.500,241.500,317.500,241.500,305.829,1,317.500,241.500,1.000,1.000,,,cv,0.000,0.000,0.000,0.000,-0.3726,0.1699,0.7285,none
24.9333,TRACK,609.013,126.603,1,317.500,241.500,317.500,241.500,313.338,1,317.500,241.500,1.000,1.000,,,cv,0.000,0.000,0.000,0.000,-0.3726,0.1699,0.7475,none
24.9667,TRACK,614.782,121.393,1,317.500,241.500,317.500,241.500,320.628,1,317.500,241.500,1.000,1.000,,,cv,0.000,0.000,0.000,0.000,-0.3726,0.1699,3.5975,none
25.0000,TRACK,620.418,116.527,1,317.500,241.500,317.500,241.500,327.686,1,317.500,241.500,1.000,1.000,,,cv,0.000,0.000,0.000,0.000,-0.3726,0.1699,0.7656,none
