t,state,gt_x,gt_y,gt_visible,est_x,est_y,pred_x,pred_y,err_px,det_found,det_x,det_y,det_conf,cv_conf,ai_conf,track_p,chosen_by,cmd_pan,cmd_tilt,act_pan,act_tilt,az_deg,el_deg,proc_ms,ai_runtime
0.0333,SEARCH,151.101,489.126,1,,,,,,0,,,0.000,,,,cv,-2.799,-1.179,-1.333,-1.179,-0.0444,-0.0393,2.6887,none
0.0667,SEARCH,167.569,496.873,1,,,,,,0,,,0.000,,,,cv,-0.559,-0.794,-0.559,-0.794,-0.0631,-0.0658,0.8792,none
0.1000,SEARCH,179.900,502.183,1,,,,,,0,,,0.000,,,,cv,-0.505,-0.894,-0.505,-0.894,-0.0799,-0.0955,0.7571,none
0.1333,SEARCH,191.934,507.636,1,,,,,,0,,,0.000,,,,cv,-0.202,-0.816,-0.202,-0.816,-0.0866,-0.1227,0.7539,none
0.1667,SEARCH,202.338,512.288,1,,,,,,0,,,0.000,,,,cv,-0.007,-0.806,-0.007,-0.806,-0.0868,-0.1496,0.7542,none
0.2000,SEARCH,211.688,516.499,1,,,,,,0,,,0.000,,,,cv,0.213,-0.773,0.213,-0.773,-0.0797,-0.1754,0.7402,none
0.2333,SEARCH,219.847,520.145,1,,,,,,0,,,0.000,,,,cv,0.409,-0.751,0.409,-0.751,-0.0661,-0.2004,0.8224,none
0.2667,SEARCH,226.940,523.282,1,,,,,,0,,,0.000,,,,cv,0.600,-0.726,0.600,-0.726,-0.0461,-0.2246,0.8023,none
0.3000,SEARCH,232.990,525.900,1,,,,,,0,,,0.000,,,,cv,0.780,-0.704,0.780,-0.704,-0.0201,-0.2481,0.7810,none
0.3333,SEARCH,238.055,528.014,1,,,,,,0,,,0.000,,,,cv,0.951,-0.682,0.951,-0.682,0.0116,-0.2708,0.7277,none
0.3667,SEARCH,242.176,529.630,1,,,,,,0,,,0.000,,,,cv,1.114,-0.661,1.114,-0.661,0.0487,-0.2928,0.7438,none
0.4000,SEARCH,245.397,530.756,1,,,,,,0,,,0.000,,,,cv,1.268,-0.642,1.268,-0.642,0.0910,-0.3142,0.7433,none
0.4333,SEARCH,247.758,531.400,1,,,,,,0,,,0.000,,,,cv,1.415,-0.624,1.415,-0.624,0.1381,-0.3350,0.7308,none
0.4667,SEARCH,249.298,531.573,1,,,,,,0,,,0.000,,,,cv,1.554,-0.606,1.554,-0.606,0.1899,-0.3552,2.0757,none
0.5000,SEARCH,250.053,531.282,1,,,,,,0,,,0.000,,,,cv,1.686,-0.589,1.686,-0.589,0.2461,-0.3749,0.7526,none
0.5333,SEARCH,250.057,530.537,1,,,,,,0,,,0.000,,,,cv,1.812,-0.573,1.812,-0.573,0.3066,-0.3940,0.7254,none
0.5667,SEARCH,249.342,529.347,1,,,,,,0,,,0.000,,,,cv,1.932,-0.558,1.932,-0.558,0.3709,-0.4126,0.7366,none
0.6000,SEARCH,247.939,527.722,1,,,,,,0,,,0.000,,,,cv,2.045,-0.544,2.045,-0.544,0.4391,-0.4307,0.7548,none
0.6333,SEARCH,245.877,525.672,1,,,,,,0,,,0.000,,,,cv,2.153,-0.530,2.153,-0.530,0.5109,-0.4484,0.7987,none
0.6667,SEARCH,243.184,523.208,1,,,,,,0,,,0.000,,,,cv,2.255,-0.517,2.255,-0.517,0.5861,-0.4656,2.5728,none
0.7000,SEARCH,239.885,520.338,1,,,,,,0,,,0.000,,,,cv,2.353,-0.505,2.353,-0.505,0.6645,-0.4825,1.3065,none
0.7333,SEARCH,236.006,517.075,1,,,,,,0,,,0.000,,,,cv,2.445,-0.493,2.445,-0.493,0.7460,-0.4989,1.2131,none
0.7667,SEARCH,231.569,513.430,1,,,,,,0,,,0.000,,,,cv,2.533,-0.482,2.533,-0.482,0.8304,-0.5150,1.5484,none
0.8000,SEARCH,226.596,509.413,1,,,,,,0,,,0.000,,,,cv,2.616,-0.472,2.616,-0.472,0.9176,-0.5307,0.8900,none
0.8333,SEARCH,221.109,505.036,1,,,,,,0,,,0.000,,,,cv,0.612,5.000,1.283,0.862,0.9603,-0.5020,0.7648,none
0.8667,SEARCH,222.659,493.253,1,,,,,,0,,,0.000,,,,cv,0.075,2.497,0.075,2.195,0.9629,-0.4288,0.7369,none
0.9000,CANDIDATE,230.573,474.073,1,230.000,474.000,,,0.578,1,230.000,474.000,1.000,1.000,,,cv,-5.000,5.000,-1.258,3.528,0.9209,-0.3112,0.8131,none
0.9333,ACQUIRE,245.519,447.507,1,238.046,459.518,230.000,474.000,14.146,1,245.000,447.000,1.000,1.000,,,cv,-1.131,3.030,-1.131,3.030,0.8832,-0.2102,1.8247,none
0.9667,TRACK,259.707,423.333,1,247.113,444.432,238.094,459.431,24.572,1,260.000,423.000,1.000,1.000,,,cv,-0.415,1.843,-0.415,1.843,0.8694,-0.1488,0.9230,none
1.0000,TRACK,269.992,405.233,1,255.635,429.751,247.293,444.126,28.412,1,270.000,405.000,1.000,1.000,,,cv,-0.337,1.678,-0.337,1.678,0.8581,-0.0929,0.7213,none
1.0333,TRACK,279.775,387.771,1,264.426,414.336,256.003,429.122,30.680,1,280.000,387.000,1.000,1.000,,,cv,-0.202,1.427,-0.202,1.427,0.8514,-0.0453,0.7513,none
1.0667,TRACK,288.745,371.415,1,272.966,398.681,265.031,413.290,31.503,1,288.000,371.000,1.000,1.000,,,cv,-0.103,1.204,-0.103,1.204,0.8480,-0.0052,0.7513,none
1.1000,TRACK,297.098,356.024,1,281.452,383.008,273.824,397.169,31.192,1,296.000,356.000,1.000,1.000,,,cv,0.008,0.995,0.008,0.995,0.8483,0.0279,0.9528,none
1.1333,TRACK,304.764,341.538,1,289.939,367.598,282.570,381.014,29.982,1,304.000,342.000,1.000,1.000,,,cv,0.123,0.807,0.123,0.807,0.8524,0.0548,0.7193,none
1.1667,TRACK,311.719,327.857,1,298.433,352.011,291.316,365.133,27.567,1,312.000,327.000,1.000,1.000,,,cv,0.239,0.587,0.239,0.587,0.8603,0.0744,0.3114,none
1.2000,TRACK,317.955,315.162,1,305.894,337.347,300.063,349.079,25.252,1,317.000,315.000,1.000,1.000,,,cv,0.273,0.450,0.273,0.450,0.8695,0.0894,0.7559,none
1.2333,TRACK,323.908,303.019,1,313.332,323.327,307.731,333.998,22.897,1,324.000,303.000,1.000,1.000,,,cv,0.374,0.304,0.374,0.304,0.8819,0.0995,0.7166,none
1.2667,TRACK,329.221,291.494,1,320.058,309.759,315.366,319.601,20.435,1,329.000,291.000,1.000,1.000,,,cv,0.420,0.151,0.420,0.151,0.8959,0.1046,0.7214,none
1.3000,TRACK,334.184,280.637,1,326.294,296.856,322.256,305.691,18.036,1,334.000,280.000,1.000,1.000,,,cv,0.474,0.020,0.474,0.020,0.9117,0.1052,0.7204,none
1.3333,TRACK,338.750,270.343,1,331.850,284.760,328.631,292.485,15.984,1,338.000,270.000,1.000,1.000,,,cv,0.506,-0.091,0.506,-0.091,0.9286,0.1022,0.7101,none
1.3667,TRACK,343.033,260.518,1,336.939,273.220,334.295,280.128,14.088,1,342.000,260.000,1.000,1.000,,,cv,0.546,-0.211,0.546,-0.211,0.9468,0.0952,0.4591,none
1.4000,TRACK,346.987,251.226,1,342.053,262.408,339.472,268.358,12.222,1,347.000,251.000,1.000,1.000,,,cv,0.619,-0.311,0.619,-0.311,0.9674,0.0848,1.2006,none
1.4333,TRACK,350.437,242.371,1,346.495,251.753,344.670,257.352,10.176,1,350.000,241.000,1.000,1.000,,,cv,0.638,-0.447,0.638,-0.447,0.9887,0.0699,0.7575,none
1.4667,TRACK,353.670,234.157,1,350.481,242.236,349.171,246.517,8.685,1,353.000,234.000,1.000,1.000,,,cv,0.664,-0.503,0.664,-0.503,1.0108,0.0532,0.6980,none
1.5000,TRACK,356.643,226.174,1,354.156,232.811,353.198,236.865,7.088,1,356.000,225.000,1.000,1.000,,,cv,0.696,-0.627,0.696,-0.627,1.0340,0.0323,0.7108,none
1.5333,TRACK,359.323,218.797,1,357.618,224.135,356.903,227.314,5.604,1,359.000,218.000,1.000,1.000,,,cv,0.732,-0.698,0.732,-0.698,1.0584,0.0090,0.7093,none
1.5667,TRACK,361.689,211.758,1,360.937,216.310,360.388,218.540,4.614,1,362.000,212.000,1.000,1.000,,,cv,0.770,-0.750,0.770,-0.750,1.0841,-0.0160,0.7059,none
1.6000,TRACK,363.725,204.975,1,363.817,208.724,363.723,210.648,3.751,1,364.000,205.000,1.000,1.000,,,cv,0.783,-0.841,0.783,-0.841,1.1102,-0.0440,0.7060,none
1.6333,TRACK,365.563,198.660,1,366.059,201.302,366.606,203.005,2.688,1,365.000,198.000,1.000,1.000,,,cv,0.774,-0.934,0.774,-0.934,1.1360,-0.0751,0.7006,none
1.6667,TRACK,367.316,192.845,1,368.209,194.331,368.832,195.533,1.733,1,367.000,192.000,1.000,1.000,,,cv,0.800,-1.003,0.800,-1.003,1.1626,-0.1086,0.7440,none
1.7000,TRACK,368.800,187.411,1,369.956,188.008,370.963,188.527,1.302,1,368.000,187.000,1.000,1.000,,,cv,0.801,-1.050,0.801,-1.050,1.1893,-0.1435,0.6233,none
1.7333,TRACK,370.148,182.258,1,371.771,182.125,372.682,182.189,1.629,1,370.000,182.000,1.000,1.000,,,cv,0.833,-1.105,0.833,-1.105,1.2171,-0.1804,0.7551,none
1.7667,TRACK,371.189,177.441,1,372.954,176.540,374.471,176.304,1.982,1,370.000,177.000,1.000,1.000,,,cv,0.810,-1.165,0.810,-1.165,1.2441,-0.2192,0.7135,none
1.8000,TRACK,372.213,173.004,1,374.387,171.158,375.611,170.726,2.852,1,372.000,172.000,1.000,1.000,,,cv,0.849,-1.230,0.849,-1.230,1.2724,-0.2602,0.7150,none
1.8333,TRACK,372.889,168.982,1,375.313,166.591,377.010,165.356,3.404,1,372.000,169.000,1.000,1.000,,,cv,0.832,-1.243,0.832,-1.243,1.3001,-0.3016,0.7205,none
1.8667,TRACK,373.520,165.114,1,376.234,161.899,377.889,160.823,4.207,1,373.000,164.000,1.000,1.000,,,cv,0.847,-1.320,0.847,-1.320,1.3284,-0.3456,0.8768,none
1.9000,TRACK,373.926,161.753,1,376.814,157.798,378.765,156.160,4.898,1,373.000,161.000,1.000,1.000,,,cv,0.835,-1.341,0.835,-1.341,1.3562,-0.3903,1.3627,none
1.9333,TRACK,374.249,158.621,1,377.503,154.098,379.294,152.103,5.573,1,374.000,158.000,1.000,1.000,,,cv,0.855,-1.370,0.855,-1.370,1.3847,-0.4360,0.3531,none
1.9667,TRACK,374.321,155.769,1,377.590,151.007,379.934,148.456,5.776,1,373.000,156.000,1.000,1.000,,,cv,0.820,-1.378,0.820,-1.378,1.4120,-0.4819,0.3856,none
2.0000,TRACK,374.435,153.094,1,377.946,147.652,379.960,145.432,6.476,1,374.000,152.000,1.000,1.000,,,cv,0.845,-1.446,0.845,-1.446,1.4402,-0.5301,0.2427,none
2.0333,TRACK,374.265,150.933,1,378.147,145.130,380.262,142.136,6.982,1,374.000,151.000,1.000,1.000,,,cv,0.841,-1.431,0.841,-1.431,1.4682,-0.5778,0.7290,none
2.0667,TRACK,373.967,148.857,1,377.907,142.497,380.409,139.692,7.481,1,373.000,148.000,1.000,1.000,,,cv,0.812,-1.479,0.812,-1.479,1.4953,-0.6272,0.7329,none
2.1000,TRACK,373.674,147.216,1,377.707,140.125,380.104,137.131,8.158,1,373.000,146.000,1.000,1.000,,,cv,0.814,-1.500,0.814,-1.500,1.5224,-0.6772,0.6130,none
2.1333,TRACK,373.213,145.874,1,377.196,138.265,379.842,134.836,8.589,1,372.000,145.000,1.000,1.000,,,cv,0.790,-1.497,0.790,-1.497,1.5488,-0.7271,0.7566,none
2.1667,TRACK,372.728,144.719,1,376.814,136.752,379.264,133.064,8.954,1,372.000,144.000,1.000,1.000,,,cv,0.796,-1.501,0.796,-1.501,1.5753,-0.7771,0.3232,none
2.2000,TRACK,372.055,143.795,1,376.521,135.473,378.820,131.644,9.444,1,372.000,143.000,1.000,1.000,,,cv,0.801,-1.509,0.801,-1.509,1.6020,-0.8274,0.4669,none
2.2333,TRACK,371.201,143.136,1,375.952,134.350,378.469,130.461,9.988,1,371.000,142.000,1.000,1.000,,,cv,0.778,-1.519,0.778,-1.519,1.6279,-0.8780,0.4221,none
2.2667,TRACK,370.313,142.770,1,375.196,133.669,377.837,129.436,10.328,1,370.000,142.000,1.000,1.000,,,cv,0.758,-1.505,0.758,-1.505,1.6532,-0.9282,0.7153,none
2.3000,TRACK,369.371,142.575,1,373.979,133.623,377.016,128.860,10.069,1,368.000,143.000,1.000,1.000,,,cv,0.714,-1.470,0.714,-1.470,1.6770,-0.9772,0.7400,none
2.3333,TRACK,368.505,142.449,1,373.122,133.333,375.723,128.932,10.219,1,368.000,142.000,1.000,1.000,,,cv,0.729,-1.495,0.729,-1.495,1.7013,-1.0270,0.7382,none
2.3667,TRACK,367.401,142.727,1,372.176,133.211,374.802,128.750,10.646,1,367.000,142.000,1.000,1.000,,,cv,0.712,-1.491,0.712,-1.491,1.7251,-1.0767,0.7318,none
2.4000,TRACK,366.222,143.261,1,371.169,133.201,373.791,128.738,11.210,1,366.000,142.000,1.000,1.000,,,cv,0.697,-1.490,0.697,-1.490,1.7483,-1.1264,0.7089,none
2.4333,TRACK,364.962,144.075,1,369.786,133.603,372.720,128.838,11.530,1,364.000,143.000,1.000,1.000,,,cv,0.656,-1.463,0.656,-1.463,1.7702,-1.1751,0.2924,none
2.4667,TRACK,363.757,145.041,1,368.485,134.618,371.266,129.355,11.445,1,363.000,145.000,1.000,1.000,,,cv,0.646,-1.414,0.646,-1.414,1.7917,-1.2223,0.2836,none
2.5000,TRACK,362.443,146.052,1,367.242,135.712,369.898,130.498,11.400,1,362.000,146.000,1.000,1.000,,,cv,0.635,-1.399,0.635,-1.399,1.8129,-1.2689,0.2544,none
2.5333,TRACK,361.022,147.299,1,366.038,136.856,368.590,131.717,11.585,1,361.000,147.000,1.000,1.000,,,cv,0.624,-1.386,0.624,-1.386,1.8337,-1.3151,0.2358,none
2.5667,TRACK,359.497,148.794,1,364.526,138.033,367.325,132.985,11.878,1,359.000,148.000,1.000,1.000,,,cv,0.585,-1.373,0.585,-1.373,1.8532,-1.3608,0.4671,none
2.6000,TRACK,358.013,150.550,1,362.807,139.566,365.747,134.283,11.984,1,357.000,150.000,1.000,1.000,,,cv,0.550,-1.333,0.550,-1.333,1.8715,-1.4053,0.7582,none
2.6333,TRACK,356.551,152.433,1,361.283,141.338,363.957,135.942,12.061,1,356.000,152.000,1.000,1.000,,,cv,0.544,-1.298,0.544,-1.298,1.8897,-1.4486,0.7124,none
2.6667,TRACK,354.953,154.473,1,359.893,143.272,362.369,137.843,12.242,1,355.000,154.000,1.000,1.000,,,cv,0.536,-1.266,0.536,-1.266,1.9075,-1.4908,0.7136,none
2.7000,TRACK,353.232,156.692,1,358.260,145.648,360.921,139.905,12.134,1,353.000,157.000,1.000,1.000,,,cv,0.499,-1.209,0.499,-1.209,1.9242,-1.5311,0.7030,none
2.7333,TRACK,351.538,158.963,1,356.462,147.651,359.225,142.417,12.337,1,351.000,158.000,1.000,1.000,,,cv,0.466,-1.211,0.466,-1.211,1.9397,-1.5715,1.7257,none
2.7667,TRACK,349.855,161.605,1,354.889,150.071,357.362,144.544,12.585,1,350.000,161.000,1.000,1.000,,,cv,0.461,-1.155,0.461,-1.155,1.9551,-1.6100,0.3433,none
2.8000,TRACK,348.032,164.315,1,352.799,152.771,355.731,147.093,12.490,1,347.000,164.000,1.000,1.000,,,cv,0.400,-1.104,0.400,-1.104,1.9684,-1.6468,0.5828,none
2.8333,TRACK,346.366,167.124,1,351.029,155.323,353.572,149.926,12.689,1,346.000,166.000,1.000,1.000,,,cv,0.398,-1.083,0.398,-1.083,1.9817,-1.6829,0.7086,none
2.8667,TRACK,344.540,170.194,1,349.143,158.109,351.743,152.605,12.932,1,344.000,169.000,1.000,1.000,,,cv,0.366,-1.034,0.366,-1.034,1.9939,-1.7174,0.7055,none
2.9000,TRACK,342.717,173.380,1,347.179,161.387,349.796,155.519,12.796,1,342.000,173.000,1.000,1.000,,,cv,0.335,-0.961,0.335,-0.961,2.0050,-1.7494,0.7055,none
2.9333,TRACK,340.889,176.556,1,345.162,164.662,347.771,158.934,12.638,1,340.000,176.000,1.000,1.000,,,cv,0.306,-0.920,0.306,-0.920,2.0152,-1.7800,0.7100,none
2.9667,TRACK,339.052,179.898,1,343.447,168.268,345.694,162.342,12.432,1,339.000,180.000,1.000,1.000,,,cv,0.303,-0.852,0.303,-0.852,2.0253,-1.8084,0.7074,none
3.0000,TRACK,337.060,183.264,1,341.602,171.426,343.926,166.085,12.679,1,337.000,182.000,1.000,1.000,,,cv,0.270,-0.842,0.270,-0.842,2.0343,-1.8365,0.4051,none
3.0333,TRACK,335.075,186.962,1,339.669,175.284,342.027,169.367,12.550,1,335.000,187.000,1.000,1.000,,,cv,0.239,-0.746,0.239,-0.746,2.0423,-1.8614,0.7245,none
3.0667,TRACK,333.088,190.539,1,337.342,178.944,340.040,173.361,12.351,1,332.000,190.000,1.000,1.000,,,cv,0.182,-0.712,0.182,-0.712,2.0484,-1.8851,0.8482,none
3.1000,TRACK,331.238,194.322,1,335.084,182.803,337.651,177.150,12.144,1,330.000,194.000,1.000,1.000,,,cv,0.156,-0.649,0.156,-0.649,2.0536,-1.9067,0.6527,none
3.1333,TRACK,329.357,198.156,1,332.873,186.796,335.334,181.139,11.892,1,328.000,198.000,1.000,1.000,,,cv,0.130,-0.588,0.130,-0.588,2.0579,-1.9263,0.6987,none
3.1667,TRACK,327.451,202.055,1,331.031,190.541,333.066,185.262,12.057,1,327.000,201.000,1.000,1.000,,,cv,0.129,-0.555,0.129,-0.555,2.0622,-1.9448,0.7118,none
3.2000,TRACK,325.381,206.166,1,329.106,194.452,331.178,189.128,12.291,1,325.000,205.000,1.000,1.000,,,cv,0.097,-0.493,0.097,-0.493,2.0654,-1.9613,0.7131,none
3.2333,TRACK,323.313,210.330,1,327.124,198.809,329.205,193.161,12.135,1,323.000,210.000,1.000,1.000,,,cv,0.067,-0.406,0.067,-0.406,2.0677,-1.9748,1.7566,none
3.2667,TRACK,321.242,214.415,1,325.104,203.132,327.175,197.647,11.926,1,321.000,214.000,1.000,1.000,,,cv,0.037,-0.351,0.037,-0.351,2.0689,-1.9865,0.7570,none
3.3000,TRACK,319.165,218.585,1,323.060,207.429,325.108,202.096,11.816,1,319.000,218.000,1.000,1.000,,,cv,0.007,-0.295,0.007,-0.295,2.0691,-1.9963,0.7480,none
3.3333,TRACK,317.082,222.837,1,320.999,211.707,323.017,206.515,11.799,1,317.000,222.000,1.000,1.000,,,cv,-0.022,-0.239,-0.022,-0.239,2.0684,-2.0043,0.7284,none
3.3667,TRACK,314.991,227.165,1,318.593,216.306,320.910,210.911,11.441,1,314.000,227.000,1.000,1.000,,,cv,-0.078,-0.156,-0.078,-0.156,2.0658,-2.0095,0.7095,none
3.4000,TRACK,313.034,231.420,1,316.288,220.785,318.452,215.633,11.122,1,312.000,231.000,1.000,1.000,,,cv,-0.103,-0.103,-0.103,-0.103,2.0624,-2.0129,0.7151,none
3.4333,TRACK,311.049,235.761,1,314.389,225.181,316.098,220.229,11.094,1,311.000,235.000,1.000,1.000,,,cv,-0.103,-0.049,-0.103,-0.049,2.0589,-2.0145,0.9463,none
3.4667,TRACK,308.902,240.174,1,312.429,229.519,314.159,224.738,11.223,1,309.000,239.000,1.000,1.000,,,cv,-0.134,0.006,-0.134,0.006,2.0545,-2.0143,0.3322,none
3.5000,TRACK,306.760,244.648,1,310.095,234.151,312.161,229.184,11.014,1,306.000,244.000,1.000,1.000,,,cv,-0.191,0.089,-0.191,0.089,2.0481,-2.0113,0.7207,none
3.5333,TRACK,304.764,249.031,1,307.842,238.981,309.780,233.929,10.511,1,304.000,249.000,1.000,1.000,,,cv,-0.218,0.168,-0.218,0.168,2.0408,-2.0057,0.8412,none
3.5667,TRACK,302.748,253.336,1,305.645,243.609,307.483,238.873,10.149,1,302.000,253.000,1.000,1.000,,,cv,-0.245,0.219,-0.245,0.219,2.0327,-1.9984,0.7460,none
3.6000,TRACK,300.721,257.708,1,303.486,248.097,305.244,243.608,10.001,1,300.000,257.000,1.000,1.000,,,cv,-0.273,0.272,-0.273,0.272,2.0236,-1.9894,0.7309,none
3.6333,TRACK,298.686,262.127,1,301.354,252.489,303.045,248.198,10.001,1,298.000,261.000,1.000,1.000,,,cv,-0.301,0.327,-0.301,0.327,2.0135,-1.9785,0.7153,none
3.6667,TRACK,296.647,266.577,1,299.241,257.484,300.875,252.686,9.456,1,296.000,267.000,1.000,1.000,,,cv,-0.330,0.436,-0.330,0.436,2.0025,-1.9639,0.3559,none
3.7000,TRACK,294.608,270.759,1,297.476,261.882,298.725,257.790,9.329,1,295.000,270.000,1.000,1.000,,,cv,-0.333,0.458,-0.333,0.458,1.9914,-1.9487,0.2340,none
3.7333,TRACK,292.429,275.128,1,295.279,266.543,296.932,262.281,9.045,1,292.000,275.000,1.000,1.000,,,cv,-0.393,0.541,-0.393,0.541,1.9783,-1.9306,1.0623,none
3.7667,TRACK,290.418,279.352,1,292.788,271.047,294.698,267.038,8.637,1,289.000,279.000,1.000,1.000,,,cv,-0.448,0.594,-0.448,0.594,1.9634,-1.9108,0.7138,none
3.8000,TRACK,288.548,283.581,1,290.768,275.442,292.164,271.632,8.437,1,288.000,283.000,1.000,1.000,,,cv,-0.446,0.649,-0.446,0.649,1.9485,-1.8892,0.7153,none
3.8333,TRACK,286.521,287.794,1,288.734,279.761,290.112,276.112,8.333,1,286.000,287.000,1.000,1.000,,,cv,-0.477,0.706,-0.477,0.706,1.9326,-1.8656,0.7158,none
3.8667,TRACK,284.509,291.974,1,286.691,284.363,288.047,280.514,7.918,1,284.000,292.000,1.000,1.000,,,cv,-0.507,0.790,-0.507,0.790,1.9157,-1.8393,0.7101,none
3.9000,TRACK,282.513,295.964,1,284.642,288.485,285.974,285.202,7.776,1,282.000,295.000,1.000,1.000,,,cv,-0.538,0.818,-0.538,0.818,1.8978,-1.8120,0.7087,none
3.9333,TRACK,280.534,300.053,1,282.590,292.951,283.895,289.398,7.393,1,280.000,300.000,1.000,1.000,,,cv,-0.568,0.904,-0.568,0.904,1.8789,-1.7819,2.4599,none
3.9667,TRACK,278.573,303.916,1,280.535,296.978,281.813,293.944,7.210,1,278.000,303.000,1.000,1.000,,,cv,-0.598,0.934,-0.598,0.934,1.8589,-1.7508,0.7392,none
4.0000,TRACK,276.634,307.847,1,278.815,301.042,279.730,298.040,7.146,1,277.000,307.000,1.000,1.000,,,cv,-0.602,0.995,-0.602,0.995,1.8388,-1.7176,0.7291,none
4.0333,TRACK,274.574,311.663,1,276.653,305.129,277.989,302.170,6.857,1,274.000,311.000,1.000,1.000,,,cv,-0.663,1.057,-0.663,1.057,1.8167,-1.6824,0.7210,none
4.0667,TRACK,272.702,315.356,1,274.525,309.231,275.797,306.324,6.391,1,272.000,315.000,1.000,1.000,,,cv,-0.693,1.118,-0.693,1.118,1.7937,-1.6451,0.7186,none
4.1000,TRACK,270.850,318.913,1,272.420,313.007,273.640,310.491,6.112,1,270.000,318.000,1.000,1.000,,,cv,-0.722,1.152,-0.722,1.152,1.7696,-1.6067,0.7104,none
4.1333,TRACK,269.022,322.465,1,270.668,316.895,271.509,314.323,5.808,1,269.000,322.000,1.000,1.000,,,cv,-0.726,1.217,-0.726,1.217,1.7454,-1.5661,1.7747,none
4.1667,TRACK,267.080,325.836,1,268.820,320.859,269.738,318.270,5.272,1,267.000,326.000,1.000,1.000,,,cv,-0.760,1.280,-0.760,1.280,1.7200,-1.5235,2.5353,none
4.2000,TRACK,265.191,329.019,1,266.908,324.539,267.869,322.292,4.798,1,265.000,329.000,1.000,1.000,,,cv,-0.794,1.317,-0.794,1.317,1.6936,-1.4796,0.7747,none
4.2333,TRACK,263.349,332.148,1,264.952,328.025,265.935,326.022,4.424,1,263.000,332.000,1.000,1.000,,,cv,-0.826,1.357,-0.826,1.357,1.6660,-1.4343,0.7577,none
4.2667,TRACK,261.555,335.190,1,262.966,331.042,263.957,329.552,4.382,1,261.000,334.000,1.000,1.000,,,cv,-0.858,1.372,-0.858,1.372,1.6374,-1.3886,0.7381,none
4.3000,TRACK,259.807,338.263,1,260.961,334.411,261.950,332.603,4.021,1,259.000,338.000,1.000,1.000,,,cv,-0.890,1.446,-0.890,1.446,1.6077,-1.3404,0.5025,none
4.3333,TRACK,258.106,341.038,1,259.278,337.348,259.922,336.012,3.872,1,258.000,340.000,1.000,1.000,,,cv,-0.896,1.464,-0.896,1.464,1.5779,-1.2916,0.7687,none
4.3667,TRACK,256.312,343.808,1,257.480,340.661,258.225,338.979,3.356,1,256.000,344.000,1.000,1.000,,,cv,-0.931,1.539,-0.931,1.539,1.5468,-1.2403,1.1936,none
4.4000,TRACK,254.589,346.247,1,255.937,343.224,256.410,342.330,3.310,1,255.000,345.000,1.000,1.000,,,cv,-0.939,1.530,-0.939,1.530,1.5155,-1.1893,0.7672,none
4.4333,TRACK,252.790,348.790,1,254.235,345.947,254.857,344.913,3.189,1,253.000,348.000,1.000,1.000,,,cv,-0.976,1.584,-0.976,1.584,1.4830,-1.1365,1.8669,none
4.4667,TRACK,251.076,351.093,1,252.423,348.778,253.140,347.659,2.678,1,251.000,351.000,1.000,1.000,,,cv,-1.012,1.636,-1.012,1.636,1.4493,-1.0820,0.8290,none
4.5000,TRACK,249.439,353.150,1,250.538,351.347,251.313,350.515,2.111,1,249.000,353.000,1.000,1.000,,,cv,-1.046,1.659,-1.046,1.659,1.4144,-1.0267,0.7224,none
4.5333,TRACK,247.876,355.096,1,248.938,353.403,249.410,353.103,1.998,1,248.000,354.000,1.000,1.000,,,cv,-1.053,1.660,-1.053,1.660,1.3793,-0.9713,0.7116,none
4.5667,TRACK,246.242,357.041,1,246.862,355.445,247.799,355.165,1.713,1,245.000,356.000,1.000,1.000,,,cv,-1.117,1.693,-1.117,1.693,1.3421,-0.9149,1.6063,none
4.6000,TRACK,244.842,358.799,1,245.132,357.477,245.702,357.213,1.353,1,244.000,358.000,1.000,1.000,,,cv,-1.122,1.727,-1.122,1.727,1.3047,-0.8573,0.8795,none
4.6333,TRACK,243.365,360.352,1,243.638,359.502,243.960,359.251,0.893,1,243.000,360.000,1.000,1.000,,,cv,-1.131,1.760,-1.131,1.760,1.2670,-0.7987,0.7696,none
4.6667,TRACK,241.836,361.686,1,241.970,361.187,242.459,361.282,0.517,1,241.000,361.000,1.000,1.000,,,cv,-1.169,1.767,-1.169,1.767,1.2280,-0.7398,0.7354,none
4.7000,TRACK,240.414,362.929,1,240.519,362.642,240.780,362.965,0.306,1,240.000,362.000,1.000,1.000,,,cv,-1.179,1.779,-1.179,1.779,1.1887,-0.6805,0.5314,none
4.7333,TRACK,238.949,364.044,1,239.215,364.274,239.323,364.412,0.352,1,239.000,364.000,1.000,1.000,,,cv,-1.192,1.819,-1.192,1.819,1.1490,-0.6198,0.7254,none
4.7667,TRACK,237.457,364.862,1,237.676,365.358,238.016,366.042,0.542,1,237.000,364.000,1.000,1.000,,,cv,-1.232,1.805,-1.232,1.805,1.1079,-0.5597,0.7195,none
4.8000,TRACK,236.093,365.664,1,236.313,366.738,236.470,367.110,1.097,1,236.000,366.000,1.000,1.000,,,cv,-1.244,1.850,-1.244,1.850,1.0664,-0.4980,1.0110,none
4.8333,TRACK,234.702,366.116,1,234.734,367.651,235.103,368.482,1.535,1,234.000,366.000,1.000,1.000,,,cv,-1.284,1.838,-1.284,1.838,1.0236,-0.4368,0.8197,none
4.8667,TRACK,233.441,366.509,1,233.343,368.245,233.516,369.376,1.739,1,233.000,366.000,1.000,1.000,,,cv,-1.296,1.832,-1.296,1.832,0.9804,-0.3757,1.9943,none
4.9000,TRACK,232.157,366.799,1,232.081,368.624,232.121,369.945,1.827,1,232.000,366.000,1.000,1.000,,,cv,-1.309,1.830,-1.309,1.830,0.9368,-0.3147,1.4675,none
4.9333,TRACK,230.866,366.953,1,230.571,368.856,230.858,370.294,1.926,1,230.000,366.000,1.000,1.000,,,cv,-1.351,1.830,-1.351,1.830,0.8918,-0.2537,0.8902,none
4.9667,TRACK,229.719,366.945,1,229.227,369.324,229.342,370.495,2.429,1,229.000,367.000,1.000,1.000,,,cv,-1.363,1.859,-1.363,1.859,0.8464,-0.1917,0.7849,none
5.0000,TRACK,228.562,366.611,1,227.997,369.283,227.996,370.937,2.731,1,228.000,366.000,1.000,1.000,,,cv,-1.377,1.832,-1.377,1.832,0.8004,-0.1307,2.2630,none
5.0333,TRACK,227.410,366.237,1,226.844,369.231,226.766,370.859,3.048,1,227.000,366.000,1.000,1.000,,,cv,-1.393,1.837,-1.393,1.837,0.7540,-0.0695,0.7645,none
5.0667,TRACK,226.272,365.636,1,225.409,368.838,225.615,370.771,3.316,1,225.000,365.000,1.000,1.000,,,cv,-1.436,1.816,-1.436,1.816,0.7061,-0.0089,0.7645,none
5.1000,TRACK,225.298,364.939,1,224.451,368.213,224.174,370.334,3.382,1,225.000,364.000,1.000,1.000,,,cv,-1.423,1.799,-1.423,1.799,0.6587,0.0510,0.7370,none
5.1333,TRACK,224.190,364.111,1,223.483,367.765,223.223,369.662,3.722,1,224.000,364.000,1.000,1.000,,,cv,-1.442,1.811,-1.442,1.811,0.6106,0.1114,0.7466,none
5.1667,TRACK,223.123,362.985,1,222.173,366.770,222.261,369.172,3.902,1,222.000,362.000,1.000,1.000,,,cv,-1.487,1.768,-1.487,1.768,0.5611,0.1703,0.7565,none
5.2000,TRACK,222.240,361.846,1,221.301,366.072,220.949,368.123,4.330,1,222.000,362.000,1.000,1.000,,,cv,-1.476,1.784,-1.476,1.784,0.5119,0.2298,0.2987,none
5.2333,TRACK,221.240,360.364,1,220.391,364.908,220.085,367.380,4.623,1,221.000,360.000,1.000,1.000,,,cv,-1.496,1.744,-1.496,1.744,0.4620,0.2879,0.7263,none
5.2667,TRACK,220.296,358.830,1,219.456,363.428,219.182,366.161,4.673,1,220.000,358.000,1.000,1.000,,,cv,-1.516,1.709,-1.516,1.709,0.4115,0.3449,0.7114,none
5.3000,TRACK,219.408,357.207,1,218.503,362.067,218.252,364.619,4.944,1,219.000,357.000,1.000,1.000,,,cv,-1.535,1.705,-1.535,1.705,0.3603,0.4017,0.8221,none
5.3333,TRACK,218.577,355.323,1,217.538,360.455,217.305,363.202,5.236,1,218.000,355.000,1.000,1.000,,,cv,-1.555,1.673,-1.555,1.673,0.3085,0.4575,0.7185,none
5.3667,TRACK,217.806,353.318,1,216.899,358.672,216.345,361.529,5.431,1,218.000,353.000,1.000,1.000,,,cv,-1.547,1.643,-1.547,1.643,0.2569,0.5123,0.7068,none
5.4000,TRACK,216.956,351.167,1,216.148,356.775,215.719,359.683,5.666,1,217.000,351.000,1.000,1.000,,,cv,-1.571,1.615,-1.571,1.615,0.2045,0.5661,0.7125,none
5.4333,TRACK,216.192,348.851,1,214.985,354.465,214.977,357.720,5.742,1,215.000,348.000,1.000,1.000,,,cv,-1.619,1.563,-1.619,1.563,0.1506,0.6182,1.4974,none
5.4667,TRACK,215.651,346.498,1,214.211,352.210,213.814,355.338,5.891,1,215.000,346.000,1.000,1.000,,,cv,-1.610,1.541,-1.610,1.541,0.0969,0.6696,0.7195,none
5.5000,TRACK,215.029,343.932,1,213.368,349.995,213.049,353.014,6.286,1,214.000,344.000,1.000,1.000,,,cv,-1.631,1.519,-1.631,1.519,0.0425,0.7202,0.4599,none
5.5333,TRACK,214.493,341.149,1,212.812,347.472,212.213,350.731,6.543,1,214.000,341.000,1.000,1.000,,,cv,-1.626,1.470,-1.626,1.470,-0.0117,0.7692,0.4064,none
5.5667,TRACK,213.902,338.287,1,212.450,344.741,211.670,348.136,6.615,1,214.000,338.000,1.000,1.000,,,cv,-1.624,1.424,-1.624,1.424,-0.0658,0.8167,0.7456,none
5.6000,TRACK,213.277,335.321,1,211.887,341.535,211.326,345.329,6.367,1,213.000,334.000,1.000,1.000,,,cv,-1.650,1.354,-1.650,1.354,-0.1208,0.8618,0.7455,none
5.6333,TRACK,212.773,332.374,1,211.185,338.676,210.775,342.038,6.499,1,212.000,332.000,1.000,1.000,,,cv,-1.675,1.343,-1.675,1.343,-0.1766,0.9065,0.8283,none
5.6667,TRACK,212.383,329.128,1,210.725,335.721,210.083,339.105,6.798,1,212.000,329.000,1.000,1.000,,,cv,-1.671,1.301,-1.671,1.301,-0.2323,0.9499,0.7170,none
5.7000,TRACK,211.959,325.741,1,210.093,332.365,209.637,336.074,6.882,1,211.000,325.000,1.000,1.000,,,cv,-1.696,1.233,-1.696,1.233,-0.2889,0.9910,1.7932,none
5.7333,TRACK,211.661,322.345,1,209.680,328.739,209.015,332.636,6.694,1,211.000,321.000,1.000,1.000,,,cv,-1.694,1.170,-1.694,1.170,-0.3453,1.0300,0.5120,none
5.7667,TRACK,211.340,318.912,1,209.415,325.265,208.617,328.924,6.638,1,211.000,318.000,1.000,1.000,,,cv,-1.693,1.137,-1.693,1.137,-0.4018,1.0679,0.7865,none
5.8000,TRACK,211.012,315.279,1,208.916,321.896,208.370,325.368,6.941,1,210.000,315.000,1.000,1.000,,,cv,-1.721,1.101,-1.721,1.101,-0.4591,1.1046,0.7158,none
5.8333,TRACK,210.832,311.454,1,208.592,318.264,207.882,321.921,7.169,1,210.000,311.000,1.000,1.000,,,cv,-1.720,1.038,-1.720,1.038,-0.5165,1.1392,1.4192,none
5.8667,TRACK,210.647,307.582,1,208.721,314.454,207.574,318.208,7.137,1,211.000,307.000,1.000,1.000,,,cv,-1.694,0.978,-1.694,0.978,-0.5730,1.1718,0.3814,none
5.9000,TRACK,210.329,303.646,1,208.490,310.860,207.729,314.315,7.445,1,210.000,304.000,1.000,1.000,,,cv,-1.727,0.947,-1.727,0.947,-0.6305,1.2034,0.6635,none
5.9333,TRACK,210.193,299.492,1,208.347,306.745,207.515,310.644,7.484,1,210.000,299.000,1.000,1.000,,,cv,-1.729,0.859,-1.729,0.859,-0.6881,1.2320,0.7284,none
5.9667,TRACK,210.078,295.415,1,207.930,302.610,207.391,306.442,7.508,1,209.000,295.000,1.000,1.000,,,cv,-1.759,0.804,-1.759,0.804,-0.7468,1.2588,0.7168,none
6.0000,TRACK,210.134,291.243,1,207.660,298.463,206.985,302.222,7.633,1,209.000,291.000,1.000,1.000,,,cv,-1.758,0.750,-1.758,0.750,-0.8054,1.2838,0.7218,none
6.0333,TRACK,210.206,286.974,1,207.825,294.311,206.730,297.992,7.714,1,210.000,287.000,1.000,1.000,,,cv,-1.733,0.695,-1.733,0.695,-0.8632,1.3070,0.7513,none
6.0667,TRACK,210.165,282.608,1,207.952,289.820,206.920,293.757,7.544,1,210.000,282.000,1.000,1.000,,,cv,-1.740,0.614,-1.740,0.614,-0.9212,1.3274,0.7801,none
6.1000,TRACK,210.181,278.288,1,207.716,285.435,207.069,289.179,7.560,1,209.000,278.000,1.000,1.000,,,cv,-1.773,0.563,-1.773,0.563,-0.9803,1.3462,0.7289,none
6.1333,TRACK,210.399,273.854,1,207.904,281.123,206.848,284.710,7.686,1,210.000,274.000,1.000,1.000,,,cv,-1.748,0.510,-1.748,0.510,-1.0385,1.3632,0.7251,none
6.1667,TRACK,210.514,269.314,1,208.044,276.528,207.059,280.319,7.625,1,210.000,269.000,1.000,1.000,,,cv,-1.755,0.430,-1.755,0.430,-1.0970,1.3776,0.7405,none
6.2000,TRACK,210.698,264.819,1,208.487,272.077,207.222,275.640,7.587,1,211.000,265.000,1.000,1.000,,,cv,-1.735,0.380,-1.735,0.380,-1.1549,1.3902,0.8388,none
6.2333,TRACK,210.809,260.212,1,208.800,267.388,207.693,271.109,7.452,1,211.000,260.000,1.000,1.000,,,cv,-1.745,0.302,-1.745,0.302,-1.2131,1.4003,1.0345,none
6.2667,TRACK,211.011,255.648,1,208.690,262.541,208.031,266.338,7.273,1,210.000,255.000,1.000,1.000,,,cv,-1.780,0.226,-1.780,0.226,-1.2724,1.4078,0.7115,none
6.3000,TRACK,211.440,251.117,1,208.962,257.921,207.935,261.406,7.241,1,211.000,251.000,1.000,1.000,,,cv,-1.757,0.178,-1.757,0.178,-1.3310,1.4138,1.2553,none
6.3333,TRACK,211.790,246.473,1,209.157,253.122,208.229,256.709,7.152,1,211.000,246.000,1.000,1.000,,,cv,-1.765,0.101,-1.765,0.101,-1.3898,1.4171,0.2634,none
6.3667,TRACK,212.230,241.877,1,209.301,248.203,208.446,251.830,6.972,1,211.000,241.000,1.000,1.000,,,cv,-1.773,0.026,-1.773,0.026,-1.4489,1.4180,0.7217,none
6.4000,TRACK,212.757,237.323,1,209.744,243.538,208.608,246.830,6.906,1,212.000,237.000,1.000,1.000,,,cv,-1.753,-0.021,-1.753,-0.021,-1.5073,1.4173,0.3909,none
6.4333,TRACK,213.229,232.670,1,210.391,238.712,209.077,242.092,6.676,1,213.000,232.000,1.000,1.000,,,cv,-1.736,-0.098,-1.736,-0.098,-1.5652,1.4140,0.3589,none
6.4667,TRACK,213.669,228.082,1,210.840,234.113,209.753,237.191,6.661,1,213.000,228.000,1.000,1.000,,,cv,-1.749,-0.147,-1.749,-0.147,-1.6235,1.4091,0.7165,none
6.5000,TRACK,214.232,223.414,1,211.490,229.334,210.226,232.523,6.524,1,214.000,223.000,1.000,1.000,,,cv,-1.732,-0.225,-1.732,-0.225,-1.6812,1.4016,0.7475,none
6.5333,TRACK,214.769,218.831,1,211.941,224.769,210.904,227.673,6.577,1,214.000,219.000,1.000,1.000,,,cv,-1.745,-0.274,-1.745,-0.274,-1.7394,1.3925,0.7337,none
6.5667,TRACK,215.435,214.187,1,212.591,219.680,211.378,223.044,6.185,1,215.000,213.000,1.000,1.000,,,cv,-1.728,-0.380,-1.728,-0.380,-1.7970,1.3798,0.7323,none
6.6000,TRACK,216.081,209.789,1,213.376,214.906,212.055,217.880,5.788,1,216.000,209.000,1.000,1.000,,,cv,-1.714,-0.426,-1.714,-0.426,-1.8541,1.3656,0.5987,none
6.6333,TRACK,216.720,205.329,1,214.253,210.013,212.870,213.040,5.293,1,217.000,204.000,1.000,1.000,,,cv,-1.701,-0.503,-1.701,-0.503,-1.9108,1.3489,0.7170,none
6.6667,TRACK,217.364,200.979,1,214.857,205.373,213.778,208.079,5.059,1,217.000,200.000,1.000,1.000,,,cv,-1.717,-0.552,-1.717,-0.552,-1.9681,1.3305,0.7979,none
6.7000,TRACK,218.163,196.599,1,215.609,200.908,214.405,203.380,5.009,1,218.000,196.000,1.000,1.000,,,cv,-1.702,-0.604,-1.702,-0.604,-2.0248,1.3103,0.8153,none
6.7333,TRACK,218.961,192.216,1,216.127,196.228,215.184,198.860,4.912,1,218.000,191.000,1.000,1.000,,,cv,-1.716,-0.685,-1.716,-0.685,-2.0820,1.2875,0.7068,none
6.7667,TRACK,219.912,187.992,1,216.821,191.736,215.723,194.121,4.855,1,219.000,187.000,1.000,1.000,,,cv,-1.700,-0.736,-1.700,-0.736,-2.1386,1.2630,0.7139,none
6.8000,TRACK,220.862,183.784,1,217.633,187.374,216.441,189.576,4.828,1,220.000,183.000,1.000,1.000,,,cv,-1.686,-0.791,-1.686,-0.791,-2.1948,1.2366,0.7144,none
6.8333,TRACK,221.825,179.615,1,218.526,183.100,217.280,185.165,4.799,1,221.000,179.000,1.000,1.000,,,cv,-1.674,-0.847,-1.674,-0.847,-2.2506,1.2084,1.1102,none
6.8667,TRACK,222.810,175.505,1,219.473,178.888,218.200,180.845,4.751,1,222.000,175.000,1.000,1.000,,,cv,-1.663,-0.904,-1.663,-0.904,-2.3061,1.1783,0.7381,none
6.9000,TRACK,223.824,171.471,1,220.457,174.383,219.176,176.589,4.452,1,223.000,170.000,1.000,1.000,,,cv,-1.652,-0.988,-1.652,-0.988,-2.3611,1.1454,0.5328,none
6.9333,TRACK,224.875,167.671,1,221.800,170.349,220.188,172.035,4.078,1,225.000,167.000,1.000,1.000,,,cv,-1.615,-1.016,-1.615,-1.016,-2.4150,1.1115,0.7207,none
6.9667,TRACK,225.824,163.816,1,222.717,166.301,221.567,167.964,3.979,1,225.000,163.000,1.000,1.000,,,cv,-1.635,-1.077,-1.635,-1.077,-2.4695,1.0756,0.7162,none
7.0000,TRACK,226.979,160.090,1,223.678,162.580,222.509,163.880,4.135,1,226.000,160.000,1.000,1.000,,,cv,-1.624,-1.111,-1.624,-1.111,-2.5236,1.0386,0.7160,none
7.0333,TRACK,228.176,156.364,1,225.005,158.747,223.497,160.130,3.966,1,228.000,156.000,1.000,1.000,,,cv,-1.587,-1.175,-1.587,-1.175,-2.5765,0.9994,0.7040,none
7.0667,TRACK,229.277,152.812,1,226.245,154.837,224.858,156.265,3.646,1,229.000,152.000,1.000,1.000,,,cv,-1.581,-1.238,-1.581,-1.238,-2.6292,0.9581,0.7041,none
7.1000,TRACK,230.448,149.442,1,227.425,151.210,226.128,152.323,3.503,1,230.000,149.000,1.000,1.000,,,cv,-1.573,-1.274,-1.573,-1.274,-2.6816,0.9157,1.0325,none
7.1333,TRACK,231.688,146.120,1,228.564,147.442,227.337,148.672,3.392,1,231.000,145.000,1.000,1.000,,,cv,-1.565,-1.340,-1.565,-1.340,-2.7338,0.8710,0.7513,none
7.1667,TRACK,232.993,143.021,1,229.674,144.248,228.503,144.877,3.539,1,232.000,143.000,1.000,1.000,,,cv,-1.556,-1.351,-1.556,-1.351,-2.7857,0.8260,0.7350,none
7.2000,TRACK,234.364,139.865,1,231.100,141.110,229.639,141.669,3.494,1,234.000,140.000,1.000,1.000,,,cv,-1.520,-1.396,-1.520,-1.396,-2.8363,0.7794,0.7452,none
7.2333,TRACK,235.660,136.844,1,232.405,137.675,231.098,138.518,3.359,1,235.000,136.000,1.000,1.000,,,cv,-1.515,-1.468,-1.515,-1.468,-2.8868,0.7305,0.7375,none
7.2667,TRACK,237.043,134.119,1,233.961,134.708,232.431,135.064,3.137,1,237.000,134.000,1.000,1.000,,,cv,-1.482,-1.483,-1.482,-1.483,-2.9362,0.6811,0.7395,none
7.3000,TRACK,238.366,131.401,1,235.354,131.725,234.022,132.090,3.029,1,238.000,131.000,1.000,1.000,,,cv,-1.478,-1.531,-1.478,-1.531,-2.9855,0.6300,0.7268,none
7.3333,TRACK,239.789,128.875,1,236.970,128.730,235.445,129.098,2.822,1,240.000,128.000,1.000,1.000,,,cv,-1.445,-1.579,-1.445,-1.579,-3.0337,0.5774,0.6980,none
7.3667,TRACK,241.161,126.556,1,238.068,126.064,237.095,126.096,3.132,1,240.000,126.000,1.000,1.000,,,cv,-1.468,-1.600,-1.468,-1.600,-3.0826,0.5241,2.1764,none
7.4000,TRACK,242.782,124.316,1,239.482,123.620,238.214,123.428,3.373,1,242.000,124.000,1.000,1.000,,,cv,-1.432,-1.625,-1.432,-1.625,-3.1303,0.4699,0.7630,none
7.4333,TRACK,244.338,122.189,1,241.111,121.327,239.656,120.989,3.340,1,244.000,122.000,1.000,1.000,,,cv,-1.400,-1.653,-1.400,-1.653,-3.1770,0.4148,0.7593,none
7.4667,TRACK,245.850,120.203,1,242.551,119.138,241.317,118.704,3.468,1,245.000,120.000,1.000,1.000,,,cv,-1.396,-1.682,-1.396,-1.682,-3.2235,0.3588,0.7336,none
7.5000,TRACK,247.476,118.384,1,244.196,117.018,242.785,116.524,3.553,1,247.000,118.000,1.000,1.000,,,cv,-1.364,-1.713,-1.364,-1.713,-3.2690,0.3016,0.7577,none
7.5333,TRACK,249.062,116.752,1,245.982,115.281,244.462,114.415,3.414,1,249.000,117.000,1.000,1.000,,,cv,-1.334,-1.719,-1.334,-1.719,-3.3135,0.2444,0.7240,none
7.5667,TRACK,250.625,115.184,1,247.526,113.468,246.281,112.697,3.542,1,250.000,115.000,1.000,1.000,,,cv,-1.333,-1.755,-1.333,-1.755,-3.3579,0.1859,0.8117,none
7.6000,TRACK,252.314,113.860,1,249.242,111.604,247.853,110.902,3.811,1,252.000,113.000,1.000,1.000,,,cv,-1.302,-1.791,-1.302,-1.791,-3.4013,0.1262,0.8942,none
7.6333,TRACK,253.976,112.790,1,250.738,110.040,249.600,109.054,4.248,1,253.000,112.000,1.000,1.000,,,cv,-1.299,-1.799,-1.299,-1.799,-3.4446,0.0662,0.7139,none
7.6667,TRACK,255.764,111.843,1,252.420,108.680,251.121,107.511,4.603,1,255.000,111.000,1.000,1.000,,,cv,-1.267,-1.812,-1.267,-1.812,-3.4869,0.0058,0.7102,none
7.7000,TRACK,257.524,111.053,1,254.228,107.457,252.832,106.177,4.878,1,257.000,110.000,1.000,1.000,,,cv,-1.238,-1.826,-1.238,-1.826,-3.5281,-0.0551,1.4085,none
7.7333,TRACK,259.269,110.445,1,255.786,106.663,254.671,104.982,5.142,1,258.000,110.000,1.000,1.000,,,cv,-1.236,-1.816,-1.236,-1.816,-3.5693,-0.1156,0.7254,none
7.7667,TRACK,261.150,109.900,1,257.843,105.825,256.254,104.226,5.248,1,261.000,109.000,1.000,1.000,,,cv,-1.178,-1.837,-1.178,-1.837,-3.6086,-0.1768,0.7227,none
7.8000,TRACK,262.869,109.601,1,259.570,105.291,258.346,103.423,5.428,1,262.000,109.000,1.000,1.000,,,cv,-1.179,-1.832,-1.179,-1.832,-3.6479,-0.2379,0.7064,none
7.8333,TRACK,264.742,109.416,1,261.741,104.963,260.100,102.931,5.369,1,265.000,109.000,1.000,1.000,,,cv,-1.123,-1.830,-1.123,-1.830,-3.6853,-0.2989,0.4902,none
7.8667,TRACK,266.465,109.377,1,263.544,104.775,262.308,102.648,5.450,1,266.000,109.000,1.000,1.000,,,cv,-1.126,-1.830,-1.126,-1.830,-3.7228,-0.3599,0.7223,none
7.9000,TRACK,268.351,109.511,1,265.432,104.682,264.139,102.508,5.643,1,268.000,109.000,1.000,1.000,,,cv,-1.097,-1.832,-1.097,-1.832,-3.7594,-0.4210,0.7100,none
7.9333,TRACK,270.236,109.839,1,267.376,104.652,266.055,102.463,5.923,1,270.000,109.000,1.000,1.000,,,cv,-1.069,-1.836,-1.069,-1.836,-3.7950,-0.4822,0.7147,none
7.9667,TRACK,272.127,110.378,1,269.024,104.999,268.028,102.481,6.210,1,271.000,110.000,1.000,1.000,,,cv,-1.069,-1.813,-1.069,-1.813,-3.8307,-0.5426,1.0702,none
8.0000,TRACK,274.170,111.005,1,271.139,105.603,269.698,102.885,6.194,1,274.000,111.000,1.000,1.000,,,cv,-1.011,-1.795,-1.011,-1.795,-3.8644,-0.6024,0.7209,none
8.0333,TRACK,276.062,111.753,1,272.902,106.044,271.845,103.548,6.526,1,275.000,111.000,1.000,1.000,,,cv,-1.013,-1.807,-1.013,-1.807,-3.8981,-0.6626,0.7169,none
8.0667,TRACK,278.119,112.792,1,275.095,106.709,273.632,104.045,6.794,1,278.000,112.000,1.000,1.000,,,cv,-0.957,-1.790,-0.957,-1.790,-3.9300,-0.7223,2.0652,none
8.1000,TRACK,280.035,113.983,1,277.245,107.861,275.857,104.770,6.728,1,280.000,114.000,1.000,1.000,,,cv,-0.932,-1.749,-0.932,-1.749,-3.9611,-0.7806,0.5442,none
8.1333,TRACK,281.979,115.207,1,279.365,109.008,278.038,105.990,6.728,1,282.000,115.000,1.000,1.000,,,cv,-0.907,-1.740,-0.907,-1.740,-3.9913,-0.8386,0.7775,none
8.1667,TRACK,283.949,116.647,1,281.464,110.150,280.188,107.204,6.956,1,284.000,116.000,1.000,1.000,,,cv,-0.882,-1.731,-0.882,-1.731,-4.0207,-0.8963,0.7165,none
8.2000,TRACK,285.944,118.313,1,283.215,111.288,282.316,108.411,7.537,1,285.000,117.000,1.000,1.000,,,cv,-0.882,-1.723,-0.882,-1.723,-4.0501,-0.9537,0.4447,none
8.2333,TRACK,288.105,120.216,1,285.397,113.092,284.086,109.613,7.621,1,288.000,120.000,1.000,1.000,,,cv,-0.826,-1.661,-0.826,-1.661,-4.0777,-1.0091,0.8090,none
8.2667,TRACK,290.126,122.080,1,287.202,114.678,286.297,111.495,7.958,1,289.000,121.000,1.000,1.000,,,cv,-0.827,-1.660,-0.827,-1.660,-4.1052,-1.0644,0.7219,none
8.3000,TRACK,292.320,124.239,1,289.421,116.450,288.123,113.152,8.311,1,292.000,123.000,1.000,1.000,,,cv,-0.771,-1.630,-0.771,-1.630,-4.1310,-1.1188,0.7216,none
8.3333,TRACK,294.379,126.547,1,291.586,118.682,290.371,114.997,8.346,1,294.000,126.000,1.000,1.000,,,cv,-0.747,-1.575,-0.747,-1.575,-4.1558,-1.1713,0.3215,none
8.3667,TRACK,296.470,128.882,1,293.714,120.891,292.562,117.311,8.453,1,296.000,128.000,1.000,1.000,,,cv,-0.721,-1.553,-0.721,-1.553,-4.1799,-1.2230,0.7418,none
8.4000,TRACK,298.591,131.421,1,295.816,123.417,294.716,119.599,8.471,1,298.000,131.000,1.000,1.000,,,cv,-0.695,-1.503,-0.695,-1.503,-4.2031,-1.2731,0.7060,none
8.4333,TRACK,300.739,134.030,1,297.900,126.159,296.842,122.211,8.367,1,300.000,134.000,1.000,1.000,,,cv,-0.669,-1.457,-0.669,-1.457,-4.2254,-1.3217,1.0562,none
8.4667,TRACK,302.914,136.733,1,299.971,128.711,298.950,125.040,8.545,1,302.000,136.000,1.000,1.000,,,cv,-0.642,-1.440,-0.642,-1.440,-4.2468,-1.3697,0.7340,none
8.5000,TRACK,305.113,139.693,1,302.034,131.467,301.044,127.674,8.784,1,304.000,139.000,1.000,1.000,,,cv,-0.615,-1.395,-0.097,-1.395,-4.2500,-1.4162,1.4103,none
8.5333,TRACK,304.572,142.763,1,303.420,134.696,303.128,130.514,8.149,1,304.000,143.000,1.000,1.000,,,cv,-0.642,-1.325,0.000,-1.325,-4.2500,-1.4604,0.7442,none
8.5667,TRACK,303.681,145.818,1,304.012,137.910,304.521,133.836,7.915,1,303.000,146.000,1.000,1.000,,,cv,-0.686,-1.287,0.000,-1.287,-4.2500,-1.5033,0.7452,none
8.6000,TRACK,302.957,149.034,1,304.063,141.112,305.102,137.140,7.998,1,302.000,149.000,1.000,1.000,,,cv,-0.722,-1.249,0.000,-1.249,-4.2500,-1.5449,0.7519,none
8.6333,TRACK,302.401,152.415,1,304.081,144.306,305.130,140.431,8.281,1,302.000,152.000,1.000,1.000,,,cv,-0.725,-1.210,0.000,-1.210,-4.2500,-1.5852,0.9604,none
8.6667,TRACK,302.014,155.964,1,304.078,147.826,305.125,143.711,8.395,1,302.000,156.000,1.000,1.000,,,cv,-0.727,-1.145,0.000,-1.145,-4.2500,-1.6234,0.3855,none
8.7000,TRACK,301.795,159.542,1,303.726,151.234,305.098,147.323,8.529,1,301.000,159.000,1.000,1.000,,,cv,-0.756,-1.111,0.000,-1.111,-4.2500,-1.6604,0.7202,none
8.7333,TRACK,301.745,163.314,1,303.471,154.897,304.716,150.817,8.592,1,301.000,163.000,1.000,1.000,,,cv,-0.754,-1.048,0.000,-1.048,-4.2500,-1.6954,0.7129,none
8.7667,TRACK,301.863,167.133,1,303.283,158.399,304.433,154.571,8.849,1,301.000,166.000,1.000,1.000,,,cv,-0.753,-1.015,0.000,-1.015,-4.2500,-1.7292,0.7268,none
8.8000,TRACK,302.149,171.160,1,303.476,162.459,304.220,158.158,8.802,1,302.000,171.000,1.000,1.000,,,cv,-0.726,-0.926,0.000,-0.926,-4.2500,-1.7600,0.7107,none
8.8333,TRACK,302.604,175.102,1,303.594,166.562,304.396,162.314,8.596,1,302.000,175.000,1.000,1.000,,,cv,-0.730,-0.871,0.000,-0.871,-4.2500,-1.7891,0.7105,none
8.8667,TRACK,303.227,179.135,1,303.995,170.359,304.496,166.512,8.809,1,303.000,178.000,1.000,1.000,,,cv,-0.707,-0.842,0.000,-0.842,-4.2500,-1.8171,0.7368,none
8.9000,TRACK,304.018,183.405,1,304.589,174.616,304.886,170.394,8.808,1,304.000,183.000,1.000,1.000,,,cv,-0.687,-0.757,0.000,-0.757,-4.2500,-1.8424,0.4486,none
8.9333,TRACK,304.977,187.609,1,304.980,178.849,305.473,174.745,8.760,1,304.000,187.000,1.000,1.000,,,cv,-0.696,-0.703,0.000,-0.703,-4.2500,-1.8658,1.5446,none
8.9667,TRACK,306.103,191.917,1,305.902,183.400,305.853,179.069,8.520,1,306.000,192.000,1.000,1.000,,,cv,-0.649,-0.623,0.000,-0.623,-4.2500,-1.8866,0.7694,none
9.0000,TRACK,307.396,196.183,1,306.852,187.830,306.777,183.716,8.371,1,307.000,196.000,1.000,1.000,,,cv,-0.635,-0.573,0.000,-0.573,-4.2500,-1.9057,0.7668,none
9.0333,TRACK,308.856,200.567,1,307.819,192.177,307.728,188.237,8.454,1,308.000,200.000,1.000,1.000,,,cv,-0.621,-0.521,0.000,-0.521,-4.2500,-1.9230,0.7521,none
9.0667,TRACK,310.482,205.060,1,309.133,196.801,308.697,192.672,8.369,1,310.000,205.000,1.000,1.000,,,cv,-0.580,-0.441,0.000,-0.441,-4.2500,-1.9377,0.7248,none
9.1000,TRACK,312.274,209.512,1,310.684,201.277,310.021,197.388,8.387,1,312.000,209.000,1.000,1.000,,,cv,-0.544,-0.392,0.000,-0.392,-4.2500,-1.9508,0.7153,none
9.1333,TRACK,314.231,214.078,1,312.395,205.651,311.586,201.950,8.625,1,314.000,213.000,1.000,1.000,,,cv,-0.510,-0.340,0.000,-0.340,-4.2500,-1.9621,0.7262,none
9.1667,TRACK,316.352,218.745,1,314.214,210.289,313.315,206.407,8.721,1,316.000,218.000,1.000,1.000,,,cv,-0.479,-0.260,0.000,-0.260,-4.2500,-1.9708,0.7250,none
9.2000,TRACK,318.637,223.360,1,316.108,215.106,315.155,211.131,8.633,1,318.000,223.000,1.000,1.000,,,cv,-0.448,-0.184,0.000,-0.184,-4.2500,-1.9769,2.6978,none
9.2333,TRACK,321.085,227.936,1,318.386,219.708,317.069,216.037,8.659,1,321.000,227.000,1.000,1.000,,,cv,-0.391,-0.135,0.000,-0.135,-4.2500,-1.9814,1.2785,none
9.2667,TRACK,323.695,232.619,1,320.590,224.498,319.377,220.720,8.694,1,323.000,232.000,1.000,1.000,,,cv,-0.366,-0.058,0.000,-0.058,-4.2500,-1.9834,0.9290,none
9.3000,TRACK,326.466,237.249,1,323.079,229.079,321.608,225.594,8.844,1,326.000,236.000,1.000,1.000,,,cv,-0.313,-0.009,0.000,-0.009,-4.2500,-1.9837,0.7343,none
9.3333,TRACK,329.398,241.972,1,325.761,233.852,324.130,230.252,8.897,1,329.000,241.000,1.000,1.000,,,cv,-0.263,0.068,0.000,0.068,-4.2500,-1.9814,0.2618,none
9.3667,TRACK,332.490,246.627,1,328.573,238.754,326.848,235.105,8.793,1,332.000,246.000,1.000,1.000,,,cv,-0.215,0.144,0.000,0.144,-4.2500,-1.9766,0.9243,none
9.4000,TRACK,335.740,251.218,1,331.474,243.408,329.698,240.089,8.899,1,335.000,250.000,1.000,1.000,,,cv,-0.169,0.192,0.000,0.192,-4.2500,-1.9702,1.1549,none
9.4333,TRACK,339.147,255.889,1,334.769,248.227,332.639,244.816,8.824,1,339.000,255.000,1.000,1.000,,,cv,-0.097,0.270,0.000,0.270,-4.2500,-1.9612,1.1633,none
9.4667,TRACK,342.711,260.472,1,337.997,253.157,335.981,249.711,8.702,1,342.000,260.000,1.000,1.000,,,cv,-0.056,0.345,0.000,0.345,-4.2500,-1.9497,0.7492,none
9.5000,TRACK,346.430,264.970,1,341.513,258.161,339.254,254.718,8.398,1,346.000,265.000,1.000,1.000,,,cv,0.012,0.420,0.012,0.420,-4.2496,-1.9357,0.7203,none
9.5333,TRACK,350.238,269.380,1,345.225,262.880,342.820,259.799,8.209,1,350.000,269.000,1.000,1.000,,,cv,0.077,0.467,0.077,0.467,-4.2470,-1.9201,0.7224,none
9.5667,TRACK,353.851,273.840,1,349.069,267.404,346.585,264.586,8.019,1,354.000,273.000,1.000,1.000,,,cv,0.140,0.518,0.140,0.518,-4.2423,-1.9028,1.0395,none
9.6000,TRACK,357.280,278.322,1,352.666,271.794,350.484,269.172,7.994,1,357.000,277.000,1.000,1.000,,,cv,0.175,0.572,0.175,0.572,-4.2365,-1.8838,0.7119,none
9.6333,TRACK,360.671,282.803,1,356.096,276.427,354.131,273.621,7.848,1,360.000,282.000,1.000,1.000,,,cv,0.213,0.653,0.213,0.653,-4.2294,-1.8620,0.6067,none
9.6667,TRACK,364.009,287.124,1,359.746,281.224,357.604,278.316,7.278,1,364.000,287.000,1.000,1.000,,,cv,0.280,0.732,0.280,0.732,-4.2200,-1.8376,0.2388,none
9.7000,TRACK,367.138,291.287,1,362.875,285.798,361.302,283.178,6.950,1,366.000,291.000,1.000,1.000,,,cv,0.291,0.783,0.291,0.783,-4.2103,-1.8115,0.7113,none
9.7333,TRACK,370.354,295.433,1,366.319,290.218,364.466,287.810,6.594,1,370.000,295.000,1.000,1.000,,,cv,0.362,0.836,0.362,0.836,-4.1983,-1.7836,0.7075,none
9.7667,TRACK,373.338,299.538,1,369.642,294.533,367.951,292.283,6.222,1,373.000,299.000,1.000,1.000,,,cv,0.402,0.891,0.402,0.891,-4.1849,-1.7539,0.7077,none
9.8000,TRACK,376.250,303.579,1,372.882,298.776,371.311,296.648,5.867,1,376.000,303.000,1.000,1.000,,,cv,0.444,0.948,0.444,0.948,-4.1701,-1.7223,1.2386,none
9.8333,TRACK,379.080,307.537,1,375.729,302.968,374.586,300.938,5.666,1,378.000,307.000,1.000,1.000,,,cv,0.460,1.005,0.460,1.005,-4.1547,-1.6888,0.7165,none
9.8667,TRACK,381.962,311.397,1,378.980,307.127,377.459,305.176,5.208,1,382.000,311.000,1.000,1.000,,,cv,0.534,1.064,0.534,1.064,-4.1369,-1.6534,0.7125,none
9.9000,TRACK,384.585,315.141,1,381.834,311.261,380.743,309.378,4.757,1,384.000,315.000,1.000,1.000,,,cv,0.551,1.123,0.551,1.123,-4.1186,-1.6159,0.7172,none
9.9333,TRACK,387.257,318.755,1,384.753,315.378,383.622,313.554,4.204,1,387.000,319.000,1.000,1.000,,,cv,0.599,1.182,0.599,1.182,-4.0986,-1.5765,0.7104,none
9.9667,TRACK,389.808,322.224,1,387.716,318.813,386.566,317.712,4.001,1,390.000,321.000,1.000,1.000,,,cv,0.646,1.189,0.646,1.189,-4.0771,-1.5369,0.7146,none
10.0000,TRACK,392.239,325.816,1,390.039,322.453,389.554,321.171,4.019,1,391.000,325.000,1.000,1.000,,,cv,0.639,1.257,0.639,1.257,-4.0558,-1.4950,0.7086,none
10.0333,TRACK,394.835,329.193,1,392.595,325.898,391.888,324.840,3.984,1,394.000,328.000,1.000,1.000,,,cv,0.694,1.296,0.694,1.296,-4.0327,-1.4518,0.7296,none
10.0667,TRACK,397.270,332.495,1,395.311,329.545,394.460,328.309,3.542,1,397.000,332.000,1.000,1.000,,,cv,0.745,1.364,0.745,1.364,-4.0078,-1.4064,0.7129,none
10.1000,TRACK,399.555,335.554,1,397.799,332.993,397.195,331.983,3.105,1,399.000,335.000,1.000,1.000,,,cv,0.769,1.403,0.769,1.403,-3.9822,-1.3596,0.2728,none
10.1333,TRACK,401.840,338.510,1,400.133,336.306,399.696,335.453,2.788,1,401.000,338.000,1.000,1.000,,,cv,0.795,1.445,0.795,1.445,-3.9557,-1.3114,0.2786,none
10.1667,TRACK,404.108,341.337,1,402.696,339.527,402.040,338.785,2.295,1,404.000,341.000,1.000,1.000,,,cv,0.849,1.488,0.849,1.488,-3.9274,-1.2618,0.2730,none
10.2000,TRACK,406.204,344.011,1,404.746,342.685,404.618,342.023,1.971,1,405.000,344.000,1.000,1.000,,,cv,0.848,1.533,0.848,1.533,-3.8991,-1.2108,0.2359,none
10.2333,TRACK,408.425,346.513,1,407.116,345.465,406.670,345.195,1.677,1,408.000,346.000,1.000,1.000,,,cv,0.906,1.552,0.906,1.552,-3.8689,-1.1590,0.2333,none
10.2667,TRACK,410.451,348.965,1,409.368,347.987,409.050,347.981,1.459,1,410.000,348.000,1.000,1.000,,,cv,0.934,1.575,0.934,1.575,-3.8378,-1.1065,0.7137,none
10.3000,TRACK,412.442,351.330,1,411.541,350.670,411.310,350.504,1.117,1,412.000,351.000,1.000,1.000,,,cv,0.964,1.628,0.964,1.628,-3.8056,-1.0523,0.7212,none
10.3333,TRACK,414.387,353.436,1,413.659,353.127,413.487,353.190,0.791,1,414.000,353.000,1.000,1.000,,,cv,0.994,1.653,0.994,1.653,-3.7725,-0.9972,0.7117,none
10.3667,TRACK,416.278,355.419,1,415.740,355.429,415.609,355.645,0.538,1,416.000,355.000,1.000,1.000,,,cv,1.025,1.681,1.025,1.681,-3.7383,-0.9411,0.7381,none
10.4000,TRACK,418.111,357.251,1,417.461,357.627,417.693,357.943,0.751,1,417.000,357.000,1.000,1.000,,,cv,1.030,1.710,1.030,1.710,-3.7040,-0.8841,0.9678,none
10.4333,TRACK,420.020,358.907,1,419.607,359.419,419.409,360.134,0.658,1,420.000,358.000,1.000,1.000,,,cv,1.093,1.714,1.093,1.714,-3.6676,-0.8270,0.7102,none
10.4667,TRACK,421.697,360.509,1,421.372,361.271,421.560,361.910,0.828,1,421.000,360.000,1.000,1.000,,,cv,1.098,1.750,1.098,1.750,-3.6310,-0.7687,0.7092,none
10.5000,TRACK,423.449,361.874,1,423.213,362.827,423.321,363.747,0.982,1,423.000,361.000,1.000,1.000,,,cv,1.133,1.758,1.133,1.758,-3.5932,-0.7100,0.7120,none
10.5333,TRACK,425.108,363.135,1,425.106,364.519,425.159,365.284,1.384,1,425.000,363.000,1.000,1.000,,,cv,1.168,1.797,1.168,1.797,-3.5543,-0.6501,0.8138,none
10.5667,TRACK,426.676,364.116,1,426.699,365.968,427.051,366.958,1.852,1,426.000,364.000,1.000,1.000,,,cv,1.176,1.808,1.176,1.808,-3.5151,-0.5899,0.7173,none
10.6000,TRACK,428.293,364.953,1,428.088,366.916,428.636,368.385,1.974,1,427.000,364.000,1.000,1.000,,,cv,1.187,1.794,1.187,1.794,-3.4755,-0.5301,0.7415,none
10.6333,TRACK,429.940,365.760,1,429.673,367.861,430.013,369.301,2.118,1,429.000,365.000,1.000,1.000,,,cv,1.228,1.814,1.228,1.814,-3.4346,-0.4696,1.0096,none
10.6667,TRACK,431.458,366.349,1,431.393,368.802,431.591,370.213,2.454,1,431.000,366.000,1.000,1.000,,,cv,1.266,1.833,1.266,1.833,-3.3924,-0.4085,1.0797,none
10.7000,TRACK,432.856,366.706,1,433.203,369.408,433.306,371.124,2.724,1,433.000,366.000,1.000,1.000,,,cv,1.303,1.826,1.303,1.826,-3.3489,-0.3476,1.7094,none
10.7333,TRACK,434.140,366.960,1,434.741,370.120,435.114,371.691,3.216,1,434.000,367.000,1.000,1.000,,,cv,1.312,1.850,1.312,1.850,-3.3052,-0.2860,1.1453,none
10.7667,TRACK,435.453,366.934,1,436.093,370.570,436.643,372.368,3.692,1,435.000,367.000,1.000,1.000,,,cv,1.324,1.846,1.324,1.846,-3.2611,-0.2245,0.2705,none
10.8000,TRACK,436.776,366.764,1,437.654,370.508,437.983,372.779,3.845,1,437.000,366.000,1.000,1.000,,,cv,1.366,1.818,1.366,1.818,-3.2156,-0.1639,0.7699,none
10.8333,TRACK,437.953,366.563,1,438.687,370.434,439.536,372.666,3.940,1,437.000,366.000,1.000,1.000,,,cv,1.351,1.823,1.351,1.823,-3.1705,-0.1031,0.7291,none
10.8667,TRACK,439.276,366.144,1,439.696,370.016,440.551,372.542,3.895,1,438.000,365.000,1.000,1.000,,,cv,1.370,1.801,1.370,1.801,-3.1248,-0.0431,0.7312,none
10.9000,TRACK,440.568,365.636,1,441.025,369.701,441.541,372.068,4.090,1,440.000,365.000,1.000,1.000,,,cv,1.415,1.811,1.415,1.811,-3.0777,0.0173,0.7858,none
10.9333,TRACK,441.682,364.864,1,442.236,369.121,442.858,371.700,4.293,1,441.000,364.000,1.000,1.000,,,cv,1.431,1.792,1.431,1.792,-3.0300,0.0770,0.7988,none
10.9667,TRACK,442.777,363.965,1,443.367,368.698,444.056,371.064,4.770,1,442.000,364.000,1.000,1.000,,,cv,1.447,1.803,1.447,1.803,-2.9817,0.1371,0.2808,none
11.0000,TRACK,443.843,362.768,1,444.444,367.711,445.171,370.587,4.980,1,443.000,362.000,1.000,1.000,,,cv,1.465,1.759,1.465,1.759,-2.9329,0.1958,0.7520,none
11.0333,TRACK,444.870,361.556,1,445.485,366.678,446.232,369.537,5.158,1,444.000,361.000,1.000,1.000,,,cv,1.484,1.749,1.484,1.749,-2.8834,0.2541,0.7118,none
11.0667,TRACK,445.853,360.142,1,446.500,365.278,447.256,368.440,5.177,1,445.000,359.000,1.000,1.000,,,cv,1.503,1.712,1.503,1.712,-2.8333,0.3111,0.8284,none
11.1000,TRACK,446.786,358.654,1,447.500,363.966,448.255,366.970,5.359,1,446.000,358.000,1.000,1.000,,,cv,1.522,1.706,1.522,1.706,-2.7826,0.3680,0.7055,none
11.1333,TRACK,447.664,356.918,1,448.488,362.379,449.238,365.591,5.523,1,447.000,356.000,1.000,1.000,,,cv,1.541,1.672,1.541,1.672,-2.7312,0.4237,0.7480,none
11.1667,TRACK,448.483,355.071,1,449.470,360.606,450.209,363.933,5.622,1,448.000,354.000,1.000,1.000,,,cv,1.561,1.642,1.561,1.642,-2.6792,0.4785,0.7398,none
11.2000,TRACK,449.239,353.088,1,450.446,358.708,451.174,362.086,5.748,1,449.000,352.000,1.000,1.000,,,cv,1.581,1.614,1.581,1.614,-2.6265,0.5323,0.5514,none
11.2333,TRACK,449.927,350.947,1,451.085,357.061,452.135,360.112,6.222,1,449.000,351.000,1.000,1.000,,,cv,1.575,1.614,1.575,1.614,-2.5740,0.5861,0.3905,none
11.2667,TRACK,450.687,348.492,1,451.829,354.915,452.750,358.397,6.524,1,450.000,348.000,1.000,1.000,,,cv,1.599,1.558,1.599,1.558,-2.5207,0.6380,0.7404,none
11.3000,TRACK,451.353,346.012,1,452.645,352.767,453.474,356.175,6.877,1,451.000,346.000,1.000,1.000,,,cv,1.621,1.534,1.621,1.534,-2.4667,0.6891,0.7121,none
11.3333,TRACK,451.926,343.329,1,453.511,350.283,454.272,353.951,7.132,1,452.000,343.000,1.000,1.000,,,cv,1.644,1.483,1.644,1.483,-2.4119,0.7386,0.3063,none
11.3667,TRACK,452.409,340.577,1,454.075,347.572,455.120,351.385,7.191,1,452.000,340.000,1.000,1.000,,,cv,1.639,1.437,1.639,1.437,-2.3573,0.7865,0.7202,none
11.4000,TRACK,452.944,337.729,1,454.435,344.708,455.661,348.589,7.137,1,452.000,337.000,1.000,1.000,,,cv,1.637,1.393,1.637,1.393,-2.3027,0.8329,0.7142,none
11.4333,TRACK,453.507,334.764,1,454.991,342.076,455.994,345.639,7.462,1,453.000,335.000,1.000,1.000,,,cv,1.665,1.377,1.665,1.377,-2.2472,0.8788,0.7148,none
11.4667,TRACK,453.942,331.525,1,455.681,338.933,456.528,342.928,7.609,1,454.000,331.000,1.000,1.000,,,cv,1.690,1.306,1.690,1.306,-2.1909,0.9223,0.4938,none
11.5000,TRACK,454.257,328.306,1,456.128,335.444,457.199,339.696,7.379,1,454.000,327.000,1.000,1.000,,,cv,1.687,1.240,1.687,1.240,-2.1346,0.9637,0.7117,none
11.5333,TRACK,454.599,325.071,1,456.744,332.391,457.622,336.113,7.628,1,455.000,325.000,1.000,1.000,,,cv,1.714,1.231,1.714,1.231,-2.0775,1.0047,0.7178,none
11.5667,TRACK,454.808,321.510,1,456.806,328.966,458.218,332.977,7.719,1,454.000,321.000,1.000,1.000,,,cv,1.686,1.164,1.686,1.164,-2.0213,1.0435,0.7126,none
11.6000,TRACK,455.175,317.930,1,456.826,325.289,458.249,329.462,7.541,1,454.000,317.000,1.000,1.000,,,cv,1.690,1.102,1.690,1.102,-1.9650,1.0802,0.8560,none
11.6333,TRACK,455.520,314.306,1,457.153,321.776,458.237,325.692,7.647,1,455.000,314.000,1.000,1.000,,,cv,1.722,1.069,1.722,1.069,-1.9076,1.1159,0.7482,none
11.6667,TRACK,455.696,310.477,1,457.355,318.043,458.540,322.093,7.746,1,455.000,310.000,1.000,1.000,,,cv,1.724,1.007,1.724,1.007,-1.8501,1.1494,0.7107,none
11.7000,TRACK,455.859,306.594,1,457.471,314.161,458.716,318.270,7.736,1,455.000,306.000,1.000,1.000,,,cv,1.727,0.948,1.727,0.948,-1.7925,1.1810,0.7129,none
11.7333,TRACK,456.000,302.641,1,457.865,310.178,458.805,314.296,7.764,1,456.000,302.000,1.000,1.000,,,cv,1.758,0.890,1.758,0.890,-1.7340,1.2107,0.7034,none
11.7667,TRACK,455.968,298.609,1,457.779,306.129,459.178,310.222,7.735,1,455.000,298.000,1.000,1.000,,,cv,1.732,0.833,1.732,0.833,-1.6762,1.2385,0.7068,none
11.8000,TRACK,456.060,294.490,1,457.700,302.035,459.060,306.081,7.722,1,455.000,294.000,1.000,1.000,,,cv,1.739,0.777,1.739,0.777,-1.6183,1.2644,0.7353,none
11.8333,TRACK,456.102,290.280,1,457.963,297.913,458.951,301.898,7.857,1,456.000,290.000,1.000,1.000,,,cv,1.772,0.722,1.772,0.722,-1.5592,1.2884,0.7137,none
11.8667,TRACK,455.949,285.978,1,457.788,293.773,459.192,297.688,8.009,1,455.000,286.000,1.000,1.000,,,cv,1.748,0.666,1.748,0.666,-1.5009,1.3106,0.7692,none
11.9000,TRACK,455.902,281.583,1,457.651,289.288,458.986,293.461,7.900,1,455.000,281.000,1.000,1.000,,,cv,1.756,0.585,1.756,0.585,-1.4424,1.3301,0.7359,none
11.9333,TRACK,455.790,277.238,1,457.875,284.903,458.819,288.882,7.943,1,456.000,277.000,1.000,1.000,,,cv,1.790,0.533,1.790,0.533,-1.3828,1.3479,0.7183,none
11.9667,TRACK,455.471,272.781,1,457.675,280.253,459.022,284.409,7.791,1,455.000,272.000,1.000,1.000,,,cv,1.766,0.454,1.766,0.454,-1.3239,1.3630,0.7258,none
12.0000,TRACK,455.245,268.362,1,457.522,275.759,458.793,279.667,7.740,1,455.000,268.000,1.000,1.000,,,cv,1.774,0.404,1.774,0.404,-1.2647,1.3765,0.7251,none
12.0333,TRACK,454.944,263.829,1,457.067,271.373,458.612,275.086,7.838,1,454.000,264.000,1.000,1.000,,,cv,1.755,0.353,1.755,0.353,-1.2062,1.3883,0.8167,none
12.0667,TRACK,454.708,259.193,1,456.741,266.727,458.122,270.618,7.804,1,454.000,259.000,1.000,1.000,,,cv,1.767,0.273,1.767,0.273,-1.1473,1.3974,0.7147,none
12.1000,TRACK,454.373,254.607,1,456.504,261.904,457.766,265.885,7.602,1,454.000,254.000,1.000,1.000,,,cv,1.776,0.197,1.776,0.197,-1.0881,1.4039,0.7064,none
12.1333,TRACK,453.945,250.060,1,455.993,256.964,457.500,260.974,7.201,1,453.000,249.000,1.000,1.000,,,cv,1.758,0.122,1.758,0.122,-1.0295,1.4080,0.7121,none
12.1667,TRACK,453.568,245.547,1,455.631,252.279,456.956,255.944,7.040,1,453.000,245.000,1.000,1.000,,,cv,1.770,0.075,1.770,0.075,-0.9705,1.4105,0.7748,none
12.2000,TRACK,453.080,240.925,1,455.036,247.434,456.564,251.177,6.797,1,452.000,240.000,1.000,1.000,,,cv,1.754,-0.002,1.754,-0.002,-0.9120,1.4104,0.7174,none
12.2333,TRACK,452.630,236.356,1,454.617,242.817,455.935,246.250,6.760,1,452.000,236.000,1.000,1.000,,,cv,1.767,-0.050,1.767,-0.050,-0.8531,1.4087,0.6549,none
12.2667,TRACK,452.057,231.696,1,454.319,238.356,455.487,241.556,7.033,1,452.000,232.000,1.000,1.000,,,cv,1.777,-0.102,1.777,-0.102,-0.7939,1.4054,1.0123,none
12.3000,TRACK,451.370,226.967,1,453.769,233.332,455.163,237.024,6.802,1,451.000,226.000,1.000,1.000,,,cv,1.760,-0.208,1.760,-0.208,-0.7352,1.3984,1.4556,none
12.3333,TRACK,450.716,222.469,1,453.382,228.596,454.582,231.918,6.682,1,451.000,222.000,1.000,1.000,,,cv,1.773,-0.255,1.773,-0.255,-0.6761,1.3899,0.6409,none
12.3667,TRACK,449.933,217.892,1,452.437,224.058,454.168,227.108,6.655,1,449.000,218.000,1.000,1.000,,,cv,1.730,-0.305,1.730,-0.305,-0.6185,1.3798,0.4624,none
12.4000,TRACK,449.314,213.263,1,451.784,219.320,453.185,222.502,6.541,1,449.000,213.000,1.000,1.000,,,cv,1.747,-0.384,1.747,-0.384,-0.5602,1.3669,3.3504,none
12.4333,TRACK,448.537,208.744,1,450.993,214.447,452.500,217.694,6.210,1,448.000,208.000,1.000,1.000,,,cv,1.734,-0.462,1.734,-0.462,-0.5024,1.3516,1.3127,none
12.4667,TRACK,447.758,204.332,1,450.110,209.819,451.676,212.749,5.970,1,447.000,204.000,1.000,1.000,,,cv,1.722,-0.511,1.722,-0.511,-0.4450,1.3345,1.0462,none
12.5000,TRACK,446.968,199.887,1,449.165,205.022,450.758,208.055,5.586,1,446.000,199.000,1.000,1.000,,,cv,1.712,-0.590,1.712,-0.590,-0.3880,1.3149,0.5758,none
12.5333,TRACK,446.157,195.576,1,448.512,200.448,449.778,203.191,5.412,1,446.000,195.000,1.000,1.000,,,cv,1.729,-0.640,1.729,-0.640,-0.3303,1.2936,0.9910,none
12.5667,TRACK,445.177,191.258,1,447.725,196.025,449.097,198.556,5.406,1,445.000,191.000,1.000,1.000,,,cv,1.716,-0.693,1.716,-0.693,-0.2731,1.2705,0.8786,none
12.6000,TRACK,444.185,186.956,1,446.846,191.707,448.279,194.077,5.445,1,444.000,187.000,1.000,1.000,,,cv,1.705,-0.748,1.705,-0.748,-0.2163,1.2455,1.8315,none
12.6333,TRACK,443.171,182.692,1,445.905,187.125,447.368,189.706,5.208,1,443.000,182.000,1.000,1.000,,,cv,1.694,-0.831,1.694,-0.831,-0.1598,1.2178,1.2305,none
12.6667,TRACK,442.126,178.626,1,444.923,182.700,446.395,185.067,4.942,1,442.000,178.000,1.000,1.000,,,cv,1.684,-0.885,1.684,-0.885,-0.1037,1.1883,1.3772,none
12.7000,TRACK,441.044,174.611,1,443.913,178.382,445.380,180.589,4.739,1,441.000,174.000,1.000,1.000,,,cv,1.675,-0.940,1.675,-0.940,-0.0478,1.1570,1.2611,none
12.7333,TRACK,439.919,170.669,1,442.885,174.138,444.338,176.222,4.564,1,440.000,170.000,1.000,1.000,,,cv,1.666,-0.997,1.666,-0.997,0.0077,1.1237,1.2392,none
12.7667,TRACK,438.749,166.820,1,441.510,169.945,443.277,171.932,4.171,1,438.000,166.000,1.000,1.000,,,cv,1.631,-1.055,1.631,-1.055,0.0621,1.0886,1.2775,none
12.8000,TRACK,437.670,163.080,1,440.234,166.122,441.863,167.695,3.979,1,437.000,163.000,1.000,1.000,,,cv,1.626,-1.087,1.626,-1.087,0.1163,1.0523,0.9608,none
12.8333,TRACK,436.517,159.324,1,439.027,162.217,440.551,163.837,3.830,1,436.000,159.000,1.000,1.000,,,cv,1.620,-1.150,1.620,-1.150,0.1703,1.0140,2.5396,none
12.8667,TRACK,435.294,155.730,1,437.866,158.256,439.310,159.895,3.605,1,435.000,155.000,1.000,1.000,,,cv,1.613,-1.213,1.613,-1.213,0.2240,0.9736,96.1495,none
12.9000,TRACK,434.003,152.306,1,436.403,154.593,438.117,155.898,3.314,1,433.000,152.000,1.000,1.000,,,cv,1.580,-1.248,1.580,-1.248,0.2767,0.9320,2.4376,none
12.9333,TRACK,432.787,148.921,1,435.405,151.132,436.616,152.206,3.426,1,433.000,149.000,1.000,1.000,,,cv,1.602,-1.287,1.602,-1.287,0.3301,0.8891,12.5419,none
12.9667,TRACK,431.341,145.607,1,434.053,147.475,435.591,148.721,3.293,1,431.000,145.000,1.000,1.000,,,cv,1.566,-1.355,1.566,-1.355,0.3823,0.8439,3.0725,none
13.0000,TRACK,429.975,142.532,1,432.797,144.019,434.205,145.036,3.190,1,430.000,142.000,1.000,1.000,,,cv,1.561,-1.394,1.561,-1.394,0.4344,0.7974,1.5457,none
13.0333,TRACK,428.523,139.557,1,431.605,140.702,432.917,141.558,3.288,1,429.000,139.000,1.000,1.000,,,cv,1.555,-1.436,1.555,-1.436,0.4862,0.7496,0.7428,none
13.0667,TRACK,426.990,136.708,1,429.788,137.477,431.696,138.221,2.903,1,426.000,136.000,1.000,1.000,,,cv,1.495,-1.480,1.495,-1.480,0.5360,0.7002,0.6863,none
13.1000,TRACK,425.660,134.008,1,428.217,134.652,429.837,134.981,2.637,1,425.000,134.000,1.000,1.000,,,cv,1.495,-1.498,1.495,-1.498,0.5858,0.6503,0.5258,none
13.1333,TRACK,424.210,131.336,1,426.478,131.764,428.230,132.148,2.309,1,423.000,131.000,1.000,1.000,,,cv,1.465,-1.547,1.465,-1.547,0.6347,0.5987,0.8095,none
13.1667,TRACK,422.794,128.872,1,424.961,128.832,426.452,129.251,2.167,1,422.000,128.000,1.000,1.000,,,cv,1.465,-1.596,1.465,-1.596,0.6835,0.5455,0.7420,none
13.2000,TRACK,421.259,126.628,1,423.595,126.206,424.902,126.310,2.373,1,421.000,126.000,1.000,1.000,,,cv,1.461,-1.618,1.461,-1.618,0.7322,0.4916,1.7904,none
13.2333,TRACK,419.617,124.473,1,421.997,123.789,423.507,123.682,2.477,1,419.000,124.000,1.000,1.000,,,cv,1.429,-1.644,1.429,-1.644,0.7799,0.4368,0.6553,none
13.2667,TRACK,418.016,122.442,1,420.243,121.512,421.875,121.267,2.412,1,417.000,122.000,1.000,1.000,,,cv,1.400,-1.672,1.400,-1.672,0.8265,0.3811,0.9023,none
13.3000,TRACK,416.442,120.561,1,418.716,119.332,420.084,118.996,2.585,1,416.000,120.000,1.000,1.000,,,cv,1.399,-1.702,1.399,-1.702,0.8732,0.3244,0.7409,none
13.3333,TRACK,414.740,118.855,1,417.011,117.217,418.528,116.823,2.800,1,414.000,118.000,1.000,1.000,,,cv,1.369,-1.733,1.369,-1.733,0.9188,0.2666,0.7235,none
13.3667,TRACK,413.065,117.343,1,415.520,115.147,416.789,114.717,3.294,1,413.000,116.000,1.000,1.000,,,cv,1.368,-1.765,1.368,-1.765,0.9644,0.2077,0.7239,none
13.4000,TRACK,411.262,116.045,1,413.840,113.776,415.269,112.656,3.434,1,411.000,116.000,1.000,1.000,,,cv,1.337,-1.745,1.337,-1.745,1.0090,0.1496,0.7377,none
13.4333,TRACK,409.486,114.693,1,412.031,112.211,413.557,111.310,3.555,1,409.000,114.000,1.000,1.000,,,cv,1.309,-1.786,1.309,-1.786,1.0526,0.0901,1.7559,none
13.4667,TRACK,407.722,113.630,1,410.471,111.184,411.715,109.765,3.680,1,408.000,114.000,1.000,1.000,,,cv,1.308,-1.771,1.308,-1.771,1.0962,0.0310,0.4118,none
13.5000,TRACK,405.820,112.574,1,408.745,109.851,410.127,108.769,3.995,1,406.000,112.000,1.000,1.000,,,cv,1.278,-1.816,1.278,-1.816,1.1388,-0.0295,0.7586,none
13.5333,TRACK,403.936,111.855,1,406.906,108.981,408.370,107.461,4.133,1,404.000,112.000,1.000,1.000,,,cv,1.250,-1.805,1.250,-1.805,1.1805,-0.0897,0.4896,none
13.5667,TRACK,402.057,111.186,1,404.657,107.755,406.499,106.625,4.304,1,401.000,110.000,1.000,1.000,,,cv,1.196,-1.852,1.196,-1.852,1.2203,-0.1514,0.5473,none
13.6000,TRACK,400.319,110.892,1,402.800,106.957,404.209,105.424,4.652,1,400.000,110.000,1.000,1.000,,,cv,1.201,-1.842,1.201,-1.842,1.2604,-0.2128,0.8059,none
13.6333,TRACK,398.409,110.681,1,400.873,106.448,402.320,104.659,4.898,1,398.000,110.000,1.000,1.000,,,cv,1.174,-1.837,1.174,-1.837,1.2995,-0.2740,1.0640,none
13.6667,TRACK,396.494,110.594,1,398.901,106.136,400.362,104.191,5.066,1,396.000,110.000,1.000,1.000,,,cv,1.148,-1.835,1.148,-1.835,1.3378,-0.3352,0.8457,none
13.7000,TRACK,394.568,110.661,1,396.898,106.293,398.357,103.922,4.951,1,394.000,111.000,1.000,1.000,,,cv,1.123,-1.809,1.123,-1.809,1.3752,-0.3955,0.5283,none
13.7333,TRACK,392.626,110.765,1,394.874,106.097,396.321,104.131,5.182,1,392.000,110.000,1.000,1.000,,,cv,1.097,-1.842,1.097,-1.842,1.4118,-0.4568,0.7483,none
13.7667,TRACK,390.667,111.233,1,392.837,106.330,394.265,103.979,5.361,1,390.000,111.000,1.000,1.000,,,cv,1.072,-1.817,1.072,-1.817,1.4475,-0.5174,0.7450,none
13.8000,TRACK,388.688,111.770,1,390.791,106.520,392.196,104.265,5.655,1,388.000,111.000,1.000,1.000,,,cv,1.047,-1.825,1.047,-1.825,1.4824,-0.5782,0.7369,none
13.8333,TRACK,386.688,112.558,1,388.740,107.350,390.119,104.505,5.598,1,386.000,113.000,1.000,1.000,,,cv,1.022,-1.778,1.022,-1.778,1.5165,-0.6375,1.2882,none
13.8667,TRACK,384.664,113.322,1,386.685,107.944,388.037,105.398,5.745,1,384.000,113.000,1.000,1.000,,,cv,0.997,-1.792,0.997,-1.792,1.5497,-0.6972,0.5309,none
13.9000,TRACK,382.617,114.396,1,384.629,108.711,385.953,106.048,6.030,1,382.000,114.000,1.000,1.000,,,cv,0.972,-1.777,0.972,-1.777,1.5821,-0.7565,0.7899,none
13.9333,TRACK,380.544,115.636,1,382.572,109.596,383.867,106.875,6.371,1,380.000,115.000,1.000,1.000,,,cv,0.947,-1.764,0.947,-1.764,1.6137,-0.8153,0.7600,none
13.9667,TRACK,378.446,117.063,1,380.515,110.560,381.781,107.820,6.824,1,378.000,116.000,1.000,1.000,,,cv,0.922,-1.752,0.922,-1.752,1.6444,-0.8737,0.6779,none
14.0000,TRACK,376.321,118.694,1,378.458,111.911,379.696,108.845,7.112,1,376.000,118.000,1.000,1.000,,,cv,0.897,-1.715,0.897,-1.715,1.6743,-0.9309,0.8559,none
14.0333,TRACK,374.170,120.403,1,376.402,113.525,377.612,110.264,7.232,1,374.000,120.000,1.000,1.000,,,cv,0.871,-1.682,0.871,-1.682,1.7034,-0.9869,0.8406,none
14.0667,TRACK,371.991,122.224,1,374.012,115.316,375.529,111.950,7.198,1,371.000,122.000,1.000,1.000,,,cv,0.820,-1.652,0.820,-1.652,1.7307,-1.0420,1.0241,none
14.1000,TRACK,369.927,124.182,1,371.730,117.227,373.105,113.817,7.185,1,369.000,124.000,1.000,1.000,,,cv,0.798,-1.625,0.798,-1.625,1.7573,-1.0962,1.2295,none
14.1333,TRACK,367.814,126.297,1,369.523,118.883,370.793,115.803,7.608,1,367.000,125.000,1.000,1.000,,,cv,0.775,-1.625,0.775,-1.625,1.7831,-1.1503,1.1849,none
14.1667,TRACK,365.659,128.726,1,367.366,121.035,368.557,117.528,7.878,1,365.000,128.000,1.000,1.000,,,cv,0.751,-1.569,0.751,-1.569,1.8082,-1.2026,0.7464,none
14.2000,TRACK,363.467,131.179,1,365.244,123.188,366.373,119.758,8.186,1,363.000,130.000,1.000,1.000,,,cv,0.727,-1.545,0.727,-1.545,1.8324,-1.2542,0.8644,none
14.2333,TRACK,361.239,133.834,1,363.146,126.010,364.226,121.987,8.053,1,361.000,134.000,1.000,1.000,,,cv,0.702,-1.469,0.702,-1.469,1.8558,-1.3031,0.7121,none
14.2667,TRACK,358.979,136.417,1,360.730,128.282,362.104,124.899,8.321,1,358.000,135.000,1.000,1.000,,,cv,0.650,-1.479,0.650,-1.479,1.8774,-1.3524,0.3100,none
14.3000,TRACK,356.830,139.400,1,358.768,131.182,359.658,127.245,8.443,1,357.000,139.000,1.000,1.000,,,cv,0.654,-1.404,0.654,-1.404,1.8992,-1.3992,0.7691,none
14.3333,TRACK,354.487,142.329,1,356.445,134.174,357.676,130.233,8.387,1,354.000,142.000,1.000,1.000,,,cv,0.601,-1.362,0.601,-1.362,1.9193,-1.4446,0.7213,none
14.3667,TRACK,352.264,145.392,1,354.212,137.227,355.326,133.313,8.394,1,352.000,145.000,1.000,1.000,,,cv,0.578,-1.322,0.578,-1.322,1.9385,-1.4887,0.7827,none
14.4000,TRACK,349.996,148.599,1,352.041,140.320,353.068,136.453,8.528,1,350.000,148.000,1.000,1.000,,,cv,0.554,-1.282,0.554,-1.282,1.9570,-1.5314,1.5407,none
14.4333,TRACK,347.689,151.959,1,349.577,143.439,350.874,139.632,8.726,1,347.000,151.000,1.000,1.000,,,cv,0.502,-1.242,0.502,-1.242,1.9737,-1.5728,0.7232,none
14.4667,TRACK,345.488,155.477,1,347.249,146.909,348.381,142.835,8.747,1,345.000,155.000,1.000,1.000,,,cv,0.480,-1.176,0.480,-1.176,1.9897,-1.6120,0.7926,none
14.5000,TRACK,343.235,159.019,1,345.014,150.617,346.028,146.396,8.588,1,343.000,159.000,1.000,1.000,,,cv,0.457,-1.114,0.457,-1.114,2.0050,-1.6491,0.6719,none
14.5333,TRACK,340.938,162.608,1,342.508,154.151,343.771,150.198,8.602,1,340.000,162.000,1.000,1.000,,,cv,0.406,-1.082,0.406,-1.082,2.0185,-1.6852,0.3772,none
14.5667,TRACK,338.744,166.404,1,340.153,157.899,341.237,153.819,8.621,1,338.000,166.000,1.000,1.000,,,cv,0.385,-1.020,0.385,-1.020,2.0313,-1.7192,0.8304,none
14.6000,TRACK,336.497,170.256,1,337.900,161.791,338.857,157.658,8.580,1,336.000,170.000,1.000,1.000,,,cv,0.361,-0.961,0.361,-0.961,2.0434,-1.7512,0.8321,none
14.6333,TRACK,334.205,174.179,1,335.718,165.446,336.584,161.643,8.863,1,334.000,173.000,1.000,1.000,,,cv,0.337,-0.931,0.337,-0.931,2.0546,-1.7823,0.7512,none
14.6667,TRACK,331.876,178.325,1,333.250,169.608,334.382,165.382,8.825,1,331.000,178.000,1.000,1.000,,,cv,0.285,-0.844,0.285,-0.844,2.0641,-1.8104,0.7387,none
14.7000,TRACK,329.656,182.396,1,330.921,173.778,331.889,169.638,8.711,1,329.000,182.000,1.000,1.000,,,cv,0.262,-0.789,0.262,-0.789,2.0728,-1.8367,0.9232,none
14.7333,TRACK,327.387,186.566,1,328.688,177.952,329.539,173.900,8.712,1,327.000,186.000,1.000,1.000,,,cv,0.238,-0.735,0.238,-0.735,2.0808,-1.8612,0.4622,none
14.7667,TRACK,325.079,190.834,1,326.521,182.463,327.287,178.164,8.494,1,325.000,191.000,1.000,1.000,,,cv,0.213,-0.654,0.213,-0.654,2.0879,-1.8830,0.5226,none
14.8000,TRACK,322.738,195.057,1,324.063,186.531,325.102,182.770,8.629,1,322.000,194.000,1.000,1.000,,,cv,0.161,-0.630,0.161,-0.630,2.0932,-1.9040,1.1998,none
14.8333,TRACK,320.510,199.540,1,321.744,190.967,322.622,186.922,8.661,1,320.000,199.000,1.000,1.000,,,cv,0.138,-0.547,0.138,-0.547,2.0978,-1.9222,0.9005,none
14.8667,TRACK,318.237,203.968,1,319.183,195.652,320.283,191.448,8.370,1,317.000,204.000,1.000,1.000,,,cv,0.087,-0.469,0.087,-0.469,2.1007,-1.9378,0.7837,none
14.9000,TRACK,316.071,208.361,1,317.129,200.169,317.698,196.226,8.260,1,316.000,208.000,1.000,1.000,,,cv,0.092,-0.420,0.092,-0.420,2.1038,-1.9518,0.6443,none
14.9333,TRACK,313.713,212.874,1,314.750,204.572,315.631,200.831,8.367,1,313.000,212.000,1.000,1.000,,,cv,0.037,-0.368,0.037,-0.368,2.1050,-1.9641,0.4240,none
14.9667,TRACK,311.480,217.493,1,312.484,209.230,313.232,205.317,8.324,1,311.000,217.000,1.000,1.000,,,cv,0.013,-0.289,0.013,-0.289,2.1055,-1.9737,0.7644,none
15.0000,TRACK,309.212,222.065,1,310.297,214.060,310.950,210.062,8.078,1,309.000,222.000,1.000,1.000,,,cv,-0.012,-0.213,-0.012,-0.213,2.1050,-1.9808,0.7236,none
15.0333,TRACK,306.916,226.600,1,307.828,218.671,308.748,214.981,7.981,1,306.000,226.000,1.000,1.000,,,cv,-0.065,-0.165,-0.065,-0.165,2.1029,-1.9863,0.7233,none
15.0667,TRACK,304.741,231.246,1,305.837,223.467,306.258,219.674,7.856,1,305.000,231.000,1.000,1.000,,,cv,-0.062,-0.088,-0.062,-0.088,2.1008,-1.9892,0.7150,none
15.1000,TRACK,302.386,235.843,1,303.502,228.053,304.258,224.555,7.869,1,302.000,235.000,1.000,1.000,,,cv,-0.118,-0.039,-0.118,-0.039,2.0969,-1.9905,0.9023,none
15.1333,TRACK,300.166,240.536,1,300.933,232.829,301.906,229.218,7.746,1,299.000,240.000,1.000,1.000,,,cv,-0.169,0.039,-0.169,0.039,2.0912,-1.9893,0.7219,none
15.1667,TRACK,298.062,245.166,1,298.540,237.398,299.316,234.074,7.782,1,297.000,244.000,1.000,1.000,,,cv,-0.192,0.088,-0.192,0.088,2.0848,-1.9863,0.3527,none
15.2000,TRACK,295.919,249.878,1,296.268,242.496,296.906,238.718,7.390,1,295.000,250.000,1.000,1.000,,,cv,-0.216,0.193,-0.216,0.193,2.0776,-1.9799,0.7353,none
15.2333,TRACK,293.749,254.368,1,294.412,247.282,294.619,243.900,7.116,1,294.000,254.000,1.000,1.000,,,cv,-0.216,0.238,-0.216,0.238,2.0704,-1.9719,0.7220,none
15.2667,TRACK,291.419,258.944,1,292.169,252.190,292.758,248.761,6.796,1,291.000,259.000,1.000,1.000,,,cv,-0.273,0.315,-0.273,0.315,2.0613,-1.9615,0.7485,none
15.3000,TRACK,289.241,263.438,1,290.000,256.844,290.503,253.745,6.637,1,289.000,263.000,1.000,1.000,,,cv,-0.300,0.363,-0.300,0.363,2.0513,-1.9494,0.7193,none
15.3333,TRACK,287.050,267.990,1,287.879,261.660,288.322,258.468,6.383,1,287.000,268.000,1.000,1.000,,,cv,-0.328,0.441,-0.328,0.441,2.0404,-1.9347,0.7178,none
15.3667,TRACK,284.853,272.432,1,285.793,266.250,286.192,263.355,6.253,1,285.000,272.000,1.000,1.000,,,cv,-0.356,0.490,-0.356,0.490,2.0285,-1.9183,0.7403,none
15.4000,TRACK,282.655,276.907,1,283.394,270.685,284.097,268.009,6.266,1,282.000,276.000,1.000,1.000,,,cv,-0.411,0.543,-0.411,0.543,2.0148,-1.9002,1.0896,none
15.4333,TRACK,280.601,281.391,1,281.119,275.349,281.683,272.504,6.064,1,280.000,281.000,1.000,1.000,,,cv,-0.436,0.624,-0.436,0.624,2.0003,-1.8794,0.6952,none
15.4667,TRACK,278.532,285.723,1,278.928,280.168,279.395,277.231,5.569,1,278.000,286.000,1.000,1.000,,,cv,-0.463,0.702,-0.463,0.702,1.9848,-1.8560,1.2269,none
15.5000,TRACK,276.458,289.905,1,276.793,284.421,277.193,282.115,5.494,1,276.000,289.000,1.000,1.000,,,cv,-0.491,0.726,-0.491,0.726,1.9685,-1.8318,1.0893,none
15.5333,TRACK,274.386,294.219,1,274.698,288.958,275.050,286.419,5.270,1,274.000,294.000,1.000,1.000,,,cv,-0.520,0.810,-0.520,0.810,1.9511,-1.8048,1.0528,none
15.5667,TRACK,272.321,298.336,1,272.630,293.353,272.947,291.012,4.993,1,272.000,298.000,1.000,1.000,,,cv,-0.549,0.863,-0.549,0.863,1.9329,-1.7761,1.3645,none
15.6000,TRACK,270.268,302.402,1,270.579,297.650,270.871,295.459,4.763,1,270.000,302.000,1.000,1.000,,,cv,-0.578,0.919,-0.578,0.919,1.9136,-1.7454,0.5809,none
15.6333,TRACK,268.232,306.398,1,268.542,301.880,268.814,299.805,4.529,1,268.000,306.000,1.000,1.000,,,cv,-0.608,0.976,-0.608,0.976,1.8933,-1.7129,1.5199,none
15.6667,TRACK,266.214,310.305,1,266.513,306.064,266.771,304.081,4.251,1,266.000,310.000,1.000,1.000,,,cv,-0.638,1.034,-0.638,1.034,1.8720,-1.6784,1.4245,none
15.7000,TRACK,264.219,314.105,1,264.154,310.215,264.736,308.309,3.890,1,263.000,314.000,1.000,1.000,,,cv,-0.695,1.093,-0.695,1.093,1.8488,-1.6420,1.5168,none
15.7333,TRACK,262.390,317.783,1,262.243,314.344,262.365,312.503,3.442,1,262.000,318.000,1.000,1.000,,,cv,-0.695,1.152,-0.695,1.152,1.8257,-1.6036,0.8323,none
15.7667,TRACK,260.427,321.324,1,260.299,318.122,260.450,316.673,3.204,1,260.000,321.000,1.000,1.000,,,cv,-0.727,1.185,-0.727,1.185,1.8014,-1.5641,1.2069,none
15.8000,TRACK,258.500,324.854,1,258.335,321.661,258.504,320.483,3.198,1,258.000,324.000,1.000,1.000,,,cv,-0.759,1.222,-0.759,1.222,1.7761,-1.5234,1.4379,none
15.8333,TRACK,256.611,328.340,1,256.356,325.372,256.535,324.048,2.979,1,256.000,328.000,1.000,1.000,,,cv,-0.790,1.289,-0.790,1.289,1.7498,-1.4804,0.9620,none
15.8667,TRACK,254.761,331.609,1,254.368,328.864,254.553,327.788,2.773,1,254.000,331.000,1.000,1.000,,,cv,-0.822,1.327,-0.822,1.327,1.7224,-1.4362,0.7638,none
15.9000,TRACK,252.950,334.801,1,252.372,332.542,252.560,331.305,2.331,1,252.000,335.000,1.000,1.000,,,cv,-0.853,1.395,-0.853,1.395,1.6939,-1.3897,0.5302,none
15.9333,TRACK,251.182,337.745,1,250.708,335.677,250.561,335.010,2.122,1,251.000,337.000,1.000,1.000,,,cv,-0.858,1.407,-0.858,1.407,1.6653,-1.3428,1.0451,none
15.9667,TRACK,249.316,340.724,1,248.933,338.776,248.899,338.160,1.986,1,249.000,340.000,1.000,1.000,,,cv,-0.893,1.453,-0.893,1.453,1.6356,-1.2943,0.7316,none
16.0000,TRACK,247.518,343.547,1,247.083,341.851,247.125,341.273,1.751,1,247.000,343.000,1.000,1.000,,,cv,-0.927,1.499,-0.927,1.499,1.6047,-1.2444,0.7121,none
16.0333,TRACK,245.782,346.198,1,245.183,344.910,245.275,344.361,1.421,1,245.000,346.000,1.000,1.000,,,cv,-0.961,1.545,-0.961,1.545,1.5726,-1.1929,0.7990,none
16.0667,TRACK,244.107,348.660,1,243.247,347.622,243.372,347.431,1.348,1,243.000,348.000,1.000,1.000,,,cv,-0.994,1.565,-0.994,1.565,1.5395,-1.1407,0.5514,none
16.1000,TRACK,242.494,351.059,1,241.623,350.433,241.434,350.148,1.072,1,242.000,351.000,1.000,1.000,,,cv,-1.000,1.616,-1.000,1.616,1.5062,-1.0869,0.5319,none
16.1333,TRACK,240.799,353.218,1,239.876,352.977,239.814,352.965,0.954,1,240.000,353.000,1.000,1.000,,,cv,-1.036,1.639,-1.036,1.639,1.4717,-1.0322,0.3437,none
16.1667,TRACK,239.188,355.271,1,238.380,355.339,238.068,355.509,0.811,1,239.000,355.000,1.000,1.000,,,cv,-1.044,1.666,-1.044,1.666,1.4368,-0.9767,0.8856,none
16.2000,TRACK,237.514,357.185,1,236.720,357.242,236.579,357.868,0.796,1,237.000,356.000,1.000,1.000,,,cv,-1.082,1.668,-1.082,1.668,1.4008,-0.9211,0.7366,none
16.2333,TRACK,235.936,359.076,1,235.283,359.169,234.922,359.757,0.659,1,236.000,358.000,1.000,1.000,,,cv,-1.092,1.702,-1.092,1.702,1.3644,-0.8643,0.7190,none
16.2667,TRACK,234.306,360.761,1,233.663,361.111,233.493,361.670,0.732,1,234.000,360.000,1.000,1.000,,,cv,-1.131,1.736,-1.131,1.736,1.3267,-0.8064,1.0369,none
16.3000,TRACK,232.783,362.225,1,232.253,363.064,231.877,363.600,0.992,1,233.000,362.000,1.000,1.000,,,cv,-1.141,1.770,-1.141,1.770,1.2887,-0.7474,0.7643,none
16.3333,TRACK,231.215,363.455,1,230.651,364.690,230.475,365.542,1.358,1,231.000,363.000,1.000,1.000,,,cv,-1.180,1.778,-1.180,1.778,1.2493,-0.6882,2.6122,none
16.3667,TRACK,229.761,364.580,1,228.918,366.094,228.877,367.149,1.733,1,229.000,364.000,1.000,1.000,,,cv,-1.217,1.789,-1.217,1.789,1.2088,-0.6285,0.8650,none
16.4000,TRACK,228.411,365.564,1,227.432,367.347,227.146,368.529,2.034,1,228.000,365.000,1.000,1.000,,,cv,-1.226,1.803,-1.226,1.803,1.1679,-0.5684,0.7515,none
16.4333,TRACK,227.020,366.381,1,225.777,368.498,225.665,369.756,2.455,1,226.000,366.000,1.000,1.000,,,cv,-1.265,1.819,-1.265,1.819,1.1257,-0.5078,0.7301,none
16.4667,TRACK,225.747,367.005,1,224.344,369.245,224.013,370.879,2.643,1,225.000,366.000,1.000,1.000,,,cv,-1.275,1.809,-1.275,1.809,1.0832,-0.4475,0.7864,none
16.5000,TRACK,224.442,367.560,1,223.060,370.052,222.587,371.589,2.850,1,224.000,367.000,1.000,1.000,,,cv,-1.288,1.831,-1.288,1.831,1.0403,-0.3865,0.8997,none
16.5333,TRACK,223.123,367.864,1,221.879,370.902,221.314,372.363,3.282,1,223.000,368.000,1.000,1.000,,,cv,-1.303,1.852,-1.303,1.852,0.9969,-0.3247,0.4815,none
16.5667,TRACK,221.802,367.908,1,220.431,371.110,220.145,373.179,3.483,1,221.000,367.000,1.000,1.000,,,cv,-1.345,1.820,-1.345,1.820,0.9520,-0.2641,1.5753,none
16.6000,TRACK,220.630,367.965,1,219.138,371.218,218.704,373.342,3.578,1,220.000,367.000,1.000,1.000,,,cv,-1.358,1.822,-1.358,1.822,0.9068,-0.2033,1.1557,none
16.6333,TRACK,219.453,367.841,1,217.950,371.593,217.421,373.402,4.042,1,219.000,368.000,1.000,1.000,,,cv,-1.373,1.851,-1.373,1.851,0.8610,-0.1416,0.7328,none
16.6667,TRACK,218.281,367.374,1,216.832,371.481,216.244,373.738,4.356,1,218.000,367.000,1.000,1.000,,,cv,-1.389,1.825,-1.389,1.825,0.8147,-0.0808,0.7700,none
16.7000,TRACK,217.127,366.852,1,215.762,371.038,215.139,373.575,4.403,1,217.000,366.000,1.000,1.000,,,cv,-1.406,1.804,-1.406,1.804,0.7678,-0.0207,0.7594,none
16.7333,TRACK,215.996,366.233,1,214.390,370.371,214.083,373.076,4.439,1,215.000,365.000,1.000,1.000,,,cv,-1.450,1.787,-1.450,1.787,0.7195,0.0389,0.6122,none
16.7667,TRACK,215.037,365.484,1,213.482,369.888,212.718,372.349,4.670,1,215.000,365.000,1.000,1.000,,,cv,-1.438,1.799,-1.438,1.799,0.6716,0.0988,0.7313,none
16.8000,TRACK,213.951,364.439,1,212.555,369.195,211.827,371.811,4.957,1,214.000,364.000,1.000,1.000,,,cv,-1.457,1.782,-1.457,1.782,0.6230,0.1582,0.7508,none
16.8333,TRACK,212.911,363.239,1,211.279,368.361,210.916,371.060,5.376,1,212.000,363.000,1.000,1.000,,,cv,-1.503,1.768,-1.503,1.768,0.5729,0.2172,0.8496,none
16.8667,TRACK,212.062,361.860,1,210.101,367.096,209.648,370.165,5.591,1,211.000,361.000,1.000,1.000,,,cv,-1.519,1.729,-1.519,1.729,0.5223,0.2748,0.7766,none
16.9000,TRACK,211.243,360.424,1,208.989,365.874,208.480,368.832,5.898,1,210.000,360.000,1.000,1.000,,,cv,-1.536,1.722,-1.536,1.722,0.4711,0.3322,0.7690,none
16.9333,TRACK,210.463,358.754,1,208.257,364.349,207.380,367.545,6.014,1,210.000,358.000,1.000,1.000,,,cv,-1.527,1.687,-1.527,1.687,0.4202,0.3885,0.7428,none
16.9667,TRACK,209.589,356.984,1,207.448,362.951,206.667,365.948,6.340,1,209.000,357.000,1.000,1.000,,,cv,-1.549,1.683,-1.549,1.683,0.3686,0.4445,0.5733,none
17.0000,TRACK,208.788,354.943,1,206.587,361.308,205.876,364.485,6.735,1,208.000,355.000,1.000,1.000,,,cv,-1.570,1.650,-1.570,1.650,0.3162,0.4996,0.5398,none
17.0333,TRACK,208.059,352.773,1,205.690,359.164,205.030,362.771,6.816,1,207.000,352.000,1.000,1.000,,,cv,-1.590,1.594,-1.590,1.594,0.2632,0.5527,0.7580,none
17.0667,TRACK,207.403,350.591,1,205.103,357.349,204.148,360.546,7.138,1,207.000,351.000,1.000,1.000,,,cv,-1.584,1.597,-1.584,1.597,0.2104,0.6059,0.8400,none
17.1000,TRACK,206.678,348.076,1,204.392,355.090,203.582,358.660,7.378,1,206.000,348.000,1.000,1.000,,,cv,-1.608,1.543,-1.608,1.543,0.1568,0.6574,0.7375,none
17.1333,TRACK,206.049,345.522,1,203.931,352.530,202.889,356.322,7.321,1,206.000,345.000,1.000,1.000,,,cv,-1.604,1.494,-1.604,1.494,0.1033,0.7072,0.7500,none
17.1667,TRACK,205.369,342.896,1,202.970,350.102,202.451,353.678,7.595,1,204.000,343.000,1.000,1.000,,,cv,-1.656,1.475,-1.656,1.475,0.0481,0.7563,0.7452,none
17.2000,TRACK,204.942,340.030,1,202.338,347.429,201.502,351.170,7.844,1,204.000,340.000,1.000,1.000,,,cv,-1.649,1.428,-1.649,1.428,-0.0068,0.8039,2.0091,none
17.2333,TRACK,204.455,337.067,1,201.931,344.257,200.889,348.414,7.619,1,204.000,336.000,1.000,1.000,,,cv,-1.646,1.357,-1.646,1.357,-0.0617,0.8491,1.1462,none
17.2667,TRACK,203.932,334.130,1,201.675,341.080,200.504,345.149,7.308,1,204.000,333.000,1.000,1.000,,,cv,-1.646,1.318,-1.646,1.318,-0.1166,0.8931,0.8461,none
17.3000,TRACK,203.391,331.039,1,201.187,337.903,200.275,341.882,7.209,1,203.000,330.000,1.000,1.000,,,cv,-1.674,1.279,-1.674,1.279,-0.1724,0.9357,0.7520,none
17.3333,TRACK,202.986,327.791,1,200.876,334.726,199.807,338.617,7.249,1,203.000,327.000,1.000,1.000,,,cv,-1.673,1.241,-1.673,1.241,-0.2282,0.9770,0.7505,none
17.3667,TRACK,202.565,324.379,1,200.686,331.551,199.520,335.353,7.414,1,203.000,324.000,1.000,1.000,,,cv,-1.674,1.202,-1.674,1.202,-0.2840,1.0171,0.6015,none
17.4000,TRACK,202.140,320.801,1,199.906,328.043,199.355,332.094,7.579,1,201.000,320.000,1.000,1.000,,,cv,-1.730,1.136,-1.730,1.136,-0.3416,1.0550,0.9206,none
17.4333,TRACK,202.007,317.195,1,199.731,324.311,198.588,328.496,7.471,1,202.000,316.000,1.000,1.000,,,cv,-1.699,1.075,-1.699,1.075,-0.3983,1.0908,0.8732,none
17.4667,TRACK,201.707,313.538,1,199.296,320.762,198.438,324.671,7.616,1,201.000,313.000,1.000,1.000,,,cv,-1.728,1.042,-1.728,1.042,-0.4559,1.1255,0.2443,none
17.5000,TRACK,201.565,309.672,1,199.019,317.004,198.022,321.035,7.761,1,201.000,309.000,1.000,1.000,,,cv,-1.728,0.981,-1.728,0.981,-0.5135,1.1582,0.7478,none
17.5333,TRACK,201.425,305.749,1,198.850,313.441,197.768,317.187,8.112,1,201.000,306.000,1.000,1.000,,,cv,-1.729,0.948,-1.729,0.948,-0.5711,1.1898,0.7324,none
17.5667,TRACK,201.301,301.611,1,198.419,309.341,197.623,313.541,8.249,1,200.000,301.000,1.000,1.000,,,cv,-1.759,0.860,-1.759,0.860,-0.6297,1.2185,0.7132,none
17.6000,TRACK,201.345,297.555,1,198.479,305.212,197.209,309.347,8.176,1,201.000,297.000,1.000,1.000,,,cv,-1.732,0.805,-1.732,0.805,-0.6875,1.2453,0.4473,none
17.6333,TRACK,201.259,293.405,1,198.537,301.065,197.297,305.127,8.130,1,201.000,293.000,1.000,1.000,,,cv,-1.738,0.750,-1.738,0.750,-0.7454,1.2703,0.8271,none
17.6667,TRACK,201.219,289.159,1,198.260,296.908,197.383,300.890,8.295,1,200.000,289.000,1.000,1.000,,,cv,-1.770,0.695,-1.770,0.695,-0.8044,1.2935,0.7065,none
17.7000,TRACK,201.371,284.818,1,198.423,292.409,197.125,296.643,8.143,1,201.000,284.000,1.000,1.000,,,cv,-1.745,0.614,-1.745,0.614,-0.8625,1.3140,0.3131,none
17.7333,TRACK,201.413,280.524,1,198.551,288.015,197.317,292.051,8.019,1,201.000,280.000,1.000,1.000,,,cv,-1.752,0.563,-1.752,0.563,-0.9209,1.3327,0.7123,none
17.7667,TRACK,201.517,276.117,1,198.654,283.693,197.472,287.567,8.099,1,201.000,276.000,1.000,1.000,,,cv,-1.758,0.510,-1.758,0.510,-0.9796,1.3497,0.7286,none
17.8000,TRACK,201.684,271.604,1,198.740,279.087,197.602,283.159,8.041,1,201.000,271.000,1.000,1.000,,,cv,-1.765,0.430,-1.765,0.430,-1.0384,1.3641,0.7146,none
17.8333,TRACK,201.915,267.135,1,198.814,274.623,197.713,278.462,8.105,1,201.000,267.000,1.000,1.000,,,cv,-1.771,0.380,-1.771,0.380,-1.0974,1.3767,0.8150,none
17.8667,TRACK,202.214,262.555,1,199.214,269.923,197.812,273.913,7.955,1,202.000,262.000,1.000,1.000,,,cv,-1.750,0.301,-1.750,0.301,-1.1558,1.3868,0.4543,none
17.9000,TRACK,202.439,258.018,1,199.501,265.064,198.243,269.125,7.634,1,202.000,257.000,1.000,1.000,,,cv,-1.760,0.225,-1.760,0.225,-1.2144,1.3943,0.6916,none
17.9333,TRACK,202.757,253.514,1,199.711,260.433,198.558,264.175,7.559,1,202.000,253.000,1.000,1.000,,,cv,-1.768,0.178,-1.768,0.178,-1.2734,1.4002,0.9865,none
17.9667,TRACK,203.164,248.896,1,200.202,255.622,198.794,259.460,7.349,1,203.000,248.000,1.000,1.000,,,cv,-1.749,0.101,-1.749,0.101,-1.3317,1.4036,0.7287,none
18.0000,TRACK,203.515,244.326,1,200.550,250.692,199.316,254.565,7.022,1,203.000,243.000,1.000,1.000,,,cv,-1.760,0.026,-1.760,0.026,-1.3904,1.4044,0.7381,none
18.0333,TRACK,203.973,239.799,1,200.799,246.015,199.691,249.548,6.979,1,203.000,239.000,1.000,1.000,,,cv,-1.770,-0.022,-1.770,-0.022,-1.4493,1.4037,0.6260,none
18.0667,TRACK,204.532,235.172,1,201.316,241.179,199.965,244.793,6.813,1,204.000,234.000,1.000,1.000,,,cv,-1.751,-0.099,-1.751,-0.099,-1.5077,1.4004,1.1110,none
18.1000,TRACK,205.047,230.609,1,201.680,236.569,200.512,239.876,6.845,1,204.000,230.000,1.000,1.000,,,cv,-1.762,-0.147,-1.762,-0.147,-1.5664,1.3955,1.0703,none
18.1333,TRACK,205.680,225.967,1,202.610,232.114,200.902,235.192,6.872,1,206.000,226.000,1.000,1.000,,,cv,-1.718,-0.199,-1.718,-0.199,-1.6237,1.3889,1.1057,none
18.1667,TRACK,206.140,221.266,1,203.253,227.431,201.869,230.669,6.808,1,206.000,221.000,1.000,1.000,,,cv,-1.734,-0.279,-1.734,-0.279,-1.6815,1.3796,0.8034,none
18.2000,TRACK,206.749,216.667,1,203.701,222.594,202.543,225.915,6.665,1,206.000,216.000,1.000,1.000,,,cv,-1.747,-0.356,-1.747,-0.356,-1.7398,1.3677,0.7316,none
18.2333,TRACK,207.491,212.164,1,204.351,217.654,203.017,221.004,6.324,1,207.000,211.000,1.000,1.000,,,cv,-1.731,-0.432,-1.731,-0.432,-1.7975,1.3533,0.2656,none
18.2667,TRACK,208.216,207.758,1,205.138,212.978,203.697,215.989,6.060,1,208.000,207.000,1.000,1.000,,,cv,-1.717,-0.481,-1.717,-0.481,-1.8547,1.3373,1.1911,none
18.3000,TRACK,208.939,203.308,1,206.018,208.485,204.516,211.247,5.944,1,209.000,203.000,1.000,1.000,,,cv,-1.705,-0.532,-1.705,-0.532,-1.9116,1.3195,0.7643,none
18.3333,TRACK,209.671,198.843,1,206.625,203.781,205.429,206.692,5.802,1,209.000,198.000,1.000,1.000,,,cv,-1.720,-0.612,-1.720,-0.612,-1.9689,1.2991,0.7634,none
18.3667,TRACK,210.562,194.524,1,207.382,199.270,206.063,201.923,5.713,1,210.000,194.000,1.000,1.000,,,cv,-1.706,-0.664,-1.706,-0.664,-2.0258,1.2770,0.7264,none
18.4000,TRACK,211.457,190.208,1,208.239,194.890,206.849,197.353,5.681,1,211.000,190.000,1.000,1.000,,,cv,-1.693,-0.718,-1.693,-0.718,-2.0822,1.2530,0.7219,none
18.4333,TRACK,212.367,185.918,1,209.165,190.602,207.737,192.919,5.673,1,212.000,186.000,1.000,1.000,,,cv,-1.682,-0.773,-1.682,-0.773,-2.1383,1.2273,0.7851,none
18.4667,TRACK,213.301,181.674,1,210.137,186.375,208.695,188.579,5.667,1,213.000,182.000,1.000,1.000,,,cv,-1.671,-0.830,-1.671,-0.830,-2.1940,1.1996,0.8321,none
18.5000,TRACK,214.266,177.492,1,211.139,181.858,209.699,184.303,5.369,1,214.000,177.000,1.000,1.000,,,cv,-1.661,-0.915,-1.661,-0.915,-2.2494,1.1691,0.5936,none
18.5333,TRACK,215.267,173.531,1,212.162,177.477,210.733,179.731,5.021,1,215.000,173.000,1.000,1.000,,,cv,-1.651,-0.969,-1.651,-0.969,-2.3044,1.1368,1.5116,none
18.5667,TRACK,216.309,169.643,1,213.199,173.190,211.788,175.300,4.717,1,216.000,169.000,1.000,1.000,,,cv,-1.642,-1.025,-1.642,-1.025,-2.3591,1.1026,0.5308,none
18.6000,TRACK,217.395,165.849,1,213.909,169.304,212.856,170.967,4.907,1,216.000,166.000,1.000,1.000,,,cv,-1.659,-1.056,-1.659,-1.056,-2.4144,1.0674,0.7806,none
18.6333,TRACK,218.670,162.026,1,215.066,165.019,213.589,167.043,4.684,1,218.000,161.000,1.000,1.000,,,cv,-1.619,-1.145,-1.619,-1.145,-2.4684,1.0292,0.7284,none
18.6667,TRACK,219.833,158.495,1,216.193,161.135,214.780,162.714,4.496,1,219.000,158.000,1.000,1.000,,,cv,-1.611,-1.176,-1.611,-1.176,-2.5221,0.9900,0.7126,none
18.7000,TRACK,221.056,154.962,1,217.633,157.524,215.938,158.795,4.275,1,221.000,155.000,1.000,1.000,,,cv,-1.576,-1.212,-1.576,-1.212,-2.5747,0.9496,0.7052,none
18.7333,TRACK,222.197,151.465,1,218.951,153.764,217.416,155.155,3.977,1,222.000,151.000,1.000,1.000,,,cv,-1.571,-1.278,-1.571,-1.278,-2.6270,0.9070,0.4708,none
18.7667,TRACK,223.419,148.176,1,220.185,150.237,218.768,151.364,3.835,1,223.000,148.000,1.000,1.000,,,cv,-1.565,-1.316,-1.565,-1.316,-2.6792,0.8631,0.5242,none
18.8000,TRACK,224.718,144.958,1,221.697,146.871,220.033,147.813,3.576,1,225.000,145.000,1.000,1.000,,,cv,-1.531,-1.357,-1.531,-1.357,-2.7302,0.8179,0.4116,none
18.8333,TRACK,225.948,141.841,1,223.061,143.278,221.582,144.425,3.225,1,226.000,141.000,1.000,1.000,,,cv,-1.527,-1.426,-1.527,-1.426,-2.7811,0.7704,0.7470,none
18.8667,TRACK,227.271,138.988,1,224.326,140.202,222.979,140.807,3.185,1,227.000,139.000,1.000,1.000,,,cv,-1.521,-1.440,-1.521,-1.440,-2.8318,0.7224,0.7218,none
18.9000,TRACK,228.679,136.119,1,225.522,136.807,224.274,137.717,3.232,1,228.000,135.000,1.000,1.000,,,cv,-1.514,-1.513,-1.514,-1.513,-2.8823,0.6720,0.7278,none
18.9333,TRACK,230.169,133.561,1,226.670,133.866,225.497,134.302,3.511,1,229.000,133.000,1.000,1.000,,,cv,-1.506,-1.529,-1.506,-1.529,-2.9325,0.6210,0.7268,none
18.9667,TRACK,231.737,131.028,1,228.122,131.234,226.672,131.352,3.621,1,231.000,131.000,1.000,1.000,,,cv,-1.471,-1.550,-1.471,-1.550,-2.9816,0.5693,0.5594,none
19.0000,TRACK,233.241,128.560,1,229.778,128.477,228.156,128.717,3.464,1,233.000,128.000,1.000,1.000,,,cv,-1.440,-1.602,-1.440,-1.602,-3.0296,0.5159,0.4621,none
19.0333,TRACK,234.702,126.335,1,231.239,125.635,229.848,125.954,3.534,1,234.000,125.000,1.000,1.000,,,cv,-1.437,-1.653,-1.437,-1.653,-3.0775,0.4608,0.7981,none
19.0667,TRACK,236.276,124.358,1,232.565,123.405,231.339,123.105,3.831,1,235.000,124.000,1.000,1.000,,,cv,-1.432,-1.650,-1.432,-1.650,-3.1252,0.4058,0.8200,none
19.1000,TRACK,237.953,122.356,1,234.136,121.256,232.694,120.882,3.973,1,237.000,122.000,1.000,1.000,,,cv,-1.399,-1.680,-1.399,-1.680,-3.1719,0.3498,0.7282,none
19.1333,TRACK,239.584,120.523,1,235.871,119.163,234.296,118.742,3.954,1,239.000,120.000,1.000,1.000,,,cv,-1.369,-1.711,-1.369,-1.711,-3.2175,0.2928,0.7188,none
19.1667,TRACK,241.186,118.879,1,237.719,117.107,236.067,116.658,3.894,1,241.000,118.000,1.000,1.000,,,cv,-1.340,-1.744,-1.340,-1.744,-3.2622,0.2347,0.9696,none
19.2000,TRACK,242.771,117.442,1,239.307,115.077,237.951,114.612,4.194,1,242.000,116.000,1.000,1.000,,,cv,-1.340,-1.776,-1.340,-1.776,-3.3068,0.1754,0.8421,none
19.2333,TRACK,244.489,116.228,1,241.053,113.733,239.569,112.592,4.246,1,244.000,116.000,1.000,1.000,,,cv,-1.310,-1.756,-1.310,-1.756,-3.3505,0.1169,0.6694,none
19.2667,TRACK,246.183,114.970,1,242.906,112.187,241.348,111.274,4.299,1,246.000,114.000,1.000,1.000,,,cv,-1.281,-1.798,-1.281,-1.798,-3.3932,0.0570,0.7831,none
19.3000,TRACK,247.866,114.008,1,244.496,111.172,243.236,109.748,4.404,1,247.000,114.000,1.000,1.000,,,cv,-1.280,-1.783,-1.280,-1.783,-3.4358,-0.0025,0.7469,none
19.3333,TRACK,249.686,113.061,1,246.243,109.848,244.854,108.764,4.710,1,249.000,112.000,1.000,1.000,,,cv,-1.250,-1.829,-1.250,-1.829,-3.4775,-0.0634,0.8726,none
19.3667,TRACK,251.488,112.458,1,248.094,108.983,246.631,107.464,4.857,1,251.000,112.000,1.000,1.000,,,cv,-1.221,-1.817,-1.221,-1.817,-3.5182,-0.1240,0.7033,none
19.4000,TRACK,253.281,111.912,1,250.017,108.431,248.516,106.634,4.772,1,253.000,112.000,1.000,1.000,,,cv,-1.194,-1.811,-1.194,-1.811,-3.5580,-0.1844,0.4936,none
19.4333,TRACK,255.074,111.464,1,251.654,107.420,250.472,106.121,5.296,1,254.000,110.000,1.000,1.000,,,cv,-1.194,-1.862,-1.194,-1.862,-3.5978,-0.2464,0.7160,none
19.4667,TRACK,257.014,111.430,1,253.764,107.102,252.134,105.139,5.413,1,257.000,111.000,1.000,1.000,,,cv,-1.137,-1.828,-1.137,-1.828,-3.6357,-0.3074,0.3183,none
19.5000,TRACK,258.801,111.371,1,255.861,106.920,254.281,104.865,5.335,1,259.000,111.000,1.000,1.000,,,cv,-1.112,-1.828,-1.112,-1.828,-3.6728,-0.3683,0.7403,none
19.5333,TRACK,260.607,111.484,1,257.615,106.829,256.414,104.728,5.535,1,260.000,111.000,1.000,1.000,,,cv,-1.114,-1.831,-1.114,-1.831,-3.7099,-0.4293,0.8143,none
19.5667,TRACK,262.575,111.790,1,259.468,107.134,258.194,104.684,5.597,1,262.000,112.000,1.000,1.000,,,cv,-1.085,-1.807,-1.085,-1.807,-3.7461,-0.4896,0.7085,none
19.6000,TRACK,264.541,112.166,1,261.390,107.038,260.076,105.044,6.018,1,264.000,111.000,1.000,1.000,,,cv,-1.057,-1.842,-1.057,-1.842,-3.7813,-0.5510,0.6923,none
19.6333,TRACK,266.513,112.932,1,263.357,107.339,262.026,104.992,6.421,1,266.000,112.000,1.000,1.000,,,cv,-1.030,-1.819,-1.030,-1.819,-3.8157,-0.6116,0.8574,none
19.6667,TRACK,268.496,113.791,1,265.355,107.909,264.023,105.345,6.668,1,268.000,113.000,1.000,1.000,,,cv,-1.004,-1.800,-1.004,-1.800,-3.8491,-0.6716,0.7399,none
19.7000,TRACK,270.494,114.780,1,267.373,108.661,266.051,105.972,6.869,1,270.000,114.000,1.000,1.000,,,cv,-0.977,-1.785,-0.977,-1.785,-3.8817,-0.7311,0.6901,none
19.7333,TRACK,272.509,115.927,1,269.405,109.535,268.098,106.783,7.106,1,272.000,115.000,1.000,1.000,,,cv,-0.951,-1.771,-0.951,-1.771,-3.9134,-0.7901,0.8298,none
19.7667,TRACK,274.543,117.254,1,271.445,110.493,270.159,107.719,7.437,1,274.000,116.000,1.000,1.000,,,cv,-0.925,-1.759,-0.925,-1.759,-3.9442,-0.8487,0.7307,none
19.8000,TRACK,276.598,118.780,1,273.491,111.840,272.228,108.738,7.603,1,276.000,118.000,1.000,1.000,,,cv,-0.899,-1.722,-0.899,-1.722,-3.9742,-0.9061,1.0166,none
19.8333,TRACK,278.675,120.377,1,275.541,113.452,274.302,110.155,7.601,1,278.000,120.000,1.000,1.000,,,cv,-0.873,-1.689,-0.873,-1.689,-4.0033,-0.9624,1.4941,none
19.8667,TRACK,280.774,122.080,1,277.926,115.243,276.379,111.840,7.407,1,281.000,122.000,1.000,1.000,,,cv,-0.820,-1.659,-0.820,-1.659,-4.0306,-1.0178,0.9838,none
19.9000,TRACK,282.755,123.915,1,279.871,117.154,278.799,113.706,7.351,1,282.000,124.000,1.000,1.000,,,cv,-0.824,-1.631,-0.824,-1.631,-4.0581,-1.0721,0.9887,none
19.9333,TRACK,284.922,125.902,1,281.850,119.145,280.768,115.694,7.423,1,284.000,126.000,1.000,1.000,,,cv,-0.797,-1.605,-0.797,-1.605,-4.0847,-1.1256,0.8216,none
19.9667,TRACK,287.106,128.058,1,284.187,120.856,282.771,117.762,7.771,1,287.000,127.000,1.000,1.000,,,cv,-0.743,-1.606,-0.743,-1.606,-4.1095,-1.1792,0.9320,none
20.0000,TRACK,289.169,130.536,1,286.432,123.044,285.139,119.542,7.976,1,289.000,130.000,1.000,1.000,,,cv,-0.720,-1.551,-0.720,-1.551,-4.1335,-1.2309,0.8390,none
20.0333,TRACK,291.273,133.044,1,288.279,125.556,287.413,121.808,8.064,1,290.000,133.000,1.000,1.000,,,cv,-0.722,-1.501,-0.722,-1.501,-4.1575,-1.2809,0.5072,none
20.0667,TRACK,293.556,135.619,1,290.525,127.952,289.279,124.403,8.244,1,293.000,135.000,1.000,1.000,,,cv,-0.667,-1.481,-0.667,-1.481,-4.1798,-1.3303,0.7521,none
20.1000,TRACK,295.709,138.429,1,292.708,130.603,291.553,126.878,8.382,1,295.000,138.000,1.000,1.000,,,cv,-0.643,-1.434,-0.643,-1.434,-4.2012,-1.3781,0.8373,none
20.1333,TRACK,297.898,141.333,1,294.846,133.090,293.761,129.611,8.789,1,297.000,140.000,1.000,1.000,,,cv,-0.617,-1.416,-0.617,-1.416,-4.2218,-1.4253,0.7202,none
20.1667,TRACK,300.121,144.493,1,296.954,136.136,295.923,132.176,8.936,1,299.000,144.000,1.000,1.000,,,cv,-0.592,-1.343,-0.592,-1.343,-4.2415,-1.4700,0.7080,none
20.2000,TRACK,302.373,147.621,1,299.376,139.225,298.054,135.310,8.915,1,302.000,147.000,1.000,1.000,,,cv,-0.539,-1.303,-0.255,-1.303,-4.2500,-1.5135,0.9164,none
20.2333,TRACK,302.999,150.898,1,301.006,142.342,300.505,138.486,8.785,1,302.000,150.000,1.000,1.000,,,cv,-0.569,-1.263,0.000,-1.263,-4.2500,-1.5556,0.7918,none
20.2667,TRACK,302.433,154.332,1,302.098,145.812,302.147,141.689,8.527,1,302.000,154.000,1.000,1.000,,,cv,-0.591,-1.197,0.000,-1.197,-4.2500,-1.5955,0.6579,none
20.3000,TRACK,302.034,157.787,1,302.823,149.185,303.238,145.250,8.638,1,302.000,157.000,1.000,1.000,,,cv,-0.605,-1.162,0.000,-1.162,-4.2500,-1.6342,1.2261,none
20.3333,TRACK,301.805,161.429,1,302.965,152.492,303.954,148.711,9.012,1,301.000,160.000,1.000,1.000,,,cv,-0.643,-1.126,0.000,-1.126,-4.2500,-1.6718,0.7737,none
20.3667,TRACK,301.743,165.256,1,303.044,156.086,304.073,152.102,9.261,1,301.000,164.000,1.000,1.000,,,cv,-0.647,-1.062,0.000,-1.062,-4.2500,-1.7071,0.7732,none
20.4000,TRACK,301.850,169.124,1,303.082,159.876,304.130,155.785,9.330,1,301.000,168.000,1.000,1.000,,,cv,-0.650,-1.001,0.000,-1.001,-4.2500,-1.7405,0.7329,none
20.4333,TRACK,302.125,173.052,1,303.426,163.796,304.144,159.665,9.347,1,302.000,172.000,1.000,1.000,,,cv,-0.626,-0.942,0.000,-0.942,-4.2500,-1.7719,0.8767,none
20.4667,TRACK,302.569,177.055,1,303.644,168.139,304.473,163.677,8.980,1,302.000,177.000,1.000,1.000,,,cv,-0.632,-0.859,0.000,-0.859,-4.2500,-1.8005,0.7113,none
20.5000,TRACK,303.181,180.998,1,304.112,172.098,304.673,168.120,8.949,1,303.000,180.000,1.000,1.000,,,cv,-0.610,-0.833,0.000,-0.833,-4.2500,-1.8283,1.2025,none
20.5333,TRACK,303.961,185.193,1,304.415,176.465,305.128,172.167,8.740,1,303.000,185.000,1.000,1.000,,,cv,-0.617,-0.749,0.000,-0.749,-4.2500,-1.8533,0.8755,none
20.5667,TRACK,304.909,189.332,1,304.941,180.772,305.415,176.629,8.560,1,304.000,189.000,1.000,1.000,,,cv,-0.596,-0.697,0.000,-0.697,-4.2500,-1.8765,0.9723,none
20.6000,TRACK,306.024,193.580,1,305.954,185.038,305.930,181.029,8.543,1,306.000,193.000,1.000,1.000,,,cv,-0.551,-0.644,0.000,-0.644,-4.2500,-1.8980,0.7816,none
20.6333,TRACK,307.306,197.934,1,306.962,189.609,306.944,185.384,8.332,1,307.000,198.000,1.000,1.000,,,cv,-0.538,-0.564,0.000,-0.564,-4.2500,-1.9168,0.7145,none
20.6667,TRACK,308.755,202.246,1,307.969,194.051,307.953,190.048,8.232,1,308.000,202.000,1.000,1.000,,,cv,-0.525,-0.514,0.000,-0.514,-4.2500,-1.9339,1.5754,none
20.7000,TRACK,310.370,206.675,1,309.308,198.404,308.959,194.580,8.339,1,310.000,206.000,1.000,1.000,,,cv,-0.485,-0.462,0.000,-0.462,-4.2500,-1.9493,0.8412,none
20.7333,TRACK,312.151,211.210,1,310.873,203.031,310.306,199.018,8.279,1,312.000,211.000,1.000,1.000,,,cv,-0.449,-0.382,0.000,-0.382,-4.2500,-1.9620,0.8403,none
20.7667,TRACK,314.097,215.701,1,312.593,207.507,311.884,203.733,8.331,1,314.000,215.000,1.000,1.000,,,cv,-0.416,-0.332,0.000,-0.332,-4.2500,-1.9731,0.7137,none
20.8000,TRACK,316.207,220.303,1,314.417,212.214,313.619,208.293,8.284,1,316.000,220.000,1.000,1.000,,,cv,-0.385,-0.254,0.000,-0.254,-4.2500,-1.9816,0.7229,none
20.8333,TRACK,318.481,224.859,1,316.311,216.742,315.461,213.088,8.401,1,318.000,224.000,1.000,1.000,,,cv,-0.354,-0.204,0.000,-0.204,-4.2500,-1.9884,0.6025,none
20.8667,TRACK,320.918,229.521,1,318.254,221.483,317.375,217.697,8.468,1,320.000,229.000,1.000,1.000,,,cv,-0.324,-0.126,0.000,-0.126,-4.2500,-1.9926,0.8100,none
20.9000,TRACK,323.518,234.131,1,320.564,226.366,319.337,222.522,8.308,1,323.000,234.000,1.000,1.000,,,cv,-0.268,-0.050,0.000,-0.050,-4.2500,-1.9943,0.7268,none
20.9333,TRACK,326.279,238.696,1,323.123,231.010,321.674,227.490,8.309,1,326.000,238.000,1.000,1.000,,,cv,-0.217,-0.003,0.000,-0.003,-4.2500,-1.9943,0.8117,none
20.9667,TRACK,329.200,243.361,1,325.851,235.826,324.265,232.213,8.246,1,329.000,243.000,1.000,1.000,,,cv,-0.168,0.074,0.000,0.074,-4.2500,-1.9919,0.7044,none
21.0000,TRACK,332.281,247.961,1,328.693,240.756,327.028,237.109,8.049,1,332.000,248.000,1.000,1.000,,,cv,-0.121,0.150,0.000,0.150,-4.2500,-1.9869,0.7144,none
21.0333,TRACK,335.521,252.501,1,331.613,245.429,329.908,242.121,8.079,1,335.000,252.000,1.000,1.000,,,cv,-0.075,0.198,0.000,0.198,-4.2500,-1.9803,0.8790,none
21.0667,TRACK,338.918,257.121,1,334.585,250.261,332.866,246.867,8.114,1,338.000,257.000,1.000,1.000,,,cv,-0.030,0.275,0.000,0.275,-4.2500,-1.9711,0.4683,none
21.1000,TRACK,342.472,261.655,1,337.927,254.864,335.876,251.774,8.172,1,342.000,261.000,1.000,1.000,,,cv,0.041,0.324,0.041,0.324,-4.2486,-1.9603,0.7184,none
21.1333,TRACK,345.960,266.247,1,341.519,259.645,339.263,256.446,7.956,1,346.000,266.000,1.000,1.000,,,cv,0.108,0.402,0.108,0.402,-4.2450,-1.9469,0.7182,none
21.1667,TRACK,349.245,270.732,1,344.947,264.548,342.906,261.298,7.531,1,349.000,271.000,1.000,1.000,,,cv,0.146,0.479,0.146,0.479,-4.2401,-1.9309,0.6086,none
21.2000,TRACK,352.483,275.110,1,348.261,269.196,346.379,266.273,7.267,1,352.000,275.000,1.000,1.000,,,cv,0.186,0.528,0.186,0.528,-4.2340,-1.9133,0.7190,none
21.2333,TRACK,355.661,279.522,1,351.498,273.670,349.735,270.986,7.182,1,355.000,279.000,1.000,1.000,,,cv,0.227,0.580,0.227,0.580,-4.2264,-1.8940,0.7104,none
21.2667,TRACK,358.769,283.942,1,354.682,278.025,353.011,275.520,7.192,1,358.000,283.000,1.000,1.000,,,cv,0.269,0.634,0.269,0.634,-4.2175,-1.8729,0.7093,none
21.3000,TRACK,361.803,288.348,1,358.164,282.633,356.232,279.930,6.775,1,362.000,288.000,1.000,1.000,,,cv,0.338,0.716,0.338,0.716,-4.2062,-1.8490,0.2915,none
21.3333,TRACK,364.613,292.580,1,361.178,287.077,359.757,284.599,6.486,1,364.000,292.000,1.000,1.000,,,cv,0.351,0.769,0.351,0.769,-4.1945,-1.8234,0.6907,none
21.3667,TRACK,367.500,296.783,1,364.208,291.745,362.802,289.098,6.019,1,367.000,297.000,1.000,1.000,,,cv,0.396,0.850,0.396,0.850,-4.1813,-1.7951,0.7643,none
21.4000,TRACK,370.292,300.796,1,367.249,295.892,365.864,293.824,5.771,1,370.000,300.000,1.000,1.000,,,cv,0.441,0.876,0.441,0.876,-4.1666,-1.7659,0.5761,none
21.4333,TRACK,372.986,304.902,1,370.297,300.356,368.936,298.018,5.282,1,373.000,305.000,1.000,1.000,,,cv,0.486,0.961,0.486,0.961,-4.1504,-1.7338,0.5081,none
21.4667,TRACK,375.582,308.775,1,373.014,304.365,372.014,302.534,5.104,1,375.000,308.000,1.000,1.000,,,cv,0.504,0.990,0.504,0.990,-4.1336,-1.7008,0.4712,none
21.5000,TRACK,378.218,312.704,1,375.505,308.397,374.753,306.583,5.090,1,377.000,312.000,1.000,1.000,,,cv,0.527,1.050,0.527,1.050,-4.1160,-1.6658,0.7604,none
21.5333,TRACK,380.873,316.507,1,378.513,312.445,377.261,310.656,4.698,1,381.000,316.000,1.000,1.000,,,cv,0.605,1.111,0.605,1.111,-4.0958,-1.6288,3.1604,none
21.5667,TRACK,383.247,320.173,1,380.867,316.504,380.297,314.744,4.373,1,382.000,320.000,1.000,1.000,,,cv,0.598,1.171,0.598,1.171,-4.0759,-1.5897,0.7575,none
21.6000,TRACK,385.794,323.688,1,383.446,320.234,382.664,318.842,4.176,1,385.000,323.000,1.000,1.000,,,cv,0.651,1.205,0.651,1.205,-4.0542,-1.5496,0.5417,none
21.6333,TRACK,388.188,327.183,1,386.178,324.075,385.260,322.603,3.701,1,388.000,327.000,1.000,1.000,,,cv,0.702,1.270,0.702,1.270,-4.0308,-1.5072,0.5765,none
21.6667,TRACK,390.439,330.480,1,388.678,327.657,388.012,326.477,3.328,1,390.000,330.000,1.000,1.000,,,cv,0.725,1.307,0.725,1.307,-4.0066,-1.4637,0.6130,none
21.7000,TRACK,392.698,333.716,1,391.020,331.061,390.526,330.084,3.141,1,392.000,333.000,1.000,1.000,,,cv,0.751,1.346,0.751,1.346,-3.9816,-1.4188,0.5605,none
21.7333,TRACK,394.947,336.859,1,393.255,334.344,392.880,333.510,3.031,1,394.000,336.000,1.000,1.000,,,cv,0.778,1.389,0.778,1.389,-3.9557,-1.3725,0.9044,none
21.7667,TRACK,397.174,339.885,1,395.752,337.879,395.123,336.811,2.458,1,397.000,340.000,1.000,1.000,,,cv,0.833,1.459,0.833,1.459,-3.9279,-1.3239,0.6872,none
21.8000,TRACK,399.227,342.629,1,397.757,340.916,397.634,340.371,2.258,1,398.000,342.000,1.000,1.000,,,cv,0.833,1.473,0.833,1.473,-3.9001,-1.2748,0.6586,none
21.8333,TRACK,401.404,345.378,1,400.096,343.949,399.641,343.420,1.937,1,401.000,345.000,1.000,1.000,,,cv,0.891,1.520,0.891,1.520,-3.8704,-1.2241,0.5117,none
21.8667,TRACK,403.388,347.944,1,402.329,346.979,401.992,346.464,1.432,1,403.000,348.000,1.000,1.000,,,cv,0.919,1.567,0.919,1.567,-3.8398,-1.1719,1.0363,none
21.9000,TRACK,405.338,350.311,1,404.154,349.336,404.232,349.505,1.534,1,404.000,349.000,1.000,1.000,,,cv,0.922,1.561,0.922,1.561,-3.8091,-1.1198,0.8440,none
21.9333,TRACK,407.388,352.749,1,406.037,351.906,406.055,351.859,1.592,1,406.000,352.000,1.000,1.000,,,cv,0.956,1.616,0.956,1.616,-3.7772,-1.0660,0.7574,none
21.9667,TRACK,409.367,354.917,1,408.293,354.621,407.937,354.430,1.114,1,409.000,355.000,1.000,1.000,,,cv,1.016,1.669,1.016,1.669,-3.7433,-1.0103,0.7561,none
22.0000,TRACK,411.135,356.815,1,410.469,357.099,410.201,357.149,0.724,1,411.000,357.000,1.000,1.000,,,cv,1.045,1.694,1.045,1.694,-3.7085,-0.9539,0.2831,none
22.0333,TRACK,412.852,358.578,1,412.255,359.082,412.383,359.627,0.782,1,412.000,358.000,1.000,1.000,,,cv,1.049,1.695,1.049,1.695,-3.6735,-0.8974,0.8844,none
22.0667,TRACK,414.654,360.319,1,414.111,361.062,414.166,361.597,0.921,1,414.000,360.000,1.000,1.000,,,cv,1.084,1.728,1.084,1.728,-3.6374,-0.8398,1.0816,none
22.1000,TRACK,416.371,361.850,1,416.014,362.706,416.021,363.565,0.927,1,416.000,361.000,1.000,1.000,,,cv,1.119,1.735,1.119,1.735,-3.6001,-0.7820,0.7854,none
22.1333,TRACK,418.005,363.300,1,417.614,364.457,417.924,365.190,1.221,1,417.000,363.000,1.000,1.000,,,cv,1.126,1.772,1.126,1.772,-3.5626,-0.7229,0.7427,none
22.1667,TRACK,419.698,364.490,1,419.344,365.945,419.518,366.924,1.497,1,419.000,364.000,1.000,1.000,,,cv,1.163,1.782,1.163,1.782,-3.5238,-0.6635,0.7590,none
22.2000,TRACK,421.285,365.555,1,421.162,367.255,421.244,368.391,1.704,1,421.000,365.000,1.000,1.000,,,cv,1.199,1.795,1.199,1.795,-3.4838,-0.6036,0.5172,none
22.2333,TRACK,422.772,366.465,1,422.705,368.445,423.059,369.676,1.981,1,422.000,366.000,1.000,1.000,,,cv,1.208,1.810,1.208,1.810,-3.4436,-0.5433,0.7274,none
22.2667,TRACK,424.304,367.194,1,424.395,369.553,424.594,370.838,2.361,1,424.000,367.000,1.000,1.000,,,cv,1.246,1.827,1.246,1.827,-3.4020,-0.4824,0.3259,none
22.3000,TRACK,425.718,367.721,1,425.852,370.271,426.280,371.918,2.554,1,425.000,367.000,1.000,1.000,,,cv,1.256,1.818,1.256,1.818,-3.3601,-0.4218,0.4746,none
22.3333,TRACK,427.162,368.168,1,427.484,370.724,427.727,372.599,2.576,1,427.000,367.000,1.000,1.000,,,cv,1.296,1.814,1.296,1.814,-3.3170,-0.3613,0.7831,none
22.3667,TRACK,428.476,368.499,1,428.900,371.332,429.354,373.010,2.865,1,428.000,368.000,1.000,1.000,,,cv,1.307,1.839,1.307,1.839,-3.2734,-0.3000,0.8167,none
22.4000,TRACK,429.811,368.541,1,430.506,371.712,430.761,373.582,3.247,1,430.000,368.000,1.000,1.000,,,cv,1.347,1.836,1.347,1.836,-3.2285,-0.2388,0.7449,none
22.4333,TRACK,431.007,368.433,1,431.905,371.937,432.360,373.920,3.617,1,431.000,368.000,1.000,1.000,,,cv,1.359,1.836,1.359,1.836,-3.1832,-0.1776,0.7333,none
22.4667,TRACK,432.216,368.148,1,432.828,371.723,433.749,374.101,3.627,1,431.000,367.000,1.000,1.000,,,cv,1.346,1.811,1.346,1.811,-3.1383,-0.1173,0.2967,none
22.5000,TRACK,433.564,367.805,1,434.099,371.880,434.652,373.833,4.110,1,433.000,368.000,1.000,1.000,,,cv,1.392,1.844,1.392,1.844,-3.0919,-0.0558,0.2777,none
22.5333,TRACK,434.732,367.082,1,435.606,371.620,435.911,373.947,4.622,1,435.000,367.000,1.000,1.000,,,cv,1.434,1.820,1.434,1.820,-3.0441,0.0049,0.5374,none
22.5667,TRACK,435.742,366.272,1,436.603,371.079,437.410,373.636,4.883,1,435.000,366.000,1.000,1.000,,,cv,1.421,1.801,1.421,1.801,-2.9968,0.0649,0.4313,none
22.6000,TRACK,436.886,365.338,1,437.590,370.346,438.390,373.037,5.056,1,436.000,365.000,1.000,1.000,,,cv,1.440,1.785,1.440,1.785,-2.9488,0.1244,0.7578,none
22.6333,TRACK,437.989,364.252,1,438.904,369.483,439.359,372.245,5.311,1,438.000,364.000,1.000,1.000,,,cv,1.486,1.772,1.486,1.772,-2.8992,0.1835,0.7800,none
22.6667,TRACK,438.904,362.990,1,440.106,368.534,440.663,371.321,5.673,1,439.000,363.000,1.000,1.000,,,cv,1.501,1.760,1.501,1.760,-2.8492,0.2422,0.7570,none
22.7000,TRACK,439.792,361.534,1,440.897,367.192,441.852,370.310,5.765,1,439.000,361.000,1.000,1.000,,,cv,1.491,1.722,1.491,1.722,-2.7995,0.2996,0.4806,none
22.7333,TRACK,440.782,360.009,1,441.744,365.583,442.622,368.898,5.657,1,440.000,359.000,1.000,1.000,,,cv,1.513,1.689,1.513,1.689,-2.7491,0.3559,0.7326,none
22.7667,TRACK,441.706,358.381,1,442.629,364.129,443.450,367.216,5.822,1,441.000,358.000,1.000,1.000,,,cv,1.534,1.686,1.534,1.686,-2.6979,0.4121,1.0446,none
22.8000,TRACK,442.562,356.483,1,443.541,362.447,444.317,365.693,6.043,1,442.000,356.000,1.000,1.000,,,cv,1.555,1.654,1.555,1.654,-2.6461,0.4672,0.8310,none
22.8333,TRACK,443.351,354.457,1,444.136,360.610,445.211,363.939,6.203,1,442.000,354.000,1.000,1.000,,,cv,1.548,1.625,1.548,1.625,-2.5945,0.5213,0.3233,none
22.8667,TRACK,444.211,352.279,1,445.185,358.670,445.782,362.028,6.464,1,444.000,352.000,1.000,1.000,,,cv,1.599,1.597,1.599,1.597,-2.5412,0.5746,0.7735,none
22.9000,TRACK,444.838,349.932,1,446.210,356.325,446.819,360.013,6.538,1,445.000,349.000,1.000,1.000,,,cv,1.618,1.545,1.618,1.545,-2.4873,0.6261,0.7658,none
22.9333,TRACK,445.396,347.544,1,446.882,354.040,447.829,357.586,6.664,1,445.000,347.000,1.000,1.000,,,cv,1.611,1.523,1.611,1.523,-2.4336,0.6769,0.7242,none
22.9667,TRACK,446.024,344.939,1,447.315,351.799,448.480,355.223,6.980,1,445.000,345.000,1.000,1.000,,,cv,1.608,1.501,1.608,1.501,-2.3800,0.7269,0.7198,none
23.0000,TRACK,446.696,342.115,1,447.920,349.253,448.887,352.905,7.242,1,446.000,342.000,1.000,1.000,,,cv,1.634,1.452,1.634,1.452,-2.3255,0.7753,1.1305,none
23.0333,TRACK,447.252,339.210,1,448.644,346.501,449.471,350.278,7.423,1,447.000,339.000,1.000,1.000,,,cv,1.659,1.406,1.659,1.406,-2.2702,0.8222,1.1197,none
23.0667,TRACK,447.700,336.198,1,449.113,343.275,450.177,347.442,7.217,1,447.000,335.000,1.000,1.000,,,cv,1.655,1.336,1.655,1.336,-2.2150,0.8667,0.7698,none
23.1000,TRACK,448.185,333.204,1,449.409,340.063,450.622,344.124,6.968,1,447.000,332.000,1.000,1.000,,,cv,1.654,1.298,1.654,1.298,-2.1599,0.9100,0.7385,none
23.1333,TRACK,448.688,330.050,1,450.258,336.862,450.891,340.822,6.991,1,449.000,329.000,1.000,1.000,,,cv,1.709,1.260,1.709,1.260,-2.1029,0.9519,0.7263,none
23.1667,TRACK,448.912,326.734,1,450.478,334.005,451.726,337.533,7.438,1,448.000,327.000,1.000,1.000,,,cv,1.678,1.248,1.678,1.248,-2.0470,0.9935,0.7477,none
23.2000,TRACK,449.313,323.110,1,450.941,330.713,451.918,334.597,7.776,1,449.000,323.000,1.000,1.000,,,cv,1.707,1.179,1.707,1.179,-1.9901,1.0328,0.3404,none
23.2333,TRACK,449.565,319.479,1,451.234,327.127,452.360,331.219,7.827,1,449.000,319.000,1.000,1.000,,,cv,1.707,1.115,1.707,1.115,-1.9332,1.0700,0.5396,none
23.2667,TRACK,449.822,315.812,1,451.413,323.676,452.628,327.541,8.023,1,449.000,316.000,1.000,1.000,,,cv,1.708,1.080,1.708,1.080,-1.8763,1.1060,0.3930,none
23.3000,TRACK,450.071,311.945,1,451.514,319.649,452.780,324.004,7.838,1,449.000,311.000,1.000,1.000,,,cv,1.712,0.991,1.712,0.991,-1.8192,1.1390,0.8874,none
23.3333,TRACK,450.299,308.170,1,451.897,315.902,452.852,319.881,7.896,1,450.000,308.000,1.000,1.000,,,cv,1.742,0.962,1.742,0.962,-1.7611,1.1711,0.7993,none
23.3667,TRACK,450.359,304.164,1,452.138,312.011,453.214,316.045,8.046,1,450.000,304.000,1.000,1.000,,,cv,1.743,0.903,1.743,0.903,-1.7030,1.2012,0.7640,none
23.4000,TRACK,450.405,300.087,1,451.947,308.024,453.431,312.065,8.086,1,449.000,300.000,1.000,1.000,,,cv,1.719,0.845,1.719,0.845,-1.6457,1.2294,0.7532,none
23.4333,TRACK,450.568,295.928,1,452.133,303.638,453.207,307.988,7.867,1,450.000,295.000,1.000,1.000,,,cv,1.753,0.762,1.753,0.762,-1.5873,1.2548,1.2194,none
23.4667,TRACK,450.534,291.825,1,452.241,299.317,453.370,303.505,7.685,1,450.000,291.000,1.000,1.000,,,cv,1.756,0.710,1.756,0.710,-1.5287,1.2785,0.6283,none
23.5000,TRACK,450.465,287.610,1,452.296,295.042,453.452,299.091,7.654,1,450.000,287.000,1.000,1.000,,,cv,1.761,0.657,1.761,0.657,-1.4701,1.3004,0.7696,none
23.5333,TRACK,450.353,283.290,1,452.316,290.799,453.482,294.726,7.761,1,450.000,283.000,1.000,1.000,,,cv,1.765,0.604,1.765,0.604,-1.4112,1.3205,0.7964,none
23.5667,TRACK,450.191,278.868,1,452.312,286.579,453.475,290.395,7.997,1,450.000,279.000,1.000,1.000,,,cv,1.771,0.550,1.771,0.550,-1.3522,1.3388,0.9216,none
23.6000,TRACK,449.975,274.349,1,451.957,282.042,453.445,286.091,7.944,1,449.000,274.000,1.000,1.000,,,cv,1.750,0.469,1.750,0.469,-1.2939,1.3545,1.0893,none
23.6333,TRACK,449.840,269.879,1,451.698,277.289,453.057,281.463,7.640,1,449.000,269.000,1.000,1.000,,,cv,1.759,0.391,1.759,0.391,-1.2352,1.3675,0.7929,none
23.6667,TRACK,449.622,265.442,1,451.507,272.727,452.769,276.618,7.526,1,449.000,265.000,1.000,1.000,,,cv,1.768,0.343,1.768,0.343,-1.1763,1.3789,0.7602,none
23.7000,TRACK,449.322,260.885,1,451.361,267.961,452.549,271.970,7.364,1,449.000,260.000,1.000,1.000,,,cv,1.776,0.265,1.776,0.265,-1.1171,1.3877,0.7908,none
23.7333,TRACK,448.942,256.367,1,451.246,263.392,452.377,267.115,7.393,1,449.000,256.000,1.000,1.000,,,cv,1.783,0.216,1.783,0.216,-1.0577,1.3950,0.8673,none
23.7667,TRACK,448.481,251.739,1,450.818,258.624,452.237,262.463,7.271,1,448.000,251.000,1.000,1.000,,,cv,1.763,0.139,1.763,0.139,-0.9989,1.3996,0.7266,none
23.8000,TRACK,448.080,247.159,1,450.512,254.056,451.777,257.609,7.314,1,448.000,247.000,1.000,1.000,,,cv,1.774,0.090,1.774,0.090,-0.9398,1.4026,0.7109,none
23.8333,TRACK,447.575,242.479,1,449.955,249.291,451.443,252.963,7.216,1,447.000,242.000,1.000,1.000,,,cv,1.757,0.012,1.757,0.012,-0.8812,1.4030,0.7271,none
23.8667,TRACK,447.112,237.860,1,449.563,244.728,450.853,248.116,7.293,1,447.000,238.000,1.000,1.000,,,cv,1.769,-0.037,1.769,-0.037,-0.8222,1.4017,1.2567,none
23.9000,TRACK,446.531,233.154,1,448.948,239.969,450.432,243.477,7.231,1,446.000,233.000,1.000,1.000,,,cv,1.752,-0.116,1.752,-0.116,-0.7638,1.3979,0.7466,none
23.9333,TRACK,445.982,228.522,1,448.182,235.077,449.784,238.640,6.914,1,445.000,228.000,1.000,1.000,,,cv,1.739,-0.192,1.739,-0.192,-0.7059,1.3915,1.1631,none
23.9667,TRACK,445.446,223.961,1,447.649,230.096,448.983,233.669,6.518,1,445.000,223.000,1.000,1.000,,,cv,1.753,-0.267,1.753,-0.267,-0.6474,1.3826,0.7275,none
24.0000,TRACK,444.771,219.470,1,447.275,225.391,448.420,228.609,6.429,1,445.000,219.000,1.000,1.000,,,cv,1.765,-0.314,1.765,-0.314,-0.5886,1.3721,0.7582,none
24.0333,TRACK,443.968,214.910,1,446.339,220.539,448.021,223.832,6.109,1,443.000,214.000,1.000,1.000,,,cv,1.722,-0.391,1.722,-0.391,-0.5312,1.3591,0.7477,none
24.0667,TRACK,443.328,210.449,1,445.692,215.924,447.048,218.907,5.964,1,443.000,210.000,1.000,1.000,,,cv,1.739,-0.441,1.739,-0.441,-0.4732,1.3444,0.7330,none
24.1000,TRACK,442.529,205.945,1,444.907,211.471,446.370,214.226,6.016,1,442.000,206.000,1.000,1.000,,,cv,1.725,-0.493,1.725,-0.493,-0.4157,1.3279,0.5645,none
24.1333,TRACK,441.728,201.424,1,444.363,206.794,445.552,209.712,5.982,1,442.000,201.000,1.000,1.000,,,cv,1.740,-0.573,1.740,-0.573,-0.3577,1.3088,0.6890,none
24.1667,TRACK,440.772,197.046,1,443.313,202.301,444.982,204.970,5.837,1,440.000,197.000,1.000,1.000,,,cv,1.699,-0.625,1.699,-0.625,-0.3011,1.2880,0.7835,none
24.2000,TRACK,439.958,192.667,1,442.256,197.598,443.896,200.417,5.440,1,439.000,192.000,1.000,1.000,,,cv,1.690,-0.706,1.690,-0.706,-0.2447,1.2645,0.7655,none
24.2333,TRACK,439.109,188.451,1,441.194,193.089,442.802,195.652,5.085,1,438.000,188.000,1.000,1.000,,,cv,1.682,-0.758,1.682,-0.758,-0.1887,1.2392,0.8534,none
24.2667,TRACK,438.223,184.254,1,440.463,188.713,441.704,191.086,4.990,1,438.000,184.000,1.000,1.000,,,cv,1.700,-0.812,1.700,-0.812,-0.1320,1.2122,0.7585,none
24.3000,TRACK,437.154,180.100,1,439.624,184.427,440.946,186.657,4.983,1,437.000,180.000,1.000,1.000,,,cv,1.687,-0.868,1.687,-0.868,-0.0758,1.1832,0.9017,none
24.3333,TRACK,436.062,176.008,1,438.377,180.205,440.077,182.322,4.792,1,435.000,176.000,1.000,1.000,,,cv,1.649,-0.925,1.649,-0.925,-0.0208,1.1524,1.1500,none
24.3667,TRACK,435.081,171.997,1,437.187,176.025,438.792,178.052,4.545,1,434.000,172.000,1.000,1.000,,,cv,1.643,-0.983,1.643,-0.983,0.0340,1.1197,0.8346,none
24.4000,TRACK,434.040,168.083,1,436.372,171.876,437.567,173.827,4.452,1,434.000,168.000,1.000,1.000,,,cv,1.662,-1.041,1.662,-1.041,0.0894,1.0850,0.7656,none
24.4333,TRACK,432.799,164.282,1,435.478,167.413,436.725,169.635,4.120,1,433.000,163.000,1.000,1.000,,,cv,1.651,-1.127,1.651,-1.127,0.1444,1.0474,0.7293,none
24.4667,TRACK,431.521,160.750,1,434.194,163.407,435.803,165.122,3.770,1,431.000,160.000,1.000,1.000,,,cv,1.614,-1.156,1.614,-1.156,0.1982,1.0089,0.7276,none
24.5000,TRACK,430.339,157.196,1,432.982,159.712,434.484,161.078,3.649,1,430.000,157.000,1.000,1.000,,,cv,1.608,-1.191,1.608,-1.191,0.2518,0.9692,0.7215,none
24.5333,TRACK,429.086,153.664,1,431.819,155.895,433.238,157.353,3.528,1,429.000,153.000,1.000,1.000,,,cv,1.601,-1.255,1.601,-1.255,0.3051,0.9273,0.5893,none
24.5667,TRACK,427.765,150.328,1,430.354,152.330,432.043,153.504,3.274,1,427.000,150.000,1.000,1.000,,,cv,1.566,-1.292,1.566,-1.292,0.3574,0.8842,0.7739,none
24.6000,TRACK,426.517,147.052,1,429.020,148.937,430.541,149.913,3.135,1,426.000,147.000,1.000,1.000,,,cv,1.562,-1.333,1.562,-1.333,0.4094,0.8398,0.7399,none
24.6333,TRACK,425.180,143.865,1,427.441,145.662,429.174,146.498,2.888,1,424.000,144.000,1.000,1.000,,,cv,1.530,-1.375,1.530,-1.375,0.4604,0.7940,0.7372,none
24.6667,TRACK,423.902,140.793,1,426.030,142.131,427.556,143.204,2.514,1,423.000,140.000,1.000,1.000,,,cv,1.527,-1.445,1.527,-1.445,0.5114,0.7458,0.7447,none
24.7000,TRACK,422.523,137.999,1,424.734,139.097,426.111,139.649,2.468,1,422.000,138.000,1.000,1.000,,,cv,1.523,-1.460,1.523,-1.460,0.5621,0.6972,0.8289,none
24.7333,TRACK,421.053,135.198,1,423.182,135.731,424.784,136.603,2.195,1,420.000,134.000,1.000,1.000,,,cv,1.490,-1.533,1.490,-1.533,0.6118,0.6461,0.7140,none
24.7667,TRACK,419.638,132.718,1,421.791,133.145,423.197,133.218,2.195,1,419.000,133.000,1.000,1.000,,,cv,1.486,-1.523,1.486,-1.523,0.6613,0.5953,0.7526,none
24.8000,TRACK,418.119,130.129,1,420.175,130.419,421.774,130.630,2.077,1,417.000,130.000,1.000,1.000,,,cv,1.455,-1.575,1.455,-1.575,0.7098,0.5428,0.8162,none
24.8333,TRACK,416.645,127.777,1,418.742,127.598,420.123,127.899,2.105,1,416.000,127.000,1.000,1.000,,,cv,1.452,-1.626,1.452,-1.626,0.7582,0.4886,0.7864,none
24.8667,TRACK,415.059,125.667,1,417.434,125.048,418.659,125.072,2.454,1,415.000,125.000,1.000,1.000,,,cv,1.447,-1.650,1.447,-1.650,0.8065,0.4336,0.7333,none
24.9000,TRACK,413.371,123.667,1,415.876,123.016,417.324,122.521,2.588,1,413.000,124.000,1.000,1.000,,,cv,1.415,-1.650,1.415,-1.650,0.8536,0.3786,0.7858,none
24.9333,TRACK,411.727,121.667,1,414.148,120.668,415.733,120.500,2.619,1,411.000,121.000,1.000,1.000,,,cv,1.385,-1.709,1.385,-1.709,0.8998,0.3216,0.7747,none
24.9667,TRACK,410.112,119.996,1,412.641,118.773,413.971,118.156,2.809,1,410.000,120.000,1.000,1.000,,,cv,1.383,-1.711,1.383,-1.711,0.9459,0.2646,0.8449,none
25.0000,TRACK,408.371,118.367,1,410.949,116.853,412.434,116.275,2.990,1,408.000,118.000,1.000,1.000,,,cv,1.353,-1.746,1.353,-1.746,0.9910,0.2064,0.6600,none
