t,state,gt_x,gt_y,gt_visible,est_x,est_y,pred_x,pred_y,err_px,det_found,det_x,det_y,det_conf,cv_conf,ai_conf,track_p,chosen_by,cmd_pan,cmd_tilt,act_pan,act_tilt,az_deg,el_deg,proc_ms,ai_runtime
0.0333,CANDIDATE,152.197,609.452,1,257.500,268.500,,,356.843,1,257.500,268.500,1.000,1.000,0.953,0.745,cv-only,-0.863,0.393,-0.863,0.393,-0.0288,0.0131,28.0766,onnxruntime-web 1.30.0 (wasm, 1 thread)
0.0667,ACQUIRE,166.154,599.038,1,260.182,267.427,257.500,268.500,344.684,1,262.500,266.500,1.000,1.000,0.953,0.745,cv-only,-0.826,0.379,-0.826,0.379,-0.0563,0.0257,15.6554,onnxruntime-web 1.30.0 (wasm, 1 thread)
0.1000,TRACK,179.908,588.461,1,262.793,266.218,260.198,267.421,332.731,1,266.500,264.500,1.000,1.000,0.953,0.745,cv-only,-0.621,0.284,-0.621,0.284,-0.0770,0.0352,21.3985,onnxruntime-web 1.30.0 (wasm, 1 thread)
0.1333,TRACK,192.563,578.156,1,265.291,264.837,262.847,266.194,321.649,1,269.500,262.500,1.000,1.000,0.953,0.718,cv-only,-0.597,0.255,-0.597,0.255,-0.0969,0.0437,14.2653,onnxruntime-web 1.30.0 (wasm, 1 thread)
0.1667,TRACK,205.078,567.787,1,268.243,263.630,265.400,264.783,310.646,1,273.500,261.500,1.000,1.000,0.953,0.695,cv-only,-0.530,0.251,-0.530,0.251,-0.1145,0.0521,14.8691,onnxruntime-web 1.30.0 (wasm, 1 thread)
0.2000,TRACK,217.216,557.229,1,270.874,262.492,268.432,263.543,299.582,1,275.500,260.500,1.000,1.000,0.953,0.684,cv-only,-0.517,0.241,-0.517,0.241,-0.1318,0.0601,16.1393,onnxruntime-web 1.30.0 (wasm, 1 thread)
0.2333,TRACK,229.270,546.529,1,273.672,261.040,271.141,262.371,288.921,1,278.500,258.500,1.000,1.000,0.953,0.673,cv-only,-0.470,0.202,-0.470,0.202,-0.1474,0.0668,16.0641,onnxruntime-web 1.30.0 (wasm, 1 thread)
0.2667,TRACK,241.051,535.855,1,276.596,259.714,274.025,260.874,278.419,1,281.500,257.500,1.000,1.000,0.953,0.629,cv-only,-0.424,0.193,-0.424,0.193,-0.1616,0.0732,7.7575,onnxruntime-web 1.30.0 (wasm, 1 thread)
0.3000,TRACK,252.562,525.056,1,279.262,258.472,277.039,259.507,267.917,1,283.500,256.500,1.000,1.000,0.953,0.585,cv-only,-0.406,0.182,-0.406,0.182,-0.1751,0.0793,4.0865,onnxruntime-web 1.30.0 (wasm, 1 thread)
0.3333,TRACK,263.951,514.154,1,281.752,257.289,279.785,258.229,257.481,1,285.500,255.500,1.000,1.000,0.953,0.537,cv-only,-0.385,0.171,-0.385,0.171,-0.1880,0.0850,3.8151,onnxruntime-web 1.30.0 (wasm, 1 thread)
0.3667,TRACK,275.200,503.168,1,284.120,256.148,282.345,257.013,247.181,1,287.500,254.500,1.000,1.000,0.953,0.490,cv-only,-0.363,0.158,-0.363,0.158,-0.2001,0.0903,6.5091,onnxruntime-web 1.30.0 (wasm, 1 thread)
0.4000,TRACK,286.296,492.113,1,286.401,255.379,284.775,255.840,236.734,1,289.500,254.500,1.000,1.000,0.953,0.421,cv-only,-0.339,0.173,-0.339,0.173,-0.2114,0.0960,4.1154,onnxruntime-web 1.30.0 (wasm, 1 thread)
0.4333,TRACK,297.227,480.860,1,288.621,254.521,287.112,255.056,226.503,1,291.500,253.500,1.000,1.000,0.953,0.366,cv-only,-0.314,0.156,-0.314,0.156,-0.2218,0.1013,3.6695,onnxruntime-web 1.30.0 (wasm, 1 thread)
0.4667,TRACK,307.986,469.590,1,290.455,253.602,289.385,254.179,216.698,1,292.500,252.500,1.000,1.000,0.985,0.329,cv-only,-0.316,0.140,-0.316,0.140,-0.2323,0.1059,5.9516,onnxruntime-web 1.30.0 (wasm, 1 thread)
0.5000,TRACK,318.713,458.312,1,292.368,252.643,291.255,253.241,207.349,1,294.500,251.500,1.000,1.000,0.986,0.292,cv-only,-0.286,0.125,-0.286,0.125,-0.2419,0.1101,4.0277,onnxruntime-web 1.30.0 (wasm, 1 thread)
0.5333,TRACK,329.234,447.035,1,294.335,251.658,293.205,252.262,198.469,1,296.500,250.500,0.994,1.000,0.985,0.256,cv-only,-0.256,0.110,-0.256,0.110,-0.2504,0.1138,3.7742,onnxruntime-web 1.30.0 (wasm, 1 thread)
0.5667,TRACK,339.552,435.771,1,295.993,250.998,295.208,251.257,189.838,1,297.500,250.500,0.982,1.000,0.985,0.223,cv-only,-0.255,0.123,-0.255,0.123,-0.2589,0.1179,6.4331,onnxruntime-web 1.30.0 (wasm, 1 thread)
0.6000,TRACK,349.811,424.386,1,297.442,250.216,296.892,250.589,181.873,1,298.500,249.500,0.969,1.000,0.985,0.193,cv-only,-0.250,0.105,-0.250,0.105,-0.2672,0.1214,4.3179,onnxruntime-web 1.30.0 (wasm, 1 thread)
0.6333,TRACK,359.991,413.060,1,299.090,249.695,298.358,249.796,174.348,1,300.500,249.500,0.956,1.000,0.985,0.166,cv-only,-0.215,0.116,-0.215,0.116,-0.2744,0.1253,3.9406,onnxruntime-web 1.30.0 (wasm, 1 thread)
0.6667,TRACK,369.929,401.655,1,300.531,249.008,300.029,249.271,167.683,1,301.500,248.500,0.951,1.000,0.985,0.153,cv-only,-0.210,0.096,-0.210,0.096,-0.2814,0.1284,5.0943,onnxruntime-web 1.30.0 (wasm, 1 thread)
0.7000,TRACK,379.780,390.346,1,301.831,248.209,301.485,248.575,162.108,1,302.500,247.500,0.954,1.000,0.985,0.158,cv-only,-0.203,0.078,-0.203,0.078,-0.2882,0.1310,3.7727,onnxruntime-web 1.30.0 (wasm, 1 thread)
0.7333,TRACK,389.528,379.136,1,303.036,247.675,302.796,247.766,157.362,1,303.500,247.500,0.955,1.000,0.985,0.159,cv-only,-0.193,0.088,-0.193,0.088,-0.2946,0.1340,6.2887,onnxruntime-web 1.30.0 (wasm, 1 thread)
0.7667,TRACK,399.160,367.888,1,304.175,247.321,304.007,247.229,153.488,1,304.500,247.500,0.955,1.000,0.985,0.159,cv-only,-0.183,0.096,-0.183,0.096,-0.3007,0.1372,5.7024,onnxruntime-web 1.30.0 (wasm, 1 thread)
0.8000,TRACK,408.669,356.633,1,305.270,246.750,305.152,246.878,150.883,1,305.500,246.500,0.956,1.000,0.985,0.159,cv-only,-0.171,0.074,-0.171,0.074,-0.3064,0.1396,4.9025,onnxruntime-web 1.30.0 (wasm, 1 thread)
0.8333,TRACK,418.046,345.540,1,306.335,246.370,306.250,246.303,149.379,1,306.500,246.500,0.956,1.000,0.985,0.159,cv-only,-0.159,0.081,-0.159,0.081,-0.3117,0.1423,4.7488,onnxruntime-web 1.30.0 (wasm, 1 thread)
0.8667,TRACK,427.287,334.465,1,307.380,245.781,307.318,245.925,149.140,1,307.500,245.500,0.956,1.000,0.985,0.159,cv-only,-0.147,0.060,-0.147,0.060,-0.3166,0.1443,3.6660,onnxruntime-web 1.30.0 (wasm, 1 thread)
0.9000,ACQUIRE,436.385,323.579,1,436.000,323.000,308.364,245.332,0.695,1,436.000,323.000,1.000,1.000,0.985,0.985,track-verified,1.601,1.146,1.186,1.146,-0.2771,0.1825,6.9287,onnxruntime-web 1.30.0 (wasm, 1 thread)
0.9333,ACQUIRE,438.293,306.990,1,436.536,314.418,436.000,323.000,7.633,1,437.000,307.000,1.000,1.000,0.985,0.988,track-verified,1.650,0.468,1.650,0.468,-0.2221,0.1981,4.6015,onnxruntime-web 1.30.0 (wasm, 1 thread)
0.9667,TRACK,437.650,294.114,1,437.141,305.570,436.540,314.366,11.467,1,438.000,293.000,1.000,1.000,0.985,0.990,track-verified,1.669,0.333,1.669,0.333,-0.1665,0.2092,3.9756,onnxruntime-web 1.30.0 (wasm, 1 thread)
1.0000,TRACK,436.822,282.076,1,437.097,296.796,437.153,305.390,14.723,1,437.000,282.000,1.000,1.000,0.986,0.991,track-verified,1.631,0.220,1.631,0.220,-0.1121,0.2165,5.8858,onnxruntime-web 1.30.0 (wasm, 1 thread)
1.0333,TRACK,436.105,270.767,1,436.719,287.148,437.107,296.423,16.393,1,436.000,270.000,1.000,1.000,0.985,0.993,track-verified,1.610,0.032,1.610,0.032,-0.0584,0.2176,4.2239,onnxruntime-web 1.30.0 (wasm, 1 thread)
1.0667,TRACK,435.411,260.599,1,436.125,277.354,436.718,286.513,16.771,1,435.000,260.000,1.000,1.000,0.984,0.994,track-verified,1.594,-0.110,1.594,-0.110,-0.0053,0.2139,3.9257,onnxruntime-web 1.30.0 (wasm, 1 thread)
1.1000,TRACK,434.712,251.343,1,435.381,267.681,436.106,276.428,16.352,1,434.000,251.000,1.000,1.000,0.985,0.995,track-verified,1.580,-0.234,1.580,-0.234,0.0474,0.2061,6.5827,onnxruntime-web 1.30.0 (wasm, 1 thread)
1.1333,TRACK,433.994,242.914,1,434.534,258.047,435.338,266.457,15.143,1,433.000,242.000,1.000,1.000,0.985,0.995,track-verified,1.568,-0.363,1.568,-0.363,0.0997,0.1941,4.0778,onnxruntime-web 1.30.0 (wasm, 1 thread)
1.1667,TRACK,433.246,235.351,1,433.959,249.119,434.462,256.527,13.787,1,433.000,235.000,1.000,1.000,0.985,0.995,agreement,1.584,-0.439,1.584,-0.439,0.1525,0.1794,4.1150,onnxruntime-web 1.30.0 (wasm, 1 thread)
1.2000,TRACK,432.313,228.384,1,433.225,240.679,433.869,247.336,12.330,1,432.000,228.000,1.000,1.000,0.985,0.995,agreement,1.569,-0.523,1.569,-0.523,0.2048,0.1620,7.4368,onnxruntime-web 1.30.0 (wasm, 1 thread)
1.2333,TRACK,431.357,222.068,1,432.385,232.580,433.113,238.659,10.562,1,431.000,221.000,1.000,1.000,0.985,0.995,agreement,1.556,-0.612,1.556,-0.612,0.2566,0.1416,3.7681,onnxruntime-web 1.30.0 (wasm, 1 thread)
1.2667,TRACK,430.364,216.444,1,431.474,225.409,432.247,230.345,9.033,1,430.000,216.000,1.000,1.000,0.985,0.995,agreement,1.545,-0.651,1.545,-0.651,0.3081,0.1199,6.8761,onnxruntime-web 1.30.0 (wasm, 1 thread)
1.3000,TRACK,429.326,211.252,1,430.515,218.875,431.308,223.002,7.716,1,429.000,211.000,1.000,1.000,0.985,0.995,agreement,1.534,-0.700,1.534,-0.700,0.3593,0.0966,5.4457,onnxruntime-web 1.30.0 (wasm, 1 thread)
1.3333,TRACK,428.235,206.559,1,429.524,213.123,430.322,216.327,6.689,1,428.000,207.000,1.000,1.000,0.985,0.995,agreement,1.524,-0.729,1.524,-0.729,0.4101,0.0723,5.8864,onnxruntime-web 1.30.0 (wasm, 1 thread)
1.3667,TRACK,427.086,202.271,1,428.171,207.218,429.305,210.466,5.064,1,426.000,201.000,1.000,1.000,0.985,0.995,agreement,1.488,-0.822,1.488,-0.822,0.4597,0.0449,3.9173,onnxruntime-web 1.30.0 (wasm, 1 thread)
1.4000,TRACK,426.020,198.738,1,426.915,202.241,427.913,204.453,3.616,1,425.000,198.000,1.000,1.000,0.985,0.995,agreement,1.482,-0.831,1.482,-0.831,0.5091,0.0172,3.8299,onnxruntime-web 1.30.0 (wasm, 1 thread)
1.4333,TRACK,424.867,195.524,1,426.068,197.896,426.625,199.405,2.659,1,425.000,195.000,1.000,1.000,0.985,0.995,agreement,1.503,-0.852,1.503,-0.852,0.5592,-0.0112,5.1198,onnxruntime-web 1.30.0 (wasm, 1 thread)
1.4667,TRACK,423.486,192.700,1,424.816,193.982,425.761,195.012,1.848,1,423.000,192.000,1.000,1.000,0.985,0.995,agreement,1.465,-0.880,1.465,-0.880,0.6080,-0.0405,3.7087,onnxruntime-web 1.30.0 (wasm, 1 thread)
1.5000,TRACK,422.189,190.313,1,423.632,190.359,424.479,191.064,1.444,1,422.000,189.000,1.000,1.000,0.985,0.995,agreement,1.458,-0.913,1.458,-0.913,0.6566,-0.0709,3.8312,onnxruntime-web 1.30.0 (wasm, 1 thread)
1.5333,TRACK,420.804,188.402,1,422.153,187.618,423.268,187.420,1.560,1,420.000,188.000,1.000,1.000,0.985,0.994,agreement,1.424,-0.896,1.424,-0.896,0.7041,-0.1008,3.7424,onnxruntime-web 1.30.0 (wasm, 1 thread)
1.5667,TRACK,419.479,186.705,1,420.815,185.133,421.755,184.684,2.064,1,419.000,186.000,1.000,1.000,0.985,0.994,agreement,1.420,-0.916,1.420,-0.916,0.7514,-0.1313,3.9076,onnxruntime-web 1.30.0 (wasm, 1 thread)
1.6000,TRACK,418.048,185.431,1,419.575,183.163,420.389,182.213,2.735,1,418.000,185.000,1.000,1.000,0.985,0.994,agreement,1.414,-0.912,1.414,-0.912,0.7985,-0.1617,3.9329,onnxruntime-web 1.30.0 (wasm, 1 thread)
1.6333,TRACK,416.518,184.461,1,418.061,181.540,419.125,180.271,3.304,1,416.000,184.000,1.000,1.000,0.985,0.994,agreement,1.381,-0.915,1.381,-0.915,0.8446,-0.1922,3.6215,onnxruntime-web 1.30.0 (wasm, 1 thread)
1.6667,TRACK,415.038,183.835,1,416.702,180.493,417.579,178.686,3.734,1,415.000,184.000,1.000,1.000,0.985,0.994,agreement,1.377,-0.894,1.377,-0.894,0.8905,-0.2220,4.5828,onnxruntime-web 1.30.0 (wasm, 1 thread)
1.7000,TRACK,413.444,183.439,1,415.109,179.495,416.195,177.691,4.281,1,413.000,183.000,1.000,1.000,0.985,0.994,agreement,1.345,-0.908,1.345,-0.908,0.9353,-0.2523,4.5986,onnxruntime-web 1.30.0 (wasm, 1 thread)
1.7333,TRACK,411.889,183.460,1,413.358,178.869,414.571,176.745,4.821,1,411.000,183.000,1.000,1.000,0.985,0.994,agreement,1.315,-0.895,1.315,-0.895,0.9792,-0.2821,3.7535,onnxruntime-web 1.30.0 (wasm, 1 thread)
1.7667,TRACK,410.355,183.766,1,411.841,178.493,412.786,176.179,5.478,1,410.000,183.000,1.000,1.000,0.985,0.994,agreement,1.315,-0.887,1.315,-0.887,1.0230,-0.3117,4.4987,onnxruntime-web 1.30.0 (wasm, 1 thread)
1.8000,TRACK,408.689,184.384,1,410.142,178.625,411.241,175.868,5.940,1,408.000,184.000,1.000,1.000,0.985,0.993,agreement,1.284,-0.855,1.284,-0.855,1.0658,-0.3402,3.7813,onnxruntime-web 1.30.0 (wasm, 1 thread)
1.8333,TRACK,407.046,185.195,1,408.322,178.761,409.513,176.076,6.559,1,406.000,184.000,1.000,1.000,0.985,0.993,agreement,1.256,-0.856,1.256,-0.856,1.1076,-0.3687,3.8917,onnxruntime-web 1.30.0 (wasm, 1 thread)
1.8667,TRACK,405.414,186.378,1,406.759,179.576,407.660,176.286,6.934,1,405.000,186.000,1.000,1.000,0.985,0.993,agreement,1.256,-0.804,1.256,-0.804,1.1495,-0.3955,6.3135,onnxruntime-web 1.30.0 (wasm, 1 thread)
1.9000,TRACK,403.640,187.652,1,405.033,180.510,406.073,177.190,7.277,1,403.000,187.000,1.000,1.000,0.985,0.993,agreement,1.226,-0.786,1.226,-0.786,1.1903,-0.4217,6.3037,onnxruntime-web 1.30.0 (wasm, 1 thread)
1.9333,TRACK,401.882,189.207,1,403.534,181.524,404.318,178.213,7.859,1,402.000,188.000,1.000,1.000,0.985,0.993,agreement,1.224,-0.770,1.224,-0.770,1.2312,-0.4474,7.5692,onnxruntime-web 1.30.0 (wasm, 1 thread)
1.9667,TRACK,399.985,191.055,1,401.514,183.266,402.798,179.316,7.938,1,399.000,191.000,1.000,1.000,0.985,0.992,agreement,1.167,-0.701,1.167,-0.701,1.2700,-0.4708,3.8610,onnxruntime-web 1.30.0 (wasm, 1 thread)
2.0000,TRACK,398.249,192.918,1,399.817,184.825,400.745,181.162,8.243,1,398.000,192.000,1.000,1.000,0.985,0.992,agreement,1.169,-0.695,1.169,-0.695,1.3090,-0.4939,3.6943,onnxruntime-web 1.30.0 (wasm, 1 thread)
2.0333,TRACK,396.354,195.130,1,398.002,186.932,399.023,182.817,8.361,1,396.000,195.000,1.000,1.000,0.985,0.992,agreement,1.140,-0.633,1.140,-0.633,1.3470,-0.5150,3.7619,onnxruntime-web 1.30.0 (wasm, 1 thread)
2.0667,TRACK,394.461,197.396,1,395.770,188.735,397.181,185.032,8.759,1,393.000,196.000,1.000,1.000,0.985,0.992,agreement,1.086,-0.630,1.086,-0.630,1.3832,-0.5360,3.8351,onnxruntime-web 1.30.0 (wasm, 1 thread)
2.1000,TRACK,392.706,200.037,1,394.267,191.341,394.913,186.930,8.835,1,393.000,200.000,1.000,1.000,0.985,0.991,agreement,1.117,-0.544,1.117,-0.544,1.4204,-0.5542,3.1903,onnxruntime-web 1.30.0 (wasm, 1 thread)
2.1333,TRACK,390.632,202.609,1,392.249,193.816,393.394,189.650,8.940,1,390.000,202.000,1.000,1.000,0.985,0.991,agreement,1.059,-0.521,1.059,-0.521,1.4557,-0.5716,3.5317,onnxruntime-web 1.30.0 (wasm, 1 thread)
2.1667,TRACK,388.713,205.446,1,390.217,196.200,391.346,192.231,9.368,1,388.000,204.000,1.000,1.000,0.985,0.991,agreement,1.034,-0.497,1.034,-0.497,1.4902,-0.5881,3.5711,onnxruntime-web 1.30.0 (wasm, 1 thread)
2.2000,TRACK,386.773,208.542,1,388.515,199.194,389.286,194.715,9.508,1,387.000,208.000,1.000,1.000,0.985,0.990,agreement,1.036,-0.418,1.036,-0.418,1.5247,-0.6020,3.8152,onnxruntime-web 1.30.0 (wasm, 1 thread)
2.2333,TRACK,384.667,211.603,1,386.363,202.263,387.565,197.822,9.493,1,384.000,211.000,1.000,1.000,0.985,0.990,agreement,0.980,-0.373,0.980,-0.373,1.5574,-0.6145,3.4647,onnxruntime-web 1.30.0 (wasm, 1 thread)
2.2667,TRACK,382.701,214.811,1,384.243,205.382,385.382,201.003,9.554,1,382.000,214.000,1.000,1.000,0.985,0.990,agreement,0.956,-0.328,0.956,-0.328,1.5892,-0.6254,3.5303,onnxruntime-web 1.30.0 (wasm, 1 thread)
2.3000,TRACK,380.702,218.168,1,382.144,208.868,383.234,204.230,9.411,1,380.000,218.000,1.000,1.000,0.985,0.989,agreement,0.932,-0.258,0.932,-0.258,1.6203,-0.6340,3.9779,onnxruntime-web 1.30.0 (wasm, 1 thread)
2.3333,TRACK,378.674,221.532,1,380.062,212.266,381.108,207.831,9.370,1,378.000,221.000,1.000,1.000,0.985,0.989,agreement,0.908,-0.218,0.908,-0.218,1.6506,-0.6413,3.3023,onnxruntime-web 1.30.0 (wasm, 1 thread)
2.3667,TRACK,376.615,225.067,1,377.990,215.937,379.000,211.338,9.232,1,376.000,225.000,1.000,1.000,0.985,0.988,agreement,0.883,-0.151,0.883,-0.151,1.6800,-0.6463,3.8737,onnxruntime-web 1.30.0 (wasm, 1 thread)
2.4000,TRACK,374.527,228.621,1,375.926,219.457,376.903,215.123,9.270,1,374.000,228.000,1.000,1.000,0.985,0.988,agreement,0.858,-0.114,0.858,-0.114,1.7086,-0.6501,3.7992,onnxruntime-web 1.30.0 (wasm, 1 thread)
2.4333,TRACK,372.410,232.350,1,373.868,223.207,374.815,218.748,9.258,1,372.000,232.000,1.000,1.000,0.985,0.987,agreement,0.833,-0.048,0.833,-0.048,1.7364,-0.6517,5.8911,onnxruntime-web 1.30.0 (wasm, 1 thread)
2.4667,TRACK,370.264,236.098,1,371.815,226.776,372.734,222.607,9.450,1,370.000,235.000,1.000,1.000,0.985,0.987,agreement,0.808,-0.011,0.808,-0.011,1.7633,-0.6521,4.2157,onnxruntime-web 1.30.0 (wasm, 1 thread)
2.5000,TRACK,368.088,240.016,1,369.764,230.556,370.659,226.276,9.608,1,368.000,239.000,1.000,1.000,0.985,0.987,agreement,0.782,0.054,0.782,0.054,1.7894,-0.6503,3.3658,onnxruntime-web 1.30.0 (wasm, 1 thread)
2.5333,TRACK,365.884,243.947,1,367.717,234.477,368.587,230.159,9.646,1,366.000,243.000,1.000,1.000,0.985,0.986,agreement,0.757,0.117,0.757,0.117,1.8146,-0.6464,4.1182,onnxruntime-web 1.30.0 (wasm, 1 thread)
2.5667,TRACK,363.651,247.898,1,365.336,238.493,366.519,234.185,9.554,1,363.000,247.000,1.000,1.000,0.985,0.984,agreement,0.704,0.178,0.704,0.178,1.8381,-0.6405,3.3590,onnxruntime-web 1.30.0 (wasm, 1 thread)
2.6000,TRACK,361.531,251.870,1,363.064,242.572,364.109,238.304,9.424,1,361.000,251.000,1.000,1.000,0.985,0.981,agreement,0.683,0.238,0.683,0.238,1.8608,-0.6325,3.3804,onnxruntime-web 1.30.0 (wasm, 1 thread)
2.6333,TRACK,359.361,255.864,1,360.867,246.690,361.812,242.484,9.296,1,359.000,255.000,1.000,1.000,0.985,0.978,agreement,0.659,0.298,0.659,0.298,1.8828,-0.6226,3.3775,onnxruntime-web 1.30.0 (wasm, 1 thread)
2.6667,TRACK,357.148,259.876,1,358.722,251.171,359.593,246.703,8.846,1,357.000,260.000,1.000,1.000,0.985,0.976,agreement,0.635,0.384,0.635,0.384,1.9040,-0.6098,4.8065,onnxruntime-web 1.30.0 (wasm, 1 thread)
2.7000,TRACK,354.896,263.757,1,356.276,255.560,357.427,251.290,8.313,1,354.000,264.000,1.000,1.000,0.985,0.974,agreement,0.584,0.439,0.584,0.439,1.9234,-0.5951,4.1367,onnxruntime-web 1.30.0 (wasm, 1 thread)
2.7333,TRACK,352.752,267.666,1,353.961,259.549,354.953,255.779,8.207,1,352.000,267.000,1.000,1.000,0.985,0.973,agreement,0.563,0.469,0.563,0.469,1.9422,-0.5795,3.0809,onnxruntime-web 1.30.0 (wasm, 1 thread)
2.7667,TRACK,350.554,271.730,1,351.737,263.935,352.616,259.857,7.884,1,350.000,272.000,1.000,1.000,0.985,0.973,agreement,0.539,0.556,0.539,0.556,1.9602,-0.5610,3.8115,onnxruntime-web 1.30.0 (wasm, 1 thread)
2.8000,TRACK,348.311,275.631,1,349.239,267.920,350.371,264.340,7.767,1,347.000,275.000,1.000,1.000,0.985,0.973,agreement,0.489,0.586,0.489,0.586,1.9765,-0.5414,4.0870,onnxruntime-web 1.30.0 (wasm, 1 thread)
2.8333,TRACK,346.170,279.668,1,347.226,272.300,347.846,268.408,7.443,1,346.000,280.000,1.000,1.000,0.985,0.974,agreement,0.494,0.674,0.494,0.674,1.9929,-0.5190,4.2380,onnxruntime-web 1.30.0 (wasm, 1 thread)
2.8667,TRACK,343.832,283.522,1,344.873,276.277,345.819,272.879,7.319,1,343.000,283.000,1.000,1.000,0.985,0.976,agreement,0.441,0.704,0.441,0.704,2.0076,-0.4955,3.5617,onnxruntime-web 1.30.0 (wasm, 1 thread)
2.9000,TRACK,341.610,287.493,1,342.623,280.314,343.444,276.936,7.250,1,341.000,287.000,1.000,1.000,0.985,0.979,agreement,0.418,0.766,0.418,0.766,2.0216,-0.4700,3.6972,onnxruntime-web 1.30.0 (wasm, 1 thread)
2.9333,TRACK,339.342,291.402,1,340.445,284.391,341.175,281.052,7.097,1,339.000,291.000,1.000,1.000,0.985,0.981,agreement,0.394,0.827,0.394,0.827,2.0347,-0.4424,3.4561,onnxruntime-web 1.30.0 (wasm, 1 thread)
2.9667,TRACK,337.034,295.241,1,337.980,288.493,338.980,285.206,6.814,1,336.000,295.000,1.000,1.000,0.985,0.984,agreement,0.342,0.887,0.342,0.887,2.0461,-0.4128,3.3344,onnxruntime-web 1.30.0 (wasm, 1 thread)
3.0000,TRACK,334.835,299.004,1,335.991,292.275,336.491,289.384,6.827,1,335.000,298.000,1.000,1.000,0.985,0.986,agreement,0.347,0.921,0.347,0.921,2.0576,-0.3821,4.7278,onnxruntime-web 1.30.0 (wasm, 1 thread)
3.0333,TRACK,332.441,302.820,1,333.655,296.175,334.491,293.233,6.755,1,332.000,302.000,1.000,1.000,0.985,0.987,agreement,0.292,0.985,0.292,0.985,2.0674,-0.3493,3.0966,onnxruntime-web 1.30.0 (wasm, 1 thread)
3.0667,TRACK,330.169,306.517,1,331.083,300.153,332.136,297.201,6.430,1,329.000,306.000,1.000,1.000,0.985,0.987,agreement,0.242,1.048,0.242,1.048,2.0755,-0.3143,3.0749,onnxruntime-web 1.30.0 (wasm, 1 thread)
3.1000,TRACK,327.996,310.090,1,329.023,303.848,329.540,301.247,6.326,1,328.000,309.000,1.000,1.000,0.985,0.987,agreement,0.248,1.084,0.248,1.084,2.0837,-0.2782,3.2280,onnxruntime-web 1.30.0 (wasm, 1 thread)
3.1333,TRACK,325.626,313.673,1,326.975,308.021,327.468,305.002,5.812,1,326.000,314.000,1.000,1.000,0.985,0.988,agreement,0.221,1.176,0.221,1.176,2.0911,-0.2390,3.7396,onnxruntime-web 1.30.0 (wasm, 1 thread)
3.1667,TRACK,323.232,316.952,1,324.265,311.510,325.409,309.244,5.539,1,322.000,316.000,1.000,1.000,0.985,0.988,agreement,0.140,1.183,0.140,1.183,2.0958,-0.1996,3.0695,onnxruntime-web 1.30.0 (wasm, 1 thread)
3.2000,TRACK,321.101,320.369,1,322.111,315.205,322.672,312.785,5.262,1,321.000,320.000,1.000,1.000,0.985,0.989,agreement,0.147,1.251,0.147,1.251,2.1007,-0.1579,3.1236,onnxruntime-web 1.30.0 (wasm, 1 thread)
3.2333,TRACK,318.767,323.585,1,319.665,318.704,320.505,316.536,4.963,1,318.000,323.000,1.000,1.000,0.985,0.989,agreement,0.095,1.291,0.095,1.291,2.1038,-0.1148,3.0985,onnxruntime-web 1.30.0 (wasm, 1 thread)
3.2667,TRACK,316.548,326.741,1,317.356,322.068,318.040,320.084,4.742,1,316.000,326.000,1.000,1.000,0.985,0.989,agreement,0.072,1.332,0.072,1.332,2.1062,-0.0704,4.3854,onnxruntime-web 1.30.0 (wasm, 1 thread)
3.3000,TRACK,314.286,329.811,1,315.140,325.340,315.715,323.494,4.552,1,314.000,329.000,1.000,1.000,0.985,0.990,agreement,0.047,1.376,0.047,1.376,2.1078,-0.0246,3.6667,onnxruntime-web 1.30.0 (wasm, 1 thread)
3.3333,TRACK,311.990,332.774,1,312.988,328.549,313.486,326.808,4.341,1,312.000,332.000,1.000,1.000,0.985,0.990,agreement,0.021,1.420,0.021,1.420,2.1085,0.0228,4.8711,onnxruntime-web 1.30.0 (wasm, 1 thread)
3.3667,TRACK,309.668,335.609,1,310.879,331.714,311.322,330.057,4.079,1,310.000,335.000,1.000,1.000,0.985,0.990,agreement,-0.005,1.466,-0.005,1.466,2.1083,0.0716,4.1800,onnxruntime-web 1.30.0 (wasm, 1 thread)
3.4000,TRACK,307.324,338.298,1,308.465,334.849,309.204,333.259,3.633,1,307.000,338.000,1.000,1.000,0.985,0.991,agreement,-0.059,1.512,-0.059,1.512,2.1064,0.1220,3.1700,onnxruntime-web 1.30.0 (wasm, 1 thread)
3.4333,TRACK,305.105,340.825,1,306.178,337.627,306.773,336.430,3.374,1,305.000,340.000,1.000,1.000,0.985,0.991,agreement,-0.083,1.532,-0.083,1.532,2.1036,0.1731,3.0780,onnxruntime-web 1.30.0 (wasm, 1 thread)
3.4667,TRACK,302.851,343.316,1,303.644,340.498,304.473,339.236,2.927,1,302.000,343.000,1.000,1.000,0.985,0.991,agreement,-0.135,1.582,-0.135,1.582,2.0991,0.2258,3.1988,onnxruntime-web 1.30.0 (wasm, 1 thread)
3.5000,TRACK,300.713,345.591,1,301.276,343.095,301.919,342.135,2.558,1,300.000,345.000,1.000,1.000,0.985,0.991,agreement,-0.157,1.606,-0.157,1.606,2.0939,0.2793,3.6178,onnxruntime-web 1.30.0 (wasm, 1 thread)
3.5333,TRACK,298.536,347.784,1,299.022,345.507,299.537,344.754,2.328,1,298.000,347.000,1.000,1.000,0.985,0.992,agreement,-0.182,1.632,-0.182,1.632,2.0878,0.3337,3.0732,onnxruntime-web 1.30.0 (wasm, 1 thread)
3.5667,TRACK,296.331,349.864,1,296.845,348.127,297.271,347.183,1.811,1,296.000,350.000,1.000,1.000,0.985,0.992,agreement,-0.208,1.687,-0.208,1.687,2.0808,0.3900,3.1006,onnxruntime-web 1.30.0 (wasm, 1 thread)
3.6000,TRACK,294.107,351.663,1,294.721,350.554,295.084,349.825,1.267,1,294.000,352.000,1.000,1.000,0.985,0.992,agreement,-0.235,1.714,-0.235,1.714,2.0730,0.4471,3.3039,onnxruntime-web 1.30.0 (wasm, 1 thread)
3.6333,TRACK,291.871,353.320,1,292.298,352.178,292.952,352.268,1.219,1,291.000,352.000,1.000,1.000,0.985,0.992,agreement,-0.290,1.689,-0.290,1.689,2.0634,0.5034,3.8207,onnxruntime-web 1.30.0 (wasm, 1 thread)
3.6667,TRACK,289.769,355.094,1,290.007,353.927,290.515,353.890,1.192,1,289.000,354.000,1.000,1.000,0.985,0.992,agreement,-0.314,1.727,-0.314,1.727,2.0529,0.5610,3.1805,onnxruntime-web 1.30.0 (wasm, 1 thread)
3.7000,TRACK,287.642,356.637,1,288.141,355.760,288.212,355.639,1.008,1,288.000,356.000,1.000,1.000,0.985,0.993,agreement,-0.313,1.764,-0.313,1.764,2.0424,0.6198,3.2384,onnxruntime-web 1.30.0 (wasm, 1 thread)
3.7333,TRACK,285.360,357.941,1,285.894,357.651,286.345,357.476,0.608,1,285.000,358.000,1.000,1.000,0.985,0.993,agreement,-0.371,1.800,-0.371,1.800,2.0301,0.6798,3.1312,onnxruntime-web 1.30.0 (wasm, 1 thread)
3.7667,TRACK,283.232,358.997,1,283.723,358.911,284.087,359.371,0.498,1,283.000,358.000,1.000,1.000,0.985,0.993,agreement,-0.398,1.782,-0.398,1.782,2.0168,0.7392,3.3526,onnxruntime-web 1.30.0 (wasm, 1 thread)
3.8000,TRACK,281.097,360.079,1,281.269,360.412,281.908,360.620,0.375,1,280.000,360.000,1.000,1.000,0.985,0.993,agreement,-0.452,1.825,-0.452,1.825,2.0017,0.8000,2.9383,onnxruntime-web 1.30.0 (wasm, 1 thread)
3.8333,TRACK,279.102,360.850,1,279.292,361.407,279.439,362.117,0.589,1,279.000,360.000,1.000,1.000,0.985,0.993,agreement,-0.450,1.812,-0.450,1.812,1.9867,0.8604,3.0580,onnxruntime-web 1.30.0 (wasm, 1 thread)
3.8667,TRACK,276.948,361.594,1,276.970,362.394,277.460,363.096,0.800,1,276.000,361.000,1.000,1.000,0.985,0.993,agreement,-0.507,1.831,-0.507,1.831,1.9698,0.9215,3.4247,onnxruntime-web 1.30.0 (wasm, 1 thread)
3.9000,TRACK,274.951,362.124,1,275.084,363.374,275.127,364.066,1.256,1,275.000,362.000,1.000,1.000,0.985,0.993,agreement,-0.507,1.851,-0.507,1.851,1.9529,0.9832,3.4365,onnxruntime-web 1.30.0 (wasm, 1 thread)
3.9333,TRACK,272.807,362.427,1,273.160,364.015,273.240,365.031,1.627,1,273.000,362.000,1.000,1.000,0.985,0.993,agreement,-0.538,1.844,-0.538,1.844,1.9350,1.0446,3.2302,onnxruntime-web 1.30.0 (wasm, 1 thread)
3.9667,TRACK,270.688,362.629,1,270.873,364.427,271.313,365.649,1.807,1,270.000,362.000,1.000,1.000,0.986,0.993,agreement,-0.596,1.841,-0.596,1.841,1.9151,1.1060,8.5051,onnxruntime-web 1.30.0 (wasm, 1 thread)
4.0000,TRACK,268.735,362.697,1,269.011,364.682,269.017,366.033,2.004,1,269.000,362.000,1.000,1.000,0.985,0.993,agreement,-0.596,1.840,-0.596,1.840,1.8953,1.1673,6.2269,onnxruntime-web 1.30.0 (wasm, 1 thread)
4.0333,TRACK,266.644,362.603,1,266.768,364.831,267.155,366.258,2.232,1,266.000,362.000,1.000,1.000,0.985,0.993,agreement,-0.655,1.842,-0.655,1.842,1.8734,1.2287,6.0520,onnxruntime-web 1.30.0 (wasm, 1 thread)
4.0667,TRACK,264.727,362.325,1,264.600,364.575,264.903,366.376,2.253,1,264.000,361.000,1.000,1.000,0.985,0.994,agreement,-0.683,1.818,-0.683,1.818,1.8507,1.2893,5.3731,onnxruntime-web 1.30.0 (wasm, 1 thread)
4.1000,TRACK,262.821,361.986,1,262.485,364.712,262.729,366.079,2.747,1,262.000,362.000,1.000,1.000,0.985,0.994,agreement,-0.711,1.853,-0.711,1.853,1.8270,1.3511,6.1602,onnxruntime-web 1.30.0 (wasm, 1 thread)
4.1333,TRACK,260.934,361.263,1,260.739,364.448,260.607,366.185,3.191,1,261.000,361.000,1.000,1.000,0.985,0.994,agreement,-0.714,1.829,-0.714,1.829,1.8032,1.4121,13.4169,onnxruntime-web 1.30.0 (wasm, 1 thread)
4.1667,TRACK,258.929,360.455,1,258.575,363.912,258.865,365.883,3.475,1,258.000,360.000,1.000,1.000,0.985,0.994,agreement,-0.775,1.810,-0.775,1.810,1.7774,1.4724,3.1584,onnxruntime-web 1.30.0 (wasm, 1 thread)
4.2000,TRACK,257.115,359.523,1,256.797,363.191,256.694,365.302,3.682,1,257.000,359.000,1.000,1.000,0.985,0.994,agreement,-0.777,1.795,-0.777,1.795,1.7515,1.5322,4.4093,onnxruntime-web 1.30.0 (wasm, 1 thread)
4.2333,TRACK,255.184,358.439,1,254.946,362.345,254.918,364.534,3.913,1,255.000,358.000,1.000,1.000,0.985,0.994,agreement,-0.811,1.781,-0.811,1.781,1.7244,1.5916,3.0852,onnxruntime-web 1.30.0 (wasm, 1 thread)
4.2667,TRACK,253.306,357.182,1,253.045,361.080,253.068,363.639,3.907,1,253.000,356.000,1.000,1.000,0.985,0.994,agreement,-0.843,1.743,-0.843,1.743,1.6963,1.6497,3.1643,onnxruntime-web 1.30.0 (wasm, 1 thread)
4.3000,TRACK,251.478,355.873,1,251.111,359.865,251.167,362.316,4.009,1,251.000,355.000,1.000,1.000,0.985,0.994,agreement,-0.876,1.736,-0.876,1.736,1.6671,1.7075,3.1235,onnxruntime-web 1.30.0 (wasm, 1 thread)
4.3333,TRACK,249.699,354.336,1,249.154,358.686,249.231,361.047,4.384,1,249.000,354.000,1.000,1.000,0.985,0.994,agreement,-0.908,1.728,-0.908,1.728,1.6369,1.7651,4.3210,onnxruntime-web 1.30.0 (wasm, 1 thread)
4.3667,TRACK,247.971,352.564,1,247.181,357.197,247.272,359.815,4.700,1,247.000,352.000,1.000,1.000,0.985,0.994,agreement,-0.940,1.693,-0.940,1.693,1.6055,1.8216,3.1162,onnxruntime-web 1.30.0 (wasm, 1 thread)
4.4000,TRACK,246.294,350.690,1,245.533,355.833,245.298,358.268,5.199,1,246.000,351.000,1.000,1.000,0.985,0.994,agreement,-0.945,1.689,-0.945,1.689,1.5740,1.8779,3.3189,onnxruntime-web 1.30.0 (wasm, 1 thread)
4.4333,TRACK,244.528,348.544,1,243.770,354.220,243.655,356.849,5.726,1,244.000,349.000,1.000,1.000,0.985,0.993,agreement,-0.981,1.656,-0.981,1.656,1.5413,1.9331,3.1268,onnxruntime-web 1.30.0 (wasm, 1 thread)
4.4667,TRACK,242.838,346.268,1,241.930,352.103,241.895,355.177,5.906,1,242.000,346.000,1.000,1.000,0.985,0.993,agreement,-1.015,1.600,-1.015,1.600,1.5075,1.9864,6.9570,onnxruntime-web 1.30.0 (wasm, 1 thread)
4.5000,TRACK,241.220,343.978,1,240.372,349.645,240.055,352.992,5.729,1,241.000,343.000,1.000,1.000,0.985,0.993,agreement,-1.022,1.549,-1.022,1.549,1.4734,2.0380,4.1953,onnxruntime-web 1.30.0 (wasm, 1 thread)
4.5333,TRACK,239.529,341.637,1,238.670,347.290,238.504,350.458,5.718,1,239.000,341.000,1.000,1.000,0.985,0.993,agreement,-1.059,1.529,-1.059,1.529,1.4381,2.0890,3.0774,onnxruntime-web 1.30.0 (wasm, 1 thread)
4.5667,TRACK,237.928,339.074,1,237.206,345.007,236.806,348.033,5.977,1,238.000,339.000,1.000,1.000,0.985,0.993,agreement,-1.068,1.508,-1.068,1.508,1.4025,2.1393,4.2985,onnxruntime-web 1.30.0 (wasm, 1 thread)
4.6000,TRACK,236.269,336.287,1,235.568,342.439,235.351,345.683,6.192,1,236.000,336.000,1.000,1.000,0.985,0.993,agreement,-1.107,1.459,-1.107,1.459,1.3656,2.1879,3.0579,onnxruntime-web 1.30.0 (wasm, 1 thread)
4.6333,TRACK,234.712,333.417,1,234.148,339.679,233.718,343.043,6.287,1,235.000,333.000,1.000,1.000,0.985,0.993,agreement,-1.116,1.414,-1.116,1.414,1.3284,2.2350,3.0629,onnxruntime-web 1.30.0 (wasm, 1 thread)
4.6667,TRACK,233.106,330.440,1,232.204,336.788,232.307,340.207,6.411,1,232.000,330.000,1.000,1.000,0.985,0.993,agreement,-1.182,1.371,-1.182,1.371,1.2890,2.2807,3.1123,onnxruntime-web 1.30.0 (wasm, 1 thread)
4.7000,TRACK,231.751,327.339,1,230.575,333.810,230.361,337.240,6.577,1,231.000,327.000,1.000,1.000,0.985,0.993,agreement,-1.188,1.329,-1.188,1.329,1.2494,2.3250,4.3438,onnxruntime-web 1.30.0 (wasm, 1 thread)
4.7333,TRACK,230.336,324.099,1,229.160,330.773,228.737,334.185,6.777,1,230.000,324.000,1.000,1.000,0.985,0.993,agreement,-1.198,1.288,-1.198,1.288,1.2094,2.3680,3.3782,onnxruntime-web 1.30.0 (wasm, 1 thread)
4.7667,TRACK,228.881,320.712,1,227.555,327.364,227.331,331.073,6.782,1,228.000,320.000,1.000,1.000,0.985,0.993,agreement,-1.238,1.221,-1.238,1.221,1.1682,2.4087,3.0984,onnxruntime-web 1.30.0 (wasm, 1 thread)
4.8000,TRACK,227.545,317.311,1,226.156,324.036,225.732,327.580,6.867,1,227.000,317.000,1.000,1.000,0.985,0.993,agreement,-1.248,1.185,-1.248,1.185,1.1266,2.4482,3.3063,onnxruntime-web 1.30.0 (wasm, 1 thread)
4.8333,TRACK,226.178,313.728,1,224.897,320.431,224.342,324.174,6.824,1,226.000,313.000,1.000,1.000,0.985,0.993,agreement,-1.262,1.122,-1.262,1.122,1.0845,2.4856,3.8759,onnxruntime-web 1.30.0 (wasm, 1 thread)
4.8667,TRACK,224.796,310.106,1,223.399,316.638,223.096,320.485,6.680,1,224.000,309.000,1.000,1.000,0.985,0.992,agreement,-1.303,1.061,-1.303,1.061,1.0411,2.5209,3.2978,onnxruntime-web 1.30.0 (wasm, 1 thread)
4.9000,TRACK,223.551,306.426,1,222.071,313.054,221.603,316.606,6.791,1,223.000,306.000,1.000,1.000,0.985,0.992,agreement,-1.315,1.029,-1.315,1.029,0.9973,2.5553,3.0157,onnxruntime-web 1.30.0 (wasm, 1 thread)
4.9333,TRACK,222.291,302.532,1,220.525,309.278,220.286,312.943,6.972,1,221.000,302.000,1.000,1.000,0.985,0.992,agreement,-1.356,0.968,-1.356,0.968,0.9521,2.5875,4.7180,onnxruntime-web 1.30.0 (wasm, 1 thread)
4.9667,TRACK,221.171,298.578,1,219.501,305.372,218.746,309.085,6.996,1,221.000,298.000,1.000,1.000,0.985,0.992,agreement,-1.341,0.910,-1.341,0.910,0.9074,2.6179,4.6740,onnxruntime-web 1.30.0 (wasm, 1 thread)
5.0000,TRACK,219.897,294.550,1,218.496,301.380,217.738,305.097,6.972,1,220.000,294.000,1.000,1.000,0.985,0.992,agreement,-1.359,0.852,-1.359,0.852,0.8621,2.6463,2.9751,onnxruntime-web 1.30.0 (wasm, 1 thread)
5.0333,TRACK,218.645,290.440,1,217.169,297.330,216.750,301.022,7.047,1,218.000,290.000,1.000,1.000,0.985,0.992,agreement,-1.403,0.796,-1.403,0.796,0.8153,2.6728,3.6138,onnxruntime-web 1.30.0 (wasm, 1 thread)
5.0667,TRACK,217.563,286.242,1,216.292,292.907,215.433,296.890,6.785,1,218.000,285.000,1.000,1.000,0.985,0.992,agreement,-1.391,0.713,-1.391,0.713,0.7689,2.6966,3.9307,onnxruntime-web 1.30.0 (wasm, 1 thread)
5.1000,TRACK,216.350,282.096,1,215.052,288.902,214.575,292.378,6.929,1,216.000,282.000,1.000,1.000,0.985,0.992,agreement,-1.438,0.688,-1.438,0.688,0.7210,2.7195,3.1762,onnxruntime-web 1.30.0 (wasm, 1 thread)
5.1333,TRACK,215.321,277.696,1,213.900,284.512,213.346,288.296,6.963,1,215.000,277.000,1.000,1.000,0.985,0.992,agreement,-1.453,0.605,-1.453,0.605,0.6726,2.7397,3.0318,onnxruntime-web 1.30.0 (wasm, 1 thread)
5.1667,TRACK,214.314,273.352,1,212.472,280.197,212.206,283.821,7.088,1,213.000,273.000,1.000,1.000,0.985,0.992,agreement,-1.497,0.552,-1.497,0.552,0.6227,2.7581,3.0357,onnxruntime-web 1.30.0 (wasm, 1 thread)
5.2000,TRACK,213.480,268.902,1,211.526,275.934,210.783,279.425,7.298,1,213.000,269.000,1.000,1.000,0.985,0.991,agreement,-1.484,0.499,-1.484,0.499,0.5732,2.7747,4.2092,onnxruntime-web 1.30.0 (wasm, 1 thread)
5.2333,TRACK,212.522,264.352,1,210.573,271.372,209.854,275.084,7.285,1,212.000,264.000,1.000,1.000,0.997,0.991,cv-only,-1.503,0.418,-1.503,0.418,0.5231,2.7887,3.6886,onnxruntime-web 1.30.0 (wasm, 1 thread)
5.2667,TRACK,211.614,259.852,1,209.615,266.943,208.917,270.440,7.368,1,211.000,260.000,1.000,1.000,0.997,0.991,cv-only,-1.522,0.368,-1.522,0.368,0.4724,2.8009,3.0877,onnxruntime-web 1.30.0 (wasm, 1 thread)
5.3000,TRACK,210.760,255.243,1,208.653,262.271,207.974,265.933,7.338,1,210.000,255.000,1.000,1.000,0.997,0.991,cv-only,-1.541,0.289,-1.541,0.289,0.4210,2.8105,3.1422,onnxruntime-web 1.30.0 (wasm, 1 thread)
5.3333,TRACK,209.962,250.680,1,208.023,257.436,207.028,261.180,7.028,1,210.000,250.000,1.000,1.000,0.997,0.991,cv-only,-1.534,0.212,-1.534,0.212,0.3698,2.8176,3.9835,onnxruntime-web 1.30.0 (wasm, 1 thread)
5.3667,TRACK,209.081,246.154,1,207.284,252.489,206.420,256.261,6.585,1,209.000,245.000,1.000,1.000,0.997,0.991,cv-only,-1.557,0.138,-1.557,0.138,0.3179,2.8222,5.7292,onnxruntime-web 1.30.0 (wasm, 1 thread)
5.4000,TRACK,208.283,241.659,1,206.471,247.804,205.701,251.231,6.407,1,208.000,241.000,1.000,1.000,0.997,0.991,cv-only,-1.579,0.091,-1.579,0.091,0.2653,2.8252,8.1185,onnxruntime-web 1.30.0 (wasm, 1 thread)
5.4333,TRACK,207.565,237.052,1,205.941,243.298,204.904,246.469,6.454,1,208.000,237.000,1.000,1.000,0.997,0.991,cv-only,-1.574,0.041,-1.574,0.041,0.2128,2.8266,5.7899,onnxruntime-web 1.30.0 (wasm, 1 thread)
5.4667,TRACK,206.784,232.355,1,204.934,238.579,204.398,241.892,6.493,1,206.000,232.000,1.000,1.000,0.997,0.991,cv-only,-1.625,-0.038,-1.625,-0.038,0.1587,2.8253,6.2117,onnxruntime-web 1.30.0 (wasm, 1 thread)
5.5000,TRACK,206.243,227.728,1,204.273,233.717,203.403,237.100,6.305,1,206.000,227.000,1.000,1.000,0.997,0.991,cv-only,-1.618,-0.115,-1.618,-0.115,0.1047,2.8215,4.0672,onnxruntime-web 1.30.0 (wasm, 1 thread)
5.5333,TRACK,205.634,223.165,1,203.510,229.094,202.760,232.162,6.297,1,205.000,223.000,1.000,1.000,0.997,0.991,cv-only,-1.641,-0.163,-1.641,-0.163,0.0501,2.8161,3.5079,onnxruntime-web 1.30.0 (wasm, 1 thread)
5.5667,TRACK,205.122,218.523,1,203.015,224.299,202.015,227.471,6.148,1,205.000,218.000,1.000,1.000,0.997,0.991,cv-only,-1.636,-0.241,-1.636,-0.241,-0.0045,2.8080,4.4321,onnxruntime-web 1.30.0 (wasm, 1 thread)
5.6000,TRACK,204.563,213.966,1,202.365,219.723,201.541,222.605,6.162,1,204.000,214.000,1.000,1.000,0.997,0.991,cv-only,-1.661,-0.291,-1.661,-0.291,-0.0599,2.7983,5.9521,onnxruntime-web 1.30.0 (wasm, 1 thread)
5.6333,TRACK,204.119,209.351,1,201.945,214.963,200.910,217.966,6.018,1,204.000,209.000,1.000,1.000,0.997,0.992,cv-only,-1.658,-0.370,-1.658,-0.370,-0.1151,2.7860,3.5131,onnxruntime-web 1.30.0 (wasm, 1 thread)
5.6667,TRACK,203.640,204.841,1,201.346,210.078,200.513,213.138,5.717,1,203.000,204.000,1.000,1.000,0.997,0.992,cv-only,-1.684,-0.447,-1.684,-0.447,-0.1713,2.7711,3.4388,onnxruntime-web 1.30.0 (wasm, 1 thread)
5.7000,TRACK,203.288,200.435,1,200.625,205.444,199.933,208.185,5.673,1,202.000,200.000,1.000,1.000,0.997,0.992,cv-only,-1.708,-0.496,-1.708,-0.496,-0.2282,2.7546,4.1713,onnxruntime-web 1.30.0 (wasm, 1 thread)
5.7333,TRACK,203.054,195.992,1,200.491,200.647,199.227,203.490,5.314,1,203.000,195.000,1.000,1.000,0.997,0.992,cv-only,-1.678,-0.574,-1.678,-0.574,-0.2842,2.7355,4.4166,onnxruntime-web 1.30.0 (wasm, 1 thread)
5.7667,TRACK,202.650,191.680,1,200.085,196.075,199.121,198.630,5.088,1,202.000,191.000,1.000,1.000,0.997,0.992,cv-only,-1.708,-0.625,-1.708,-0.625,-0.3411,2.7147,3.8166,onnxruntime-web 1.30.0 (wasm, 1 thread)
5.8000,TRACK,202.399,187.358,1,199.830,191.656,198.737,194.001,5.007,1,202.000,187.000,1.000,1.000,0.997,0.992,cv-only,-1.708,-0.678,-1.708,-0.678,-0.3980,2.6921,3.3949,onnxruntime-web 1.30.0 (wasm, 1 thread)
5.8333,TRACK,202.146,183.050,1,199.676,187.008,198.506,189.530,4.666,1,202.000,182.000,1.000,1.000,0.997,0.992,cv-only,-1.709,-0.760,-1.709,-0.760,-0.4550,2.6667,4.9346,onnxruntime-web 1.30.0 (wasm, 1 thread)
5.8667,TRACK,201.904,178.919,1,199.591,182.540,198.378,184.826,4.296,1,202.000,178.000,1.000,1.000,0.997,0.992,cv-only,-1.712,-0.812,-1.712,-0.812,-0.5120,2.6397,4.1441,onnxruntime-web 1.30.0 (wasm, 1 thread)
5.9000,TRACK,201.681,174.821,1,199.218,178.530,198.320,180.307,4.453,1,201.000,175.000,1.000,1.000,0.997,0.993,cv-only,-1.743,-0.841,-1.743,-0.841,-0.5701,2.6117,4.7612,onnxruntime-web 1.30.0 (wasm, 1 thread)
5.9333,TRACK,201.628,170.636,1,198.982,174.162,197.966,176.258,4.408,1,201.000,170.000,1.000,1.000,0.997,0.993,cv-only,-1.743,-0.927,-1.743,-0.927,-0.6282,2.5807,3.1666,onnxruntime-web 1.30.0 (wasm, 1 thread)
5.9667,TRACK,201.588,166.688,1,199.176,169.886,197.754,171.843,4.006,1,202.000,166.000,1.000,1.000,0.997,0.993,cv-only,-1.719,-0.984,-1.719,-0.984,-0.6855,2.5479,3.0859,onnxruntime-web 1.30.0 (wasm, 1 thread)
6.0000,TRACK,201.431,162.827,1,198.991,165.674,197.979,167.524,3.750,1,201.000,162.000,1.000,1.000,0.997,0.993,cv-only,-1.752,-1.042,-1.752,-1.042,-0.7439,2.5132,3.3240,onnxruntime-web 1.30.0 (wasm, 1 thread)
6.0333,TRACK,201.470,159.070,1,198.883,161.840,197.816,163.270,3.791,1,201.000,159.000,1.000,1.000,0.997,0.993,cv-only,-1.755,-1.073,-1.755,-1.073,-0.8024,2.4774,4.0138,onnxruntime-web 1.30.0 (wasm, 1 thread)
6.0667,TRACK,201.544,155.292,1,198.827,157.929,197.732,159.405,3.786,1,201.000,155.000,1.000,1.000,0.997,0.993,cv-only,-1.759,-1.137,-1.759,-1.137,-0.8610,2.4396,3.3355,onnxruntime-web 1.30.0 (wasm, 1 thread)
6.1000,TRACK,201.659,151.673,1,198.805,154.302,197.700,155.461,3.880,1,201.000,152.000,1.000,1.000,0.997,0.993,cv-only,-1.763,-1.172,-1.763,-1.172,-0.9198,2.4005,3.3365,onnxruntime-web 1.30.0 (wasm, 1 thread)
6.1333,TRACK,201.823,148.078,1,198.808,150.533,197.704,151.808,3.888,1,201.000,148.000,1.000,1.000,0.997,0.994,cv-only,-1.768,-1.238,-1.768,-1.238,-0.9787,2.3592,3.1540,onnxruntime-web 1.30.0 (wasm, 1 thread)
6.1667,TRACK,202.041,144.681,1,199.160,147.002,197.730,148.010,3.700,1,202.000,145.000,1.000,1.000,0.997,0.994,cv-only,-1.746,-1.276,-1.746,-1.276,-1.0369,2.3167,4.3430,onnxruntime-web 1.30.0 (wasm, 1 thread)
6.2000,TRACK,202.176,141.345,1,199.416,143.299,198.115,144.457,3.382,1,202.000,141.000,1.000,1.000,0.997,0.994,cv-only,-1.755,-1.343,-1.755,-1.343,-1.0954,2.2719,3.1983,onnxruntime-web 1.30.0 (wasm, 1 thread)
6.2333,TRACK,202.393,138.240,1,199.605,139.480,198.400,140.729,3.051,1,202.000,137.000,1.000,1.000,0.997,0.994,cv-only,-1.763,-1.408,-1.763,-1.408,-1.1542,2.2250,4.0986,onnxruntime-web 1.30.0 (wasm, 1 thread)
6.2667,TRACK,202.691,135.370,1,200.084,136.252,198.616,136.882,2.752,1,203.000,135.000,1.000,1.000,0.997,0.994,cv-only,-1.744,-1.419,-1.744,-1.419,-1.2123,2.1777,3.5492,onnxruntime-web 1.30.0 (wasm, 1 thread)
6.3000,TRACK,202.927,132.459,1,200.089,133.090,199.127,133.639,2.907,1,202.000,132.000,1.000,1.000,0.997,0.994,cv-only,-1.781,-1.464,-1.781,-1.464,-1.2717,2.1288,4.1300,onnxruntime-web 1.30.0 (wasm, 1 thread)
6.3333,TRACK,203.404,129.699,1,200.107,129.975,199.154,130.466,3.309,1,202.000,129.000,1.000,1.000,0.985,0.994,agreement,-1.786,-1.510,-1.786,-1.510,-1.3313,2.0785,5.4195,onnxruntime-web 1.30.0 (wasm, 1 thread)
6.3667,TRACK,203.956,127.109,1,200.468,126.891,199.193,127.339,3.495,1,203.000,126.000,1.000,1.000,0.985,0.994,agreement,-1.765,-1.556,-1.765,-1.556,-1.3901,2.0267,4.2037,onnxruntime-web 1.30.0 (wasm, 1 thread)
6.4000,TRACK,204.443,124.706,1,201.061,124.163,199.582,124.245,3.425,1,204.000,124.000,1.000,1.000,0.985,0.994,agreement,-1.748,-1.576,-1.748,-1.576,-1.4484,1.9741,3.4924,onnxruntime-web 1.30.0 (wasm, 1 thread)
6.4333,TRACK,204.890,122.365,1,201.813,121.678,200.208,121.516,3.153,1,205.000,122.000,1.000,1.000,0.985,0.995,agreement,-1.733,-1.600,-1.733,-1.600,-1.5061,1.9208,3.3375,onnxruntime-web 1.30.0 (wasm, 1 thread)
6.4667,TRACK,205.315,120.123,1,202.337,119.358,200.996,119.034,3.075,1,205.000,120.000,1.000,1.000,0.985,0.995,agreement,-1.747,-1.628,-1.747,-1.628,-1.5644,1.8665,3.0870,onnxruntime-web 1.30.0 (wasm, 1 thread)
6.5000,TRACK,205.871,118.009,1,202.705,116.815,201.549,116.721,3.384,1,205.000,117.000,1.000,1.000,0.985,0.995,agreement,-1.758,-1.684,-1.758,-1.684,-1.6230,1.8104,3.0982,onnxruntime-web 1.30.0 (wasm, 1 thread)
6.5333,TRACK,206.549,116.191,1,203.302,114.455,201.943,114.180,3.682,1,206.000,115.000,1.000,1.000,0.986,0.995,agreement,-1.741,-1.711,-1.741,-1.711,-1.6810,1.7534,3.8742,onnxruntime-web 1.30.0 (wasm, 1 thread)
6.5667,TRACK,207.198,114.526,1,204.054,112.554,202.570,111.827,3.712,1,207.000,114.000,1.000,1.000,0.985,0.995,agreement,-1.727,-1.713,-1.727,-1.713,-1.7386,1.6963,4.4872,onnxruntime-web 1.30.0 (wasm, 1 thread)
6.6000,TRACK,207.837,112.901,1,204.576,110.966,203.355,109.942,3.791,1,207.000,113.000,1.000,1.000,0.985,0.995,agreement,-1.741,-1.721,-1.741,-1.721,-1.7966,1.6389,3.5294,onnxruntime-web 1.30.0 (wasm, 1 thread)
6.6333,TRACK,208.619,111.356,1,205.276,109.256,203.904,108.377,3.948,1,208.000,111.000,1.000,1.000,0.985,0.995,track-verified,-1.725,-1.760,-1.725,-1.760,-1.8541,1.5802,4.0970,onnxruntime-web 1.30.0 (wasm, 1 thread)
6.6667,TRACK,209.390,110.069,1,206.097,107.461,204.635,106.686,4.201,1,209.000,109.000,1.000,1.000,0.985,0.995,track-verified,-1.712,-1.797,-1.712,-1.797,-1.9112,1.5203,10.1727,onnxruntime-web 1.30.0 (wasm, 1 thread)
6.7000,TRACK,210.166,109.045,1,206.999,106.279,205.488,104.908,4.205,1,210.000,109.000,1.000,1.000,0.985,0.995,track-verified,-1.700,-1.780,-1.700,-1.780,-1.9679,1.4610,3.0779,onnxruntime-web 1.30.0 (wasm, 1 thread)
6.7333,TRACK,210.955,108.011,1,207.957,104.843,206.424,103.757,4.362,1,211.000,107.000,1.000,1.000,0.985,0.995,track-verified,-1.689,-1.823,-1.689,-1.823,-2.0242,1.4002,4.7335,onnxruntime-web 1.30.0 (wasm, 1 thread)
6.7667,TRACK,211.766,107.301,1,208.616,103.904,207.416,102.345,4.633,1,211.000,107.000,1.000,1.000,0.985,0.995,track-verified,-1.706,-1.811,-1.706,-1.811,-2.0811,1.3398,3.2949,onnxruntime-web 1.30.0 (wasm, 1 thread)
6.8000,TRACK,212.747,106.632,1,209.407,103.303,208.102,101.441,4.716,1,212.000,107.000,1.000,1.000,0.985,0.995,track-verified,-1.692,-1.804,-1.692,-1.804,-2.1375,1.2797,3.1437,onnxruntime-web 1.30.0 (wasm, 1 thread)
6.8333,TRACK,213.739,106.047,1,210.288,102.260,208.922,100.881,5.124,1,213.000,105.000,1.000,1.000,0.985,0.995,track-verified,-1.680,-1.854,-1.680,-1.854,-2.1934,1.2179,3.5704,onnxruntime-web 1.30.0 (wasm, 1 thread)
6.8667,TRACK,214.754,105.865,1,211.229,101.587,209.833,99.869,5.543,1,214.000,105.000,1.000,1.000,0.985,0.995,track-verified,-1.668,-1.847,-1.668,-1.847,-2.2491,1.1563,3.2114,onnxruntime-web 1.30.0 (wasm, 1 thread)
6.9000,TRACK,215.799,105.787,1,212.210,101.165,210.805,99.234,5.852,1,215.000,105.000,1.000,1.000,0.985,0.995,track-verified,-1.658,-1.843,-1.658,-1.843,-2.3043,1.0949,2.9384,onnxruntime-web 1.30.0 (wasm, 1 thread)
6.9333,TRACK,216.882,105.851,1,213.553,101.248,211.817,98.855,5.681,1,217.000,106.000,1.000,1.000,0.985,0.995,track-verified,-1.621,-1.816,-1.621,-1.816,-2.3584,1.0343,3.0173,onnxruntime-web 1.30.0 (wasm, 1 thread)
6.9667,TRACK,217.864,105.943,1,214.472,101.339,213.199,98.991,5.719,1,217.000,106.000,1.000,1.000,0.985,0.995,track-verified,-1.642,-1.822,-1.642,-1.822,-2.4131,0.9736,3.3861,onnxruntime-web 1.30.0 (wasm, 1 thread)
7.0000,TRACK,219.054,106.249,1,215.437,101.433,214.146,99.134,6.023,1,218.000,106.000,1.000,1.000,0.985,0.995,agreement,-1.631,-1.827,-1.631,-1.827,-2.4675,0.9127,3.4370,onnxruntime-web 1.30.0 (wasm, 1 thread)
7.0333,TRACK,220.287,106.782,1,216.768,101.530,215.140,99.280,6.321,1,220.000,106.000,1.000,1.000,0.985,0.995,agreement,-1.594,-1.833,-1.594,-1.833,-2.5206,0.8516,3.2395,onnxruntime-web 1.30.0 (wasm, 1 thread)
7.0667,TRACK,221.426,107.554,1,218.012,101.963,216.507,99.427,6.550,1,221.000,107.000,1.000,1.000,0.985,0.995,agreement,-1.588,-1.812,-1.588,-1.812,-2.5735,0.7912,3.2755,onnxruntime-web 1.30.0 (wasm, 1 thread)
7.1000,TRACK,222.637,108.435,1,219.196,102.623,217.784,99.916,6.754,1,222.000,108.000,1.000,1.000,0.985,0.995,agreement,-1.581,-1.795,-1.581,-1.795,-2.6262,0.7314,4.0893,onnxruntime-web 1.30.0 (wasm, 1 thread)
7.1333,TRACK,223.918,109.459,1,220.340,103.437,219.000,100.637,7.004,1,223.000,109.000,1.000,1.000,0.985,0.995,agreement,-1.573,-1.781,-1.573,-1.781,-2.6787,0.6720,3.3599,onnxruntime-web 1.30.0 (wasm, 1 thread)
7.1667,TRACK,225.267,110.649,1,221.790,104.355,220.174,101.513,7.191,1,225.000,110.000,1.000,1.000,0.985,0.995,agreement,-1.538,-1.769,-1.538,-1.769,-2.7299,0.6130,3.6465,onnxruntime-web 1.30.0 (wasm, 1 thread)
7.2000,TRACK,226.542,112.028,1,223.113,105.677,221.660,102.494,7.217,1,226.000,112.000,1.000,1.000,0.985,0.995,agreement,-1.533,-1.731,-1.533,-1.731,-2.7810,0.5553,3.1766,onnxruntime-web 1.30.0 (wasm, 1 thread)
7.2333,TRACK,227.905,113.469,1,224.350,106.939,223.015,103.887,7.436,1,227.000,113.000,1.000,1.000,0.986,0.995,agreement,-1.527,-1.725,-1.527,-1.725,-2.8319,0.4978,3.9750,onnxruntime-web 1.30.0 (wasm, 1 thread)
7.2667,TRACK,229.352,115.151,1,225.862,108.158,224.282,105.216,7.815,1,229.000,114.000,1.000,1.000,0.985,0.995,agreement,-1.493,-1.718,-1.493,-1.718,-2.8817,0.4406,3.2764,onnxruntime-web 1.30.0 (wasm, 1 thread)
7.3000,TRACK,230.736,117.078,1,227.226,110.017,225.829,106.500,7.885,1,230.000,117.000,1.000,1.000,0.985,0.995,agreement,-1.489,-1.657,-1.489,-1.657,-2.9313,0.3853,3.2498,onnxruntime-web 1.30.0 (wasm, 1 thread)
7.3333,TRACK,232.218,118.974,1,228.823,111.640,227.224,108.438,8.082,1,232.000,118.000,1.000,1.000,0.985,0.995,agreement,-1.456,-1.657,-1.456,-1.657,-2.9799,0.3301,3.2016,onnxruntime-web 1.30.0 (wasm, 1 thread)
7.3667,TRACK,233.650,121.172,1,230.244,113.437,228.857,110.132,8.452,1,233.000,120.000,1.000,1.000,0.985,0.995,agreement,-1.453,-1.627,-1.453,-1.627,-3.0283,0.2759,4.5812,onnxruntime-web 1.30.0 (wasm, 1 thread)
7.4000,TRACK,235.189,123.524,1,231.880,115.685,230.309,112.002,8.508,1,235.000,123.000,1.000,1.000,0.985,0.994,agreement,-1.421,-1.573,-1.421,-1.573,-3.0757,0.2234,3.2878,onnxruntime-web 1.30.0 (wasm, 1 thread)
7.4333,TRACK,236.685,125.906,1,233.326,117.905,231.979,114.333,8.677,1,236.000,125.000,1.000,1.000,0.985,0.994,agreement,-1.418,-1.551,-1.418,-1.551,-3.1229,0.1718,3.7090,onnxruntime-web 1.30.0 (wasm, 1 thread)
7.4667,TRACK,238.294,128.496,1,234.977,120.439,233.455,116.632,8.713,1,238.000,128.000,1.000,1.000,0.985,0.994,agreement,-1.386,-1.502,-1.386,-1.502,-3.1691,0.1217,3.3209,onnxruntime-web 1.30.0 (wasm, 1 thread)
7.5000,TRACK,239.865,131.158,1,236.433,123.185,235.140,119.251,8.680,1,239.000,131.000,1.000,1.000,0.985,0.994,agreement,-1.383,-1.456,-1.383,-1.456,-3.2152,0.0732,3.5420,onnxruntime-web 1.30.0 (wasm, 1 thread)
7.5333,TRACK,241.554,133.918,1,238.090,125.740,236.625,122.084,8.881,1,241.000,133.000,1.000,1.000,0.985,0.994,agreement,-1.352,-1.439,-1.352,-1.439,-3.2603,0.0252,3.8250,onnxruntime-web 1.30.0 (wasm, 1 thread)
7.5667,TRACK,243.208,136.937,1,239.884,128.498,238.314,124.720,9.070,1,243.000,136.000,1.000,1.000,0.985,0.994,agreement,-1.322,-1.394,-1.322,-1.394,-3.3044,-0.0213,3.2295,onnxruntime-web 1.30.0 (wasm, 1 thread)
7.6000,TRACK,244.842,140.067,1,241.770,131.393,240.143,127.562,9.202,1,245.000,139.000,1.000,1.000,0.985,0.993,agreement,-1.294,-1.351,-1.294,-1.351,-3.3475,-0.0663,5.1044,onnxruntime-web 1.30.0 (wasm, 1 thread)
7.6333,TRACK,246.465,143.326,1,243.383,134.714,242.065,130.542,9.147,1,246.000,143.000,1.000,1.000,0.985,0.993,agreement,-1.294,-1.283,-1.294,-1.283,-3.3907,-0.1091,3.3553,onnxruntime-web 1.30.0 (wasm, 1 thread)
7.6667,TRACK,248.226,146.586,1,245.145,137.990,243.708,133.956,9.132,1,248.000,146.000,1.000,1.000,0.985,0.993,agreement,-1.264,-1.246,-1.264,-1.246,-3.4328,-0.1506,3.2910,onnxruntime-web 1.30.0 (wasm, 1 thread)
7.7000,TRACK,249.968,150.020,1,246.673,141.233,245.502,137.321,9.385,1,249.000,149.000,1.000,1.000,0.985,0.993,agreement,-1.262,-1.209,-1.262,-1.209,-3.4749,-0.1909,3.3259,onnxruntime-web 1.30.0 (wasm, 1 thread)
7.7333,TRACK,251.844,153.628,1,248.377,145.122,247.056,140.651,9.185,1,251.000,154.000,1.000,1.000,0.997,0.993,cv-only,-1.231,-1.118,-1.231,-1.118,-3.5159,-0.2281,3.9773,onnxruntime-web 1.30.0 (wasm, 1 thread)
7.7667,TRACK,253.698,157.127,1,250.534,148.444,248.789,144.640,9.241,1,254.000,156.000,1.000,1.000,0.997,0.992,cv-only,-1.175,-1.114,-1.175,-1.114,-3.5551,-0.2653,3.9165,onnxruntime-web 1.30.0 (wasm, 1 thread)
7.8000,TRACK,255.401,160.987,1,252.330,152.050,250.985,148.047,9.450,1,255.000,160.000,1.000,1.000,0.997,0.992,cv-only,-1.178,-1.050,-1.178,-1.050,-3.5943,-0.3003,3.8848,onnxruntime-web 1.30.0 (wasm, 1 thread)
7.8333,TRACK,257.265,164.890,1,254.214,155.847,252.810,151.742,9.544,1,257.000,164.000,1.000,1.000,0.997,0.992,cv-only,-1.149,-0.990,-1.149,-0.990,-3.6326,-0.3333,4.5212,onnxruntime-web 1.30.0 (wasm, 1 thread)
7.8667,TRACK,259.128,168.856,1,255.822,159.773,254.726,155.630,9.667,1,258.000,168.000,1.000,1.000,0.997,0.992,cv-only,-1.149,-0.932,-1.149,-0.932,-3.6709,-0.3643,3.5216,onnxruntime-web 1.30.0 (wasm, 1 thread)
7.9000,TRACK,261.138,172.899,1,257.578,163.784,256.359,159.648,9.785,1,260.000,172.000,1.000,1.000,0.997,0.991,cv-only,-1.118,-0.875,-1.118,-0.875,-3.7082,-0.3935,4.3728,onnxruntime-web 1.30.0 (wasm, 1 thread)
7.9333,TRACK,263.137,177.026,1,259.434,168.188,258.142,163.751,9.582,1,262.000,177.000,1.000,1.000,0.997,0.991,cv-only,-1.089,-0.792,-1.089,-0.792,-3.7445,-0.4199,3.8030,onnxruntime-web 1.30.0 (wasm, 1 thread)
7.9667,TRACK,265.134,181.101,1,261.692,172.188,260.026,168.254,9.555,1,265.000,180.000,1.000,1.000,0.997,0.991,cv-only,-1.035,-0.767,-1.035,-0.767,-3.7790,-0.4455,3.9736,onnxruntime-web 1.30.0 (wasm, 1 thread)
8.0000,TRACK,266.996,185.432,1,263.888,176.580,262.321,172.341,9.382,1,267.000,185.000,1.000,1.000,0.997,0.990,cv-only,-1.012,-0.684,-1.012,-0.684,-3.8127,-0.4683,3.7382,onnxruntime-web 1.30.0 (wasm, 1 thread)
8.0333,TRACK,268.890,189.710,1,265.707,180.904,264.552,176.828,9.363,1,268.000,189.000,1.000,1.000,0.997,0.990,cv-only,-1.014,-0.633,-1.014,-0.633,-3.8465,-0.4894,4.0181,onnxruntime-web 1.30.0 (wasm, 1 thread)
8.0667,TRACK,270.955,194.098,1,267.603,185.180,266.397,181.242,9.527,1,270.000,193.000,1.000,1.000,0.997,0.990,cv-only,-0.986,-0.580,-0.986,-0.580,-3.8794,-0.5087,4.1912,onnxruntime-web 1.30.0 (wasm, 1 thread)
8.1000,TRACK,273.025,198.591,1,269.887,189.756,268.320,185.605,9.376,1,273.000,198.000,1.000,1.000,0.997,0.989,cv-only,-0.931,-0.500,-0.931,-0.500,-3.9104,-0.5254,3.8210,onnxruntime-web 1.30.0 (wasm, 1 thread)
8.1333,TRACK,274.966,203.042,1,272.099,194.201,270.639,190.274,9.294,1,275.000,202.000,1.000,1.000,0.997,0.989,cv-only,-0.908,-0.450,-0.908,-0.450,-3.9407,-0.5403,3.8583,onnxruntime-web 1.30.0 (wasm, 1 thread)
8.1667,TRACK,276.942,207.608,1,274.262,198.890,272.883,194.806,9.121,1,277.000,207.000,1.000,1.000,0.997,0.988,cv-only,-0.884,-0.371,-0.884,-0.371,-3.9702,-0.5527,4.5938,onnxruntime-web 1.30.0 (wasm, 1 thread)
8.2000,TRACK,278.951,212.136,1,276.056,203.408,275.076,199.586,9.195,1,278.000,211.000,1.000,1.000,0.997,0.988,cv-only,-0.886,-0.322,-0.886,-0.322,-3.9997,-0.5635,4.7088,onnxruntime-web 1.30.0 (wasm, 1 thread)
8.2333,TRACK,281.131,216.778,1,278.268,208.145,276.892,204.189,9.096,1,281.000,216.000,1.000,1.000,0.985,0.988,agreement,-0.830,-0.245,-0.830,-0.245,-4.0274,-0.5716,4.7298,onnxruntime-web 1.30.0 (wasm, 1 thread)
8.2667,TRACK,283.177,221.378,1,280.094,212.693,279.135,209.013,9.216,1,282.000,220.000,1.000,1.000,0.985,0.987,agreement,-0.833,-0.196,-0.833,-0.196,-4.0551,-0.5781,3.5557,onnxruntime-web 1.30.0 (wasm, 1 thread)
8.3000,TRACK,285.398,226.085,1,282.328,217.782,280.982,213.643,8.853,1,285.000,226.000,1.000,1.000,0.985,0.987,agreement,-0.777,-0.091,-0.777,-0.091,-4.0810,-0.5812,3.6694,onnxruntime-web 1.30.0 (wasm, 1 thread)
8.3333,TRACK,287.487,230.600,1,284.503,222.567,283.246,218.824,8.569,1,287.000,230.000,1.000,1.000,0.985,0.986,agreement,-0.753,-0.047,-0.753,-0.047,-4.1061,-0.5827,4.2304,onnxruntime-web 1.30.0 (wasm, 1 thread)
8.3667,TRACK,289.612,235.233,1,286.638,227.145,285.449,223.693,8.617,1,289.000,234.000,1.000,1.000,0.985,0.985,agreement,-0.728,0.002,-0.728,0.002,-4.1304,-0.5827,3.5660,onnxruntime-web 1.30.0 (wasm, 1 thread)
8.4000,TRACK,291.769,239.958,1,288.746,231.915,287.611,228.347,8.593,1,291.000,239.000,1.000,1.000,0.985,0.983,agreement,-0.702,0.080,-0.702,0.080,-4.1538,-0.5800,3.7954,onnxruntime-web 1.30.0 (wasm, 1 thread)
8.4333,TRACK,293.955,244.615,1,291.169,236.815,289.744,233.196,8.283,1,294.000,244.000,1.000,1.000,0.985,0.981,agreement,-0.650,0.156,-0.650,0.156,-4.1755,-0.5748,2.9635,onnxruntime-web 1.30.0 (wasm, 1 thread)
8.4667,TRACK,296.028,249.208,1,293.137,241.801,292.199,238.177,7.951,1,295.000,249.000,1.000,1.000,0.985,0.979,agreement,-0.654,0.230,-0.654,0.230,-4.1973,-0.5672,2.9727,onnxruntime-web 1.30.0 (wasm, 1 thread)
8.5000,TRACK,298.290,253.737,1,295.464,246.511,294.187,243.244,7.759,1,298.000,253.000,1.000,1.000,0.985,0.977,agreement,-0.600,0.277,-0.600,0.277,-4.2173,-0.5579,2.9479,onnxruntime-web 1.30.0 (wasm, 1 thread)
8.5333,TRACK,300.430,258.341,1,297.701,251.367,296.543,248.027,7.489,1,300.000,258.000,1.000,1.000,0.985,0.976,agreement,-0.576,0.354,-0.576,0.354,-4.2365,-0.5461,4.1578,onnxruntime-web 1.30.0 (wasm, 1 thread)
8.5667,TRACK,302.611,262.852,1,299.875,255.985,298.805,252.956,7.391,1,302.000,262.000,1.000,1.000,0.985,0.976,agreement,-0.551,0.403,-0.406,0.403,-4.2500,-0.5327,4.7558,onnxruntime-web 1.30.0 (wasm, 1 thread)
8.6000,TRACK,304.053,267.411,1,302.007,260.776,301.003,257.642,6.944,1,304.000,267.000,1.000,1.000,0.985,0.976,agreement,-0.526,0.481,0.000,0.481,-4.2500,-0.5167,3.0938,onnxruntime-web 1.30.0 (wasm, 1 thread)
8.6333,TRACK,303.498,271.854,1,303.105,265.683,303.157,262.503,6.183,1,303.000,272.000,1.000,1.000,0.985,0.977,agreement,-0.579,0.557,0.000,0.557,-4.2500,-0.4981,2.9567,onnxruntime-web 1.30.0 (wasm, 1 thread)
8.6667,TRACK,303.110,276.180,1,303.834,270.334,304.254,267.481,5.891,1,303.000,276.000,1.000,1.000,0.985,0.979,agreement,-0.594,0.606,0.000,0.606,-4.2500,-0.4779,3.3837,onnxruntime-web 1.30.0 (wasm, 1 thread)
8.7000,TRACK,302.891,280.528,1,303.978,274.809,304.974,272.195,5.822,1,302.000,280.000,1.000,1.000,0.985,0.981,agreement,-0.632,0.658,0.000,0.658,-4.2500,-0.4560,3.7498,onnxruntime-web 1.30.0 (wasm, 1 thread)
8.7333,TRACK,302.841,284.872,1,304.059,279.163,305.096,276.727,5.837,1,302.000,284.000,1.000,1.000,0.985,0.983,agreement,-0.636,0.712,0.000,0.712,-4.2500,-0.4322,3.0195,onnxruntime-web 1.30.0 (wasm, 1 thread)
8.7667,TRACK,302.959,289.189,1,304.098,283.770,305.154,281.136,5.538,1,302.000,289.000,1.000,1.000,0.985,0.985,agreement,-0.639,0.794,0.000,0.794,-4.2500,-0.4058,3.0406,onnxruntime-web 1.30.0 (wasm, 1 thread)
8.8000,TRACK,303.246,293.320,1,304.443,288.212,305.169,285.801,5.246,1,303.000,293.000,1.000,1.000,0.985,0.986,agreement,-0.615,0.847,0.000,0.847,-4.2500,-0.3776,3.6154,onnxruntime-web 1.30.0 (wasm, 1 thread)
8.8333,TRACK,303.700,297.409,1,304.661,292.542,305.498,290.297,4.961,1,303.000,297.000,1.000,1.000,0.985,0.987,agreement,-0.621,0.902,0.000,0.902,-4.2500,-0.3475,3.9958,onnxruntime-web 1.30.0 (wasm, 1 thread)
8.8667,TRACK,304.323,301.435,1,305.129,296.795,305.698,294.677,4.709,1,304.000,301.000,1.000,1.000,0.985,0.987,agreement,-0.599,0.958,0.000,0.958,-4.2500,-0.3156,3.2988,onnxruntime-web 1.30.0 (wasm, 1 thread)
8.9000,TRACK,305.114,305.377,1,305.767,300.659,306.153,298.977,4.763,1,305.000,304.000,1.000,1.000,0.985,0.987,agreement,-0.579,0.989,0.000,0.989,-4.2500,-0.2826,2.9673,onnxruntime-web 1.30.0 (wasm, 1 thread)
8.9333,TRACK,306.073,309.362,1,306.520,304.929,306.782,302.879,4.456,1,306.000,309.000,1.000,1.000,0.985,0.988,agreement,-0.562,1.078,0.000,1.078,-4.2500,-0.2467,3.3442,onnxruntime-web 1.30.0 (wasm, 1 thread)
8.9667,TRACK,307.199,313.068,1,307.352,308.803,307.530,307.194,4.267,1,307.000,312.000,1.000,1.000,0.985,0.988,agreement,-0.546,1.109,0.000,1.109,-4.2500,-0.2097,4.1185,onnxruntime-web 1.30.0 (wasm, 1 thread)
9.0000,TRACK,308.493,316.790,1,308.238,313.079,308.358,311.104,3.720,1,308.000,317.000,1.000,1.000,0.985,0.989,agreement,-0.531,1.197,0.000,1.197,-4.2500,-0.1698,4.8393,onnxruntime-web 1.30.0 (wasm, 1 thread)
9.0333,TRACK,309.952,320.208,1,309.160,316.956,309.241,315.423,3.347,1,309.000,320.000,1.000,1.000,0.985,0.989,agreement,-0.517,1.229,0.000,1.229,-4.2500,-0.1289,4.4873,onnxruntime-web 1.30.0 (wasm, 1 thread)
9.0667,TRACK,311.578,323.616,1,310.442,320.562,310.161,319.335,3.258,1,311.000,323.000,1.000,1.000,0.985,0.989,agreement,-0.476,1.265,0.000,1.265,-4.2500,-0.0867,4.3788,onnxruntime-web 1.30.0 (wasm, 1 thread)
9.1000,TRACK,313.370,326.976,1,311.969,324.319,311.450,322.969,3.004,1,313.000,327.000,1.000,1.000,0.985,0.990,agreement,-0.439,1.330,0.000,1.330,-4.2500,-0.0424,4.2295,onnxruntime-web 1.30.0 (wasm, 1 thread)
9.1333,TRACK,315.327,330.115,1,313.662,327.842,312.988,326.755,2.818,1,315.000,330.000,1.000,1.000,0.985,0.990,agreement,-0.405,1.368,0.000,1.368,-4.2500,0.0033,4.3195,onnxruntime-web 1.30.0 (wasm, 1 thread)
9.1667,TRACK,317.448,333.171,1,315.467,330.871,314.696,330.302,3.035,1,317.000,332.000,1.000,1.000,0.985,0.990,agreement,-0.373,1.382,0.000,1.382,-4.2500,0.0493,3.2276,onnxruntime-web 1.30.0 (wasm, 1 thread)
9.2000,TRACK,319.733,336.255,1,317.349,334.233,316.518,333.344,3.126,1,319.000,336.000,1.000,1.000,0.985,0.990,agreement,-0.343,1.455,0.000,1.455,-4.2500,0.0978,8.6596,onnxruntime-web 1.30.0 (wasm, 1 thread)
9.2333,TRACK,322.181,339.041,1,319.618,337.153,318.419,336.726,3.183,1,322.000,338.000,1.000,1.000,0.986,0.991,agreement,-0.286,1.471,0.000,1.471,-4.2500,0.1469,3.4134,onnxruntime-web 1.30.0 (wasm, 1 thread)
9.2667,TRACK,324.791,341.818,1,321.815,340.105,320.714,339.655,3.434,1,324.000,341.000,1.000,1.000,0.985,0.991,agreement,-0.261,1.519,0.000,1.519,-4.2500,0.1975,3.1950,onnxruntime-web 1.30.0 (wasm, 1 thread)
9.3000,TRACK,327.563,344.401,1,324.297,343.080,322.935,342.617,3.523,1,327.000,344.000,1.000,1.000,0.985,0.991,agreement,-0.207,1.567,0.000,1.567,-4.2500,0.2498,3.3938,onnxruntime-web 1.30.0 (wasm, 1 thread)
9.3333,TRACK,330.494,346.779,1,326.972,345.736,325.448,345.603,3.673,1,330.000,346.000,1.000,1.000,0.985,0.991,agreement,-0.158,1.588,0.000,1.588,-4.2500,0.3027,3.5651,onnxruntime-web 1.30.0 (wasm, 1 thread)
9.3667,TRACK,333.586,349.080,1,329.779,348.509,328.157,348.261,3.850,1,333.000,349.000,1.000,1.000,0.985,0.992,agreement,-0.110,1.640,0.000,1.640,-4.2500,0.3573,3.2539,onnxruntime-web 1.30.0 (wasm, 1 thread)
9.4000,TRACK,336.836,351.128,1,332.674,351.026,331.000,351.040,4.163,1,336.000,351.000,1.000,1.000,0.985,0.992,agreement,-0.064,1.663,0.000,1.663,-4.2500,0.4128,3.4775,onnxruntime-web 1.30.0 (wasm, 1 thread)
9.4333,TRACK,340.243,353.056,1,335.964,353.370,333.932,353.557,4.290,1,340.000,353.000,1.000,1.000,0.985,0.992,agreement,0.008,1.690,0.008,1.690,-4.2497,0.4691,2.9648,onnxruntime-web 1.30.0 (wasm, 1 thread)
9.4667,TRACK,343.763,354.836,1,339.188,355.262,337.268,355.897,4.595,1,343.000,354.000,1.000,1.000,0.985,0.992,agreement,0.049,1.692,0.049,1.692,-4.2481,0.5255,3.0142,onnxruntime-web 1.30.0 (wasm, 1 thread)
9.5000,TRACK,347.219,356.582,1,342.699,357.180,340.533,357.774,4.559,1,347.000,356.000,1.000,1.000,0.985,0.992,agreement,0.118,1.727,0.118,1.727,-4.2442,0.5831,3.5754,onnxruntime-web 1.30.0 (wasm, 1 thread)
9.5333,TRACK,350.464,358.112,1,346.071,359.117,344.093,359.679,4.507,1,350.000,358.000,1.000,1.000,0.985,0.993,agreement,0.156,1.761,0.156,1.761,-4.2389,0.6418,3.8032,onnxruntime-web 1.30.0 (wasm, 1 thread)
9.5667,TRACK,353.657,359.411,1,349.348,360.732,347.509,361.603,4.507,1,353.000,359.000,1.000,1.000,0.985,0.993,agreement,0.197,1.768,0.197,1.768,-4.2324,0.7007,3.0520,onnxruntime-web 1.30.0 (wasm, 1 thread)
9.6000,TRACK,356.786,360.608,1,352.560,362.128,350.827,363.199,4.491,1,356.000,360.000,1.000,1.000,0.985,0.993,agreement,0.238,1.779,0.238,1.779,-4.2245,0.7600,2.9425,onnxruntime-web 1.30.0 (wasm, 1 thread)
9.6333,TRACK,359.843,361.669,1,355.726,363.375,354.077,364.571,4.457,1,359.000,361.000,1.000,1.000,0.985,0.993,agreement,0.281,1.793,0.281,1.793,-4.2151,0.8198,3.4294,onnxruntime-web 1.30.0 (wasm, 1 thread)
9.6667,TRACK,362.823,362.567,1,358.861,364.522,357.280,365.792,4.418,1,362.000,362.000,1.000,1.000,0.986,0.993,agreement,0.324,1.809,0.324,1.809,-4.2043,0.8801,3.1730,onnxruntime-web 1.30.0 (wasm, 1 thread)
9.7000,TRACK,365.720,363.278,1,362.309,365.601,360.450,366.911,4.127,1,366.000,363.000,1.000,1.000,0.985,0.993,agreement,0.394,1.826,0.394,1.826,-4.1912,0.9409,2.9296,onnxruntime-web 1.30.0 (wasm, 1 thread)
9.7333,TRACK,368.389,363.781,1,365.299,366.299,363.939,367.961,3.985,1,368.000,363.000,1.000,1.000,0.985,0.993,agreement,0.407,1.817,0.407,1.817,-4.1776,1.0015,3.0532,onnxruntime-web 1.30.0 (wasm, 1 thread)
9.7667,TRACK,371.130,364.202,1,367.978,367.074,366.960,368.622,4.264,1,370.000,364.000,1.000,1.000,0.985,0.993,agreement,0.426,1.839,0.426,1.839,-4.1634,1.0628,3.8360,onnxruntime-web 1.30.0 (wasm, 1 thread)
9.8000,TRACK,373.913,364.360,1,370.780,367.566,369.661,369.362,4.483,1,373.000,364.000,1.000,1.000,0.985,0.993,agreement,0.475,1.834,0.475,1.834,-4.1476,1.1239,5.8349,onnxruntime-web 1.30.0 (wasm, 1 thread)
9.8333,TRACK,376.574,364.390,1,373.664,367.867,372.488,369.815,4.534,1,376.000,364.000,1.000,1.000,0.985,0.993,agreement,0.523,1.832,0.523,1.832,-4.1301,1.1850,2.9789,onnxruntime-web 1.30.0 (wasm, 1 thread)
9.8667,TRACK,379.119,364.260,1,376.605,367.704,375.398,370.072,4.264,1,379.000,363.000,1.000,1.000,0.985,0.993,agreement,0.570,1.806,0.570,1.806,-4.1111,1.2452,3.6289,onnxruntime-web 1.30.0 (wasm, 1 thread)
9.9000,TRACK,381.551,364.088,1,379.248,367.895,378.366,369.856,4.449,1,381.000,364.000,1.000,1.000,0.985,0.994,agreement,0.590,1.839,0.590,1.839,-4.0914,1.3065,26.3846,onnxruntime-web 1.30.0 (wasm, 1 thread)
9.9333,TRACK,384.013,363.549,1,382.024,367.658,381.029,370.004,4.565,1,384.000,363.000,1.000,1.000,0.985,0.994,agreement,0.640,1.814,0.640,1.814,-4.0701,1.3669,7.5087,onnxruntime-web 1.30.0 (wasm, 1 thread)
9.9667,TRACK,386.341,362.935,1,384.555,367.131,383.827,369.715,4.560,1,386.000,362.000,1.000,1.000,0.985,0.994,agreement,0.662,1.794,0.662,1.794,-4.0480,1.4267,6.8896,onnxruntime-web 1.30.0 (wasm, 1 thread)
10.0000,TRACK,388.683,362.210,1,387.253,366.742,386.374,369.130,4.753,1,389.000,362.000,1.000,1.000,0.985,0.994,agreement,0.714,1.805,0.714,1.805,-4.0242,1.4869,15.7684,onnxruntime-web 1.30.0 (wasm, 1 thread)
10.0333,TRACK,390.881,361.200,1,389.731,366.113,389.092,368.688,5.046,1,391.000,361.000,1.000,1.000,0.985,0.994,agreement,0.737,1.787,0.737,1.787,-3.9996,1.5464,14.2889,onnxruntime-web 1.30.0 (wasm, 1 thread)
10.0667,TRACK,393.082,360.046,1,392.058,365.322,391.584,368.002,5.375,1,393.000,360.000,1.000,1.000,0.985,0.994,agreement,0.763,1.772,0.763,1.772,-3.9742,1.6055,10.0790,onnxruntime-web 1.30.0 (wasm, 1 thread)
10.1000,TRACK,395.272,358.720,1,394.283,364.087,393.922,367.152,5.457,1,395.000,358.000,1.000,1.000,0.985,0.994,agreement,0.791,1.732,0.791,1.732,-3.9478,1.6632,7.3258,onnxruntime-web 1.30.0 (wasm, 1 thread)
10.1333,TRACK,397.439,357.345,1,396.437,362.885,396.154,365.848,5.629,1,397.000,357.000,1.000,1.000,0.985,0.994,agreement,0.820,1.724,0.820,1.724,-3.9205,1.7207,3.2994,onnxruntime-web 1.30.0 (wasm, 1 thread)
10.1667,TRACK,399.573,355.741,1,398.545,361.706,398.315,364.580,6.053,1,399.000,356.000,1.000,1.000,0.985,0.994,agreement,0.850,1.716,0.850,1.716,-3.8922,1.7779,3.1850,onnxruntime-web 1.30.0 (wasm, 1 thread)
10.2000,TRACK,401.667,353.900,1,400.619,360.211,400.427,363.338,6.397,1,401.000,354.000,1.000,1.000,0.985,0.994,agreement,0.880,1.681,0.880,1.681,-3.8628,1.8339,4.4952,onnxruntime-web 1.30.0 (wasm, 1 thread)
10.2333,TRACK,403.716,351.955,1,402.672,358.500,402.506,361.772,6.628,1,403.000,352.000,1.000,1.000,0.985,0.994,agreement,0.911,1.649,0.911,1.649,-3.8325,1.8889,3.0879,onnxruntime-web 1.30.0 (wasm, 1 thread)
10.2667,TRACK,405.715,349.878,1,404.709,356.643,404.562,359.989,6.840,1,405.000,350.000,1.000,1.000,0.985,0.993,agreement,0.943,1.620,0.943,1.620,-3.8010,1.9429,3.5558,onnxruntime-web 1.30.0 (wasm, 1 thread)
10.3000,TRACK,407.660,347.647,1,406.736,354.355,406.603,358.058,6.771,1,407.000,347.000,1.000,1.000,0.985,0.993,agreement,0.975,1.566,0.975,1.566,-3.7685,1.9951,3.0333,onnxruntime-web 1.30.0 (wasm, 1 thread)
10.3333,TRACK,409.547,345.387,1,408.756,352.108,408.633,355.687,6.768,1,409.000,345.000,1.000,1.000,0.985,0.993,agreement,1.007,1.544,1.007,1.544,-3.7350,2.0466,2.9879,onnxruntime-web 1.30.0 (wasm, 1 thread)
10.3667,TRACK,411.372,342.920,1,410.771,349.891,410.656,353.361,6.997,1,411.000,343.000,1.000,1.000,0.985,0.993,agreement,1.039,1.521,1.039,1.521,-3.7004,2.0973,3.0934,onnxruntime-web 1.30.0 (wasm, 1 thread)
10.4000,TRACK,413.133,340.243,1,412.783,347.026,412.673,351.067,6.791,1,413.000,339.000,1.000,1.000,0.985,0.993,agreement,1.071,1.445,1.071,1.445,-3.6647,2.1455,3.0521,onnxruntime-web 1.30.0 (wasm, 1 thread)
10.4333,TRACK,414.826,337.634,1,414.457,344.390,414.687,348.111,6.766,1,414.000,337.000,1.000,1.000,0.985,0.993,agreement,1.077,1.429,1.077,1.429,-3.6288,2.1931,3.1068,onnxruntime-web 1.30.0 (wasm, 1 thread)
10.4667,TRACK,416.590,334.763,1,416.237,341.578,416.357,345.393,6.824,1,416.000,334.000,1.000,1.000,0.986,0.993,agreement,1.113,1.384,1.113,1.384,-3.5917,2.2392,3.1416,onnxruntime-web 1.30.0 (wasm, 1 thread)
10.5000,TRACK,418.259,331.779,1,418.089,338.981,418.134,342.496,7.204,1,418.000,332.000,1.000,1.000,0.985,0.993,agreement,1.148,1.368,1.148,1.368,-3.5534,2.2848,3.7591,onnxruntime-web 1.30.0 (wasm, 1 thread)
10.5333,TRACK,419.837,328.525,1,419.990,335.862,419.985,339.821,7.338,1,420.000,328.000,1.000,1.000,0.985,0.993,agreement,1.183,1.296,1.183,1.296,-3.5140,2.3280,3.2088,onnxruntime-web 1.30.0 (wasm, 1 thread)
10.5667,TRACK,421.325,325.293,1,421.589,332.725,421.886,336.614,7.436,1,421.000,325.000,1.000,1.000,0.985,0.993,agreement,1.190,1.256,1.190,1.256,-3.4743,2.3699,3.0913,onnxruntime-web 1.30.0 (wasm, 1 thread)
10.6000,TRACK,422.865,321.904,1,422.984,329.576,423.479,333.390,7.673,1,422.000,322.000,1.000,1.000,0.985,0.993,agreement,1.202,1.217,1.202,1.217,-3.4342,2.4105,2.9425,onnxruntime-web 1.30.0 (wasm, 1 thread)
10.6333,TRACK,424.435,318.353,1,424.238,326.085,424.862,330.157,7.735,1,423.000,318.000,1.000,1.000,0.985,0.993,agreement,1.215,1.151,1.215,1.151,-3.3937,2.4488,3.6368,onnxruntime-web 1.30.0 (wasm, 1 thread)
10.6667,TRACK,426.020,314.777,1,426.069,322.364,426.103,326.576,7.587,1,426.000,314.000,1.000,1.000,0.985,0.992,agreement,1.284,1.089,1.284,1.089,-3.3509,2.4851,3.0464,onnxruntime-web 1.30.0 (wasm, 1 thread)
10.7000,TRACK,427.324,311.153,1,427.620,318.487,427.932,322.761,7.340,1,427.000,310.000,1.000,1.000,0.985,0.992,agreement,1.292,1.029,1.292,1.029,-3.3079,2.5194,3.1956,onnxruntime-web 1.30.0 (wasm, 1 thread)
10.7333,TRACK,428.664,307.464,1,428.982,314.841,429.477,318.789,7.384,1,428.000,307.000,1.000,1.000,0.997,0.992,cv-only,1.304,0.998,1.304,0.998,-3.2644,2.5527,3.2600,onnxruntime-web 1.30.0 (wasm, 1 thread)
10.7667,TRACK,430.018,303.556,1,430.216,311.018,430.828,315.055,7.464,1,429.000,303.000,1.000,1.000,0.997,0.992,cv-only,1.318,0.938,1.318,0.938,-3.2204,2.5839,3.6913,onnxruntime-web 1.30.0 (wasm, 1 thread)
10.8000,TRACK,431.372,299.585,1,431.697,307.410,432.048,311.142,7.832,1,431.000,300.000,1.000,1.000,0.997,0.992,cv-only,1.361,0.906,1.361,0.906,-3.1751,2.6141,3.2000,onnxruntime-web 1.30.0 (wasm, 1 thread)
10.8333,TRACK,432.574,295.396,1,433.012,303.282,433.522,307.452,7.898,1,432.000,295.000,1.000,1.000,0.997,0.992,cv-only,1.374,0.818,1.374,0.818,-3.1293,2.6414,11.0165,onnxruntime-web 1.30.0 (wasm, 1 thread)
10.8667,TRACK,433.777,291.287,1,434.549,298.799,434.825,303.230,7.552,1,434.000,290.000,1.000,1.000,0.997,0.992,cv-only,1.416,0.736,1.416,0.736,-3.0821,2.6660,5.0140,onnxruntime-web 1.30.0 (wasm, 1 thread)
10.9000,TRACK,434.825,287.225,1,435.567,294.413,436.356,298.650,7.227,1,434.000,286.000,1.000,1.000,0.997,0.992,cv-only,1.402,0.685,1.402,0.685,-3.0354,2.6888,3.6332,onnxruntime-web 1.30.0 (wasm, 1 thread)
10.9333,TRACK,436.014,283.047,1,436.902,290.429,437.356,294.169,7.435,1,436.000,283.000,1.000,1.000,0.997,0.992,cv-only,1.447,0.659,1.447,0.659,-2.9872,2.7108,9.8386,onnxruntime-web 1.30.0 (wasm, 1 thread)
10.9667,TRACK,437.023,278.619,1,438.118,286.049,438.681,290.101,7.510,1,437.000,278.000,1.000,1.000,0.997,0.992,cv-only,1.462,0.576,1.462,0.576,-2.9384,2.7300,3.5506,onnxruntime-web 1.30.0 (wasm, 1 thread)
11.0000,TRACK,438.012,274.251,1,438.919,281.736,439.885,285.631,7.540,1,437.000,274.000,1.000,1.000,0.997,0.991,cv-only,1.452,0.523,1.452,0.523,-2.8900,2.7474,5.1645,onnxruntime-web 1.30.0 (wasm, 1 thread)
11.0333,TRACK,439.111,269.779,1,439.772,277.136,440.664,281.232,7.386,1,438.000,269.000,1.000,1.000,0.997,0.991,cv-only,1.473,0.443,1.473,0.443,-2.8409,2.7621,8.2836,onnxruntime-web 1.30.0 (wasm, 1 thread)
11.0667,TRACK,440.149,265.352,1,440.996,272.676,441.498,276.541,7.372,1,440.000,265.000,1.000,1.000,0.997,0.991,cv-only,1.521,0.392,1.521,0.392,-2.7902,2.7752,3.9175,onnxruntime-web 1.30.0 (wasm, 1 thread)
11.1000,TRACK,440.986,260.814,1,441.803,267.978,442.710,271.995,7.210,1,440.000,260.000,1.000,1.000,0.997,0.991,cv-only,1.511,0.314,1.511,0.314,-2.7399,2.7857,3.3434,onnxruntime-web 1.30.0 (wasm, 1 thread)
11.1333,TRACK,441.923,256.318,1,442.661,263.454,443.497,267.208,7.174,1,441.000,256.000,1.000,1.000,0.997,0.991,cv-only,1.532,0.264,1.532,0.264,-2.6888,2.7945,3.2016,onnxruntime-web 1.30.0 (wasm, 1 thread)
11.1667,TRACK,442.791,251.714,1,443.554,258.715,444.336,262.601,7.043,1,442.000,251.000,1.000,1.000,0.997,0.991,cv-only,1.553,0.186,1.553,0.186,-2.6370,2.8007,3.1661,onnxruntime-web 1.30.0 (wasm, 1 thread)
11.2000,TRACK,443.589,247.158,1,444.471,254.167,445.212,257.776,7.064,1,443.000,247.000,1.000,1.000,0.997,0.991,cv-only,1.574,0.136,1.574,0.136,-2.5846,2.8052,3.5713,onnxruntime-web 1.30.0 (wasm, 1 thread)
11.2333,TRACK,444.315,242.500,1,445.405,249.414,446.113,253.147,6.999,1,444.000,242.000,1.000,1.000,0.997,0.991,cv-only,1.594,0.058,1.594,0.058,-2.5314,2.8071,3.4986,onnxruntime-web 1.30.0 (wasm, 1 thread)
11.2667,TRACK,444.969,237.901,1,446.016,244.857,447.031,248.310,7.035,1,444.000,238.000,1.000,1.000,0.997,0.991,cv-only,1.588,0.009,1.588,0.009,-2.4785,2.8074,3.3398,onnxruntime-web 1.30.0 (wasm, 1 thread)
11.3000,TRACK,445.690,233.211,1,447.077,240.102,447.620,243.678,7.029,1,446.000,233.000,1.000,1.000,0.997,0.991,cv-only,1.639,-0.070,1.639,-0.070,-2.4238,2.8051,3.3077,onnxruntime-web 1.30.0 (wasm, 1 thread)
11.3333,TRACK,446.170,228.592,1,447.775,235.211,448.669,238.842,6.811,1,446.000,228.000,1.000,1.000,0.997,0.991,cv-only,1.631,-0.146,1.631,-0.146,-2.3694,2.8002,3.7582,onnxruntime-web 1.30.0 (wasm, 1 thread)
11.3667,TRACK,446.718,224.039,1,448.226,230.565,449.346,233.871,6.698,1,446.000,224.000,1.000,1.000,0.997,0.991,cv-only,1.628,-0.195,1.628,-0.195,-2.3152,2.7937,5.9207,onnxruntime-web 1.30.0 (wasm, 1 thread)
11.4000,TRACK,447.308,219.409,1,448.509,225.752,449.772,229.152,6.456,1,446.000,219.000,1.000,1.000,0.997,0.991,cv-only,1.628,-0.272,1.628,-0.272,-2.2609,2.7847,3.1599,onnxruntime-web 1.30.0 (wasm, 1 thread)
11.4333,TRACK,447.922,214.867,1,449.348,220.826,450.027,224.263,6.127,1,448.000,214.000,1.000,1.000,0.997,0.992,cv-only,1.682,-0.349,1.682,-0.349,-2.2048,2.7730,3.0380,onnxruntime-web 1.30.0 (wasm, 1 thread)
11.4667,TRACK,448.262,210.412,1,449.897,216.159,450.852,219.260,5.975,1,448.000,210.000,1.000,1.000,0.997,0.992,cv-only,1.678,-0.397,1.678,-0.397,-2.1489,2.7598,3.8582,onnxruntime-web 1.30.0 (wasm, 1 thread)
11.5000,TRACK,448.643,205.904,1,450.247,211.335,451.379,214.524,5.663,1,448.000,205.000,1.000,1.000,0.997,0.992,cv-only,1.676,-0.475,1.676,-0.475,-2.0930,2.7440,3.0734,onnxruntime-web 1.30.0 (wasm, 1 thread)
11.5333,TRACK,449.043,201.510,1,450.799,206.739,451.704,209.629,5.516,1,449.000,201.000,1.000,1.000,0.997,0.992,cv-only,1.704,-0.525,1.704,-0.525,-2.0363,2.7265,3.1051,onnxruntime-web 1.30.0 (wasm, 1 thread)
11.5667,TRACK,449.306,197.088,1,451.152,202.301,452.236,204.970,5.530,1,449.000,197.000,1.000,1.000,0.997,0.992,cv-only,1.703,-0.578,1.703,-0.578,-1.9795,2.7072,3.5445,onnxruntime-web 1.30.0 (wasm, 1 thread)
11.6000,TRACK,449.582,192.663,1,451.371,197.634,452.565,200.472,5.283,1,449.000,192.000,1.000,1.000,0.997,0.992,cv-only,1.704,-0.659,1.704,-0.659,-1.9227,2.6852,3.7304,onnxruntime-web 1.30.0 (wasm, 1 thread)
11.6333,TRACK,449.856,188.397,1,451.834,193.149,452.757,195.742,5.147,1,450.000,188.000,1.000,1.000,0.997,0.992,cv-only,1.733,-0.711,1.733,-0.711,-1.8650,2.6615,3.0759,onnxruntime-web 1.30.0 (wasm, 1 thread)
11.6667,TRACK,449.974,184.146,1,451.793,188.454,453.200,191.200,4.676,1,449.000,183.000,1.000,1.000,0.997,0.992,cv-only,1.706,-0.792,1.706,-0.792,-1.8081,2.6351,3.0295,onnxruntime-web 1.30.0 (wasm, 1 thread)
11.7000,TRACK,450.231,180.072,1,451.745,183.950,453.128,186.443,4.163,1,449.000,179.000,1.000,1.000,0.997,0.993,cv-only,1.712,-0.845,1.712,-0.845,-1.7510,2.6070,2.9845,onnxruntime-web 1.30.0 (wasm, 1 thread)
11.7333,TRACK,450.453,176.034,1,452.028,179.913,453.049,181.884,4.187,1,450.000,176.000,1.000,1.000,0.997,0.993,cv-only,1.744,-0.873,1.744,-0.873,-1.6929,2.5779,3.5261,onnxruntime-web 1.30.0 (wasm, 1 thread)
11.7667,TRACK,450.492,171.913,1,452.201,175.860,453.309,177.803,4.301,1,450.000,172.000,1.000,1.000,0.997,0.993,cv-only,1.746,-0.933,1.746,-0.933,-1.6347,2.5468,3.1596,onnxruntime-web 1.30.0 (wasm, 1 thread)
11.8000,TRACK,450.509,167.892,1,452.299,171.796,453.457,173.707,4.295,1,450.000,168.000,1.000,1.000,0.997,0.993,cv-only,1.750,-0.993,1.750,-0.993,-1.5764,2.5137,3.1670,onnxruntime-web 1.30.0 (wasm, 1 thread)
11.8333,TRACK,450.492,163.982,1,452.348,167.724,453.530,169.600,4.177,1,450.000,164.000,1.000,1.000,0.997,0.993,cv-only,1.754,-1.053,1.754,-1.053,-1.5179,2.4786,4.5658,onnxruntime-web 1.30.0 (wasm, 1 thread)
11.8667,TRACK,450.435,160.196,1,452.363,163.315,453.552,165.487,3.666,1,450.000,159.000,1.000,1.000,0.997,0.993,cv-only,1.759,-1.140,1.759,-1.140,-1.4593,2.4406,3.0500,onnxruntime-web 1.30.0 (wasm, 1 thread)
11.9000,TRACK,450.331,156.688,1,452.020,159.680,453.541,161.029,3.435,1,449.000,157.000,1.000,1.000,0.997,0.993,cv-only,1.738,-1.143,1.738,-1.143,-1.4013,2.4025,3.0891,onnxruntime-web 1.30.0 (wasm, 1 thread)
11.9333,TRACK,450.316,153.026,1,452.104,155.902,453.164,157.364,3.388,1,450.000,153.000,1.000,1.000,0.997,0.994,cv-only,1.774,-1.209,1.774,-1.209,-1.3422,2.3622,3.7057,onnxruntime-web 1.30.0 (wasm, 1 thread)
11.9667,TRACK,450.082,149.553,1,452.145,152.029,453.225,153.554,3.223,1,450.000,149.000,1.000,1.000,0.997,0.994,cv-only,1.778,-1.273,1.778,-1.273,-1.2829,2.3197,6.1870,onnxruntime-web 1.30.0 (wasm, 1 thread)
12.0000,TRACK,449.794,146.275,1,451.821,148.426,453.242,149.647,2.956,1,449.000,146.000,1.000,1.000,0.997,0.994,cv-only,1.757,-1.310,1.757,-1.310,-1.2244,2.2761,3.2873,onnxruntime-web 1.30.0 (wasm, 1 thread)
12.0333,TRACK,449.587,143.058,1,451.585,145.006,452.886,146.016,2.790,1,449.000,143.000,1.000,1.000,0.997,0.994,cv-only,1.766,-1.350,1.766,-1.350,-1.1655,2.2311,3.1830,onnxruntime-web 1.30.0 (wasm, 1 thread)
12.0667,TRACK,449.295,139.934,1,451.073,141.377,452.621,142.575,2.291,1,448.000,139.000,1.000,1.000,0.997,0.994,cv-only,1.748,-1.418,1.748,-1.418,-1.1073,2.1838,3.8896,onnxruntime-web 1.30.0 (wasm, 1 thread)
12.1000,TRACK,449.061,137.068,1,450.710,138.276,452.075,138.919,2.045,1,448.000,137.000,1.000,1.000,0.997,0.994,cv-only,1.759,-1.432,1.759,-1.432,-1.0486,2.1361,3.2883,onnxruntime-web 1.30.0 (wasm, 1 thread)
12.1333,TRACK,448.724,134.179,1,450.449,134.865,451.682,135.804,1.856,1,448.000,133.000,1.000,1.000,0.986,0.994,agreement,1.769,-1.504,1.769,-1.504,-0.9897,2.0860,3.7675,onnxruntime-web 1.30.0 (wasm, 1 thread)
12.1667,TRACK,448.289,131.598,1,449.921,131.912,451.393,132.371,1.662,1,447.000,131.000,1.000,1.000,0.985,0.994,agreement,1.751,-1.521,1.751,-1.521,-0.9313,2.0353,3.2948,onnxruntime-web 1.30.0 (wasm, 1 thread)
12.2000,TRACK,447.902,129.037,1,449.549,128.937,450.833,129.409,1.650,1,447.000,128.000,1.000,1.000,0.985,0.994,agreement,1.763,-1.569,1.763,-1.569,-0.8725,1.9830,3.5888,onnxruntime-web 1.30.0 (wasm, 1 thread)
12.2333,TRACK,447.402,126.679,1,449.283,126.281,450.432,126.423,1.922,1,447.000,126.000,1.000,1.000,0.985,0.995,agreement,1.773,-1.590,1.773,-1.590,-0.8134,1.9300,3.0808,onnxruntime-web 1.30.0 (wasm, 1 thread)
12.2667,TRACK,446.795,124.397,1,448.753,123.843,450.140,123.764,2.035,1,446.000,124.000,1.000,1.000,0.985,0.995,agreement,1.755,-1.615,1.755,-1.615,-0.7549,1.8761,4.5330,onnxruntime-web 1.30.0 (wasm, 1 thread)
12.3000,TRACK,446.227,122.225,1,448.381,121.553,449.580,121.327,2.256,1,446.000,122.000,1.000,1.000,0.985,0.995,agreement,1.767,-1.643,1.767,-1.643,-0.6960,1.8214,3.9721,onnxruntime-web 1.30.0 (wasm, 1 thread)
12.3333,TRACK,445.536,120.191,1,447.780,119.363,449.180,119.042,2.392,1,445.000,120.000,1.000,1.000,0.985,0.995,agreement,1.751,-1.673,1.751,-1.673,-0.6376,1.7656,2.9856,onnxruntime-web 1.30.0 (wasm, 1 thread)
12.3667,TRACK,444.872,118.319,1,447.026,117.242,448.549,116.860,2.408,1,444.000,118.000,1.000,1.000,0.985,0.995,agreement,1.737,-1.704,1.737,-1.704,-0.5798,1.7088,3.3578,onnxruntime-web 1.30.0 (wasm, 1 thread)
12.4000,TRACK,444.217,116.629,1,446.501,115.501,447.760,114.747,2.547,1,444.000,117.000,1.000,1.000,0.985,0.995,agreement,1.751,-1.710,1.751,-1.710,-0.5214,1.6518,3.0347,onnxruntime-web 1.30.0 (wasm, 1 thread)
12.4333,TRACK,443.417,115.000,1,445.464,113.685,447.208,113.023,2.432,1,442.000,115.000,1.000,1.000,0.985,0.995,track-verified,1.710,-1.746,1.710,-1.746,-0.4644,1.5936,3.7283,onnxruntime-web 1.30.0 (wasm, 1 thread)
12.4667,TRACK,442.767,113.610,1,444.748,111.817,446.132,111.222,2.671,1,442.000,113.000,1.000,1.000,0.985,0.995,track-verified,1.728,-1.782,1.728,-1.782,-0.4068,1.5342,2.9714,onnxruntime-web 1.30.0 (wasm, 1 thread)
12.5000,TRACK,441.950,112.469,1,443.916,110.249,445.385,109.367,2.966,1,441.000,112.000,1.000,1.000,0.985,0.995,track-verified,1.715,-1.791,1.715,-1.791,-0.3496,1.4745,3.8490,onnxruntime-web 1.30.0 (wasm, 1 thread)
12.5333,TRACK,441.124,111.447,1,443.342,108.884,444.521,107.818,3.390,1,441.000,111.000,1.000,1.000,0.985,0.995,track-verified,1.730,-1.803,1.730,-1.803,-0.2920,1.4144,3.1671,onnxruntime-web 1.30.0 (wasm, 1 thread)
12.5667,TRACK,440.137,110.577,1,442.607,107.657,443.920,106.477,3.825,1,440.000,110.000,1.000,1.000,0.985,0.995,track-verified,1.716,-1.818,1.716,-1.818,-0.2348,1.3538,5.9078,onnxruntime-web 1.30.0 (wasm, 1 thread)
12.6000,TRACK,439.145,109.885,1,441.764,106.523,443.156,105.276,4.262,1,439.000,109.000,1.000,1.000,0.985,0.995,track-verified,1.704,-1.834,1.704,-1.834,-0.1780,1.2927,3.4600,onnxruntime-web 1.30.0 (wasm, 1 thread)
12.6333,TRACK,438.135,109.394,1,440.513,105.788,442.283,104.170,4.320,1,437.000,109.000,1.000,1.000,0.985,0.995,track-verified,1.666,-1.825,1.666,-1.825,-0.1224,1.2318,3.4723,onnxruntime-web 1.30.0 (wasm, 1 thread)
12.6667,TRACK,437.240,108.982,1,439.655,105.323,440.992,103.471,4.385,1,437.000,109.000,1.000,1.000,0.985,0.995,track-verified,1.686,-1.821,1.686,-1.821,-0.0662,1.1712,3.4744,onnxruntime-web 1.30.0 (wasm, 1 thread)
12.7000,TRACK,436.148,108.686,1,438.730,105.041,440.104,103.047,4.467,1,436.000,109.000,1.000,1.000,0.985,0.995,track-verified,1.675,-1.820,1.675,-1.820,-0.0104,1.1105,3.0435,onnxruntime-web 1.30.0 (wasm, 1 thread)
12.7333,TRACK,435.022,108.537,1,437.759,104.548,439.148,102.809,4.838,1,435.000,108.000,1.000,1.000,0.985,0.995,track-verified,1.665,-1.847,1.665,-1.847,0.0451,1.0489,3.5174,onnxruntime-web 1.30.0 (wasm, 1 thread)
12.7667,TRACK,433.857,108.701,1,436.758,104.245,438.147,102.355,5.317,1,434.000,108.000,1.000,1.000,0.985,0.995,track-verified,1.655,-1.846,1.655,-1.846,0.1003,0.9874,2.9769,onnxruntime-web 1.30.0 (wasm, 1 thread)
12.8000,TRACK,432.647,109.036,1,435.402,104.407,437.115,102.095,5.386,1,432.000,109.000,1.000,1.000,0.985,0.995,agreement,1.619,-1.820,1.619,-1.820,0.1543,0.9267,3.2445,onnxruntime-web 1.30.0 (wasm, 1 thread)
12.8333,TRACK,431.529,109.425,1,434.140,104.549,435.721,102.308,5.530,1,431.000,109.000,1.000,1.000,0.985,0.995,agreement,1.614,-1.827,1.614,-1.827,0.2081,0.8658,3.9853,onnxruntime-web 1.30.0 (wasm, 1 thread)
12.8667,TRACK,430.338,110.050,1,432.942,104.677,434.423,102.500,5.971,1,430.000,109.000,1.000,1.000,0.985,0.995,agreement,1.608,-1.833,1.608,-1.833,0.2617,0.8047,5.9995,onnxruntime-web 1.30.0 (wasm, 1 thread)
12.9000,TRACK,429.077,110.923,1,431.454,105.128,433.193,102.675,6.263,1,428.000,110.000,1.000,1.000,0.985,0.995,agreement,1.574,-1.812,1.574,-1.812,0.3142,0.7443,3.0321,onnxruntime-web 1.30.0 (wasm, 1 thread)
12.9333,TRACK,427.889,111.913,1,430.438,106.135,431.666,103.182,6.315,1,428.000,112.000,1.000,1.000,0.985,0.995,agreement,1.597,-1.769,1.597,-1.769,0.3674,0.6853,3.1275,onnxruntime-web 1.30.0 (wasm, 1 thread)
12.9667,TRACK,426.471,112.909,1,429.075,106.848,430.623,104.254,6.596,1,426.000,112.000,1.000,1.000,0.985,0.995,agreement,1.561,-1.786,1.561,-1.786,0.4194,0.6258,3.0615,onnxruntime-web 1.30.0 (wasm, 1 thread)
13.0000,TRACK,425.134,114.240,1,427.810,108.031,429.225,105.025,6.761,1,425.000,114.000,1.000,1.000,0.985,0.995,agreement,1.556,-1.745,1.556,-1.745,0.4713,0.5676,3.3844,onnxruntime-web 1.30.0 (wasm, 1 thread)
13.0333,TRACK,423.711,115.615,1,426.613,109.196,427.929,106.274,7.044,1,424.000,115.000,1.000,1.000,0.985,0.995,agreement,1.549,-1.737,1.549,-1.737,0.5229,0.5097,3.4959,onnxruntime-web 1.30.0 (wasm, 1 thread)
13.0667,TRACK,422.208,117.216,1,424.793,110.350,426.703,107.505,7.337,1,421.000,116.000,1.000,1.000,0.985,0.995,agreement,1.489,-1.729,1.489,-1.729,0.5726,0.4521,3.2023,onnxruntime-web 1.30.0 (wasm, 1 thread)
13.1000,TRACK,420.910,119.052,1,423.219,112.164,424.840,108.722,7.265,1,420.000,119.000,1.000,1.000,0.985,0.995,agreement,1.489,-1.667,1.489,-1.667,0.6222,0.3965,3.5598,onnxruntime-web 1.30.0 (wasm, 1 thread)
13.1333,TRACK,419.492,120.847,1,421.813,114.091,423.230,110.612,7.144,1,419.000,121.000,1.000,1.000,0.985,0.995,agreement,1.486,-1.640,1.486,-1.640,0.6717,0.3419,3.1109,onnxruntime-web 1.30.0 (wasm, 1 thread)
13.1667,TRACK,417.968,122.794,1,420.523,115.759,421.793,112.617,7.484,1,418.000,122.000,1.000,1.000,0.985,0.994,agreement,1.481,-1.641,1.481,-1.641,0.7211,0.2872,4.1701,onnxruntime-web 1.30.0 (wasm, 1 thread)
13.2000,TRACK,416.347,125.050,1,418.976,117.585,420.474,114.355,7.914,1,416.000,124.000,1.000,1.000,0.985,0.994,agreement,1.448,-1.611,1.448,-1.611,0.7693,0.2335,3.6206,onnxruntime-web 1.30.0 (wasm, 1 thread)
13.2333,TRACK,414.775,127.465,1,417.255,119.852,418.894,116.252,8.007,1,414.000,127.000,1.000,1.000,0.985,0.994,agreement,1.418,-1.558,1.418,-1.558,0.8166,0.1815,5.1303,onnxruntime-web 1.30.0 (wasm, 1 thread)
13.2667,TRACK,413.236,129.917,1,415.416,122.082,417.137,118.599,8.132,1,412.000,129.000,1.000,1.000,0.985,0.994,agreement,1.390,-1.535,1.390,-1.535,0.8629,0.1304,3.0668,onnxruntime-web 1.30.0 (wasm, 1 thread)
13.3000,TRACK,411.716,132.580,1,413.833,124.622,415.260,120.907,8.235,1,411.000,132.000,1.000,1.000,0.985,0.994,agreement,1.390,-1.486,1.390,-1.486,0.9092,0.0808,3.7469,onnxruntime-web 1.30.0 (wasm, 1 thread)
13.3333,TRACK,410.065,135.319,1,412.424,127.371,413.645,123.529,8.291,1,410.000,135.000,1.000,1.000,0.985,0.994,agreement,1.387,-1.441,1.387,-1.441,0.9555,0.0328,4.5422,onnxruntime-web 1.30.0 (wasm, 1 thread)
13.3667,TRACK,408.297,138.158,1,410.799,130.261,412.209,126.364,8.285,1,408.000,138.000,1.000,1.000,0.985,0.994,agreement,1.355,-1.397,1.355,-1.397,1.0006,-0.0138,3.2850,onnxruntime-web 1.30.0 (wasm, 1 thread)
13.4000,TRACK,406.563,141.118,1,409.028,132.910,410.552,129.340,8.570,1,406.000,140.000,1.000,1.000,0.985,0.994,agreement,1.325,-1.382,1.325,-1.382,1.0448,-0.0599,4.3821,onnxruntime-web 1.30.0 (wasm, 1 thread)
13.4333,TRACK,404.848,144.353,1,407.492,136.065,408.747,132.069,8.700,1,405.000,144.000,1.000,1.000,0.985,0.993,agreement,1.324,-1.311,1.324,-1.311,1.0890,-0.1036,3.0581,onnxruntime-web 1.30.0 (wasm, 1 thread)
13.4667,TRACK,403.000,147.571,1,405.783,139.561,407.184,135.312,8.479,1,403.000,148.000,1.000,1.000,0.985,0.993,agreement,1.294,-1.246,1.294,-1.246,1.1321,-0.1451,3.6231,onnxruntime-web 1.30.0 (wasm, 1 thread)
13.5000,TRACK,401.173,150.807,1,403.955,142.620,405.443,138.903,8.647,1,401.000,150.000,1.000,1.000,0.985,0.993,agreement,1.265,-1.238,1.265,-1.238,1.1743,-0.1863,3.0730,onnxruntime-web 1.30.0 (wasm, 1 thread)
13.5333,TRACK,399.356,154.370,1,402.048,146.048,403.582,142.044,8.746,1,399.000,154.000,1.000,1.000,0.985,0.993,agreement,1.238,-1.171,1.238,-1.171,1.2155,-0.2254,4.4290,onnxruntime-web 1.30.0 (wasm, 1 thread)
13.5667,TRACK,397.540,157.953,1,400.421,149.392,401.641,145.562,9.033,1,398.000,157.000,1.000,1.000,0.985,0.993,agreement,1.239,-1.135,1.239,-1.135,1.2568,-0.2632,3.6047,onnxruntime-web 1.30.0 (wasm, 1 thread)
13.6000,TRACK,395.577,161.725,1,398.317,153.013,399.987,148.991,9.132,1,395.000,161.000,1.000,1.000,0.985,0.992,agreement,1.182,-1.072,1.182,-1.072,1.2962,-0.2990,3.1874,onnxruntime-web 1.30.0 (wasm, 1 thread)
13.6333,TRACK,393.767,165.539,1,396.558,156.820,397.846,152.701,9.155,1,394.000,165.000,1.000,1.000,0.985,0.992,agreement,1.185,-1.012,1.185,-1.012,1.3357,-0.3327,3.2101,onnxruntime-web 1.30.0 (wasm, 1 thread)
13.6667,TRACK,391.795,169.416,1,394.364,160.753,396.058,156.600,9.036,1,391.000,169.000,1.000,1.000,0.985,0.992,agreement,1.130,-0.954,1.130,-0.954,1.3734,-0.3645,3.9375,onnxruntime-web 1.30.0 (wasm, 1 thread)
13.7000,TRACK,389.966,173.369,1,392.210,164.769,393.827,160.625,8.887,1,389.000,173.000,1.000,1.000,0.985,0.992,agreement,1.107,-0.897,1.107,-0.897,1.4103,-0.3944,4.3735,onnxruntime-web 1.30.0 (wasm, 1 thread)
13.7333,TRACK,388.110,177.405,1,390.084,168.841,391.637,164.733,8.789,1,387.000,177.000,1.000,1.000,0.985,0.991,agreement,1.083,-0.841,1.083,-0.841,1.4464,-0.4224,3.1009,onnxruntime-web 1.30.0 (wasm, 1 thread)
13.7667,TRACK,386.227,181.532,1,388.312,172.950,389.476,168.897,8.831,1,386.000,181.000,1.000,1.000,0.985,0.991,agreement,1.085,-0.785,1.085,-0.785,1.4826,-0.4486,3.1093,onnxruntime-web 1.30.0 (wasm, 1 thread)
13.8000,TRACK,384.178,185.752,1,386.446,177.083,387.678,173.096,8.961,1,384.000,185.000,1.000,1.000,0.985,0.991,agreement,1.057,-0.730,1.057,-0.730,1.5178,-0.4729,3.7259,onnxruntime-web 1.30.0 (wasm, 1 thread)
13.8333,TRACK,382.125,190.067,1,384.183,181.564,385.785,177.317,8.748,1,381.000,190.000,1.000,1.000,0.985,0.990,agreement,1.003,-0.649,1.003,-0.649,1.5512,-0.4945,5.8957,onnxruntime-web 1.30.0 (wasm, 1 thread)
13.8667,TRACK,380.203,194.335,1,382.318,185.948,383.486,181.893,8.650,1,380.000,194.000,1.000,1.000,0.985,0.990,agreement,1.007,-0.598,1.007,-0.598,1.5848,-0.5145,3.0985,onnxruntime-web 1.30.0 (wasm, 1 thread)
13.9000,TRACK,378.104,198.718,1,380.057,190.263,381.596,186.366,8.678,1,377.000,198.000,1.000,1.000,0.985,0.990,agreement,0.953,-0.546,0.953,-0.546,1.6166,-0.5326,4.2753,onnxruntime-web 1.30.0 (wasm, 1 thread)
13.9333,TRACK,376.134,203.208,1,377.860,194.530,379.300,190.768,8.849,1,375.000,202.000,1.000,1.000,0.985,0.989,agreement,0.930,-0.492,0.930,-0.492,1.6476,-0.5491,3.1291,onnxruntime-web 1.30.0 (wasm, 1 thread)
13.9667,TRACK,374.127,207.798,1,375.707,199.098,377.071,195.119,8.843,1,373.000,207.000,1.000,1.000,0.985,0.989,agreement,0.906,-0.412,0.906,-0.412,1.6778,-0.5628,3.6513,onnxruntime-web 1.30.0 (wasm, 1 thread)
14.0000,TRACK,372.087,212.340,1,373.921,203.869,374.888,199.775,8.667,1,372.000,212.000,1.000,1.000,0.985,0.989,agreement,0.908,-0.335,0.908,-0.335,1.7080,-0.5739,3.7068,onnxruntime-web 1.30.0 (wasm, 1 thread)
14.0333,TRACK,369.874,216.849,1,372.049,208.778,373.080,204.638,8.359,1,370.000,217.000,1.000,1.000,0.985,0.988,agreement,0.880,-0.260,0.880,-0.260,1.7374,-0.5826,4.2683,onnxruntime-web 1.30.0 (wasm, 1 thread)
14.0667,TRACK,367.651,221.333,1,369.783,213.443,371.185,209.638,8.173,1,367.000,221.000,1.000,1.000,0.985,0.988,agreement,0.825,-0.213,0.825,-0.213,1.7649,-0.5897,3.0333,onnxruntime-web 1.30.0 (wasm, 1 thread)
14.1000,TRACK,365.555,225.938,1,367.586,217.942,368.889,214.388,8.249,1,365.000,225.000,1.000,1.000,0.985,0.987,agreement,0.802,-0.163,0.802,-0.163,1.7916,-0.5952,3.1117,onnxruntime-web 1.30.0 (wasm, 1 thread)
14.1333,TRACK,363.420,230.643,1,365.436,222.662,366.663,218.966,8.232,1,363.000,230.000,1.000,1.000,0.985,0.987,agreement,0.778,-0.085,0.778,-0.085,1.8176,-0.5980,5.7203,onnxruntime-web 1.30.0 (wasm, 1 thread)
14.1667,TRACK,361.249,235.290,1,363.318,227.529,364.485,223.768,8.032,1,361.000,235.000,1.000,1.000,0.985,0.987,agreement,0.753,-0.009,0.753,-0.009,1.8427,-0.5983,3.0682,onnxruntime-web 1.30.0 (wasm, 1 thread)
14.2000,TRACK,359.045,239.888,1,360.887,232.497,362.341,228.719,7.617,1,358.000,240.000,1.000,1.000,0.985,0.986,agreement,0.701,0.066,0.701,0.066,1.8660,-0.5961,3.2484,onnxruntime-web 1.30.0 (wasm, 1 thread)
14.2333,TRACK,356.951,244.438,1,358.579,237.197,359.878,233.771,7.422,1,356.000,244.000,1.000,1.000,0.985,0.986,agreement,0.680,0.112,0.680,0.112,1.8887,-0.5924,2.9817,onnxruntime-web 1.30.0 (wasm, 1 thread)
14.2667,TRACK,354.808,249.081,1,356.690,242.048,357.541,238.547,7.281,1,355.000,249.000,1.000,1.000,0.985,0.984,agreement,0.683,0.189,0.683,0.189,1.9115,-0.5860,3.6085,onnxruntime-web 1.30.0 (wasm, 1 thread)
14.3000,TRACK,352.479,253.651,1,354.416,246.665,355.633,243.475,7.249,1,352.000,253.000,1.000,1.000,0.985,0.983,agreement,0.629,0.238,0.629,0.238,1.9324,-0.5781,2.9641,onnxruntime-web 1.30.0 (wasm, 1 thread)
14.3333,TRACK,350.275,258.292,1,352.216,251.123,353.332,248.164,7.427,1,350.000,257.000,1.000,1.000,0.985,0.982,agreement,0.605,0.289,0.605,0.289,1.9526,-0.5685,3.2634,onnxruntime-web 1.30.0 (wasm, 1 thread)
14.3667,TRACK,348.031,262.980,1,350.067,256.141,351.107,252.688,7.135,1,348.000,263.000,1.000,1.000,0.985,0.979,agreement,0.580,0.396,0.580,0.396,1.9719,-0.5553,2.9350,onnxruntime-web 1.30.0 (wasm, 1 thread)
14.4000,TRACK,345.750,267.413,1,347.617,260.869,348.935,257.782,6.804,1,345.000,267.000,1.000,1.000,0.985,0.976,agreement,0.528,0.443,0.528,0.443,1.9895,-0.5405,2.8883,onnxruntime-web 1.30.0 (wasm, 1 thread)
14.4333,TRACK,343.578,271.899,1,345.298,265.399,346.455,262.579,6.724,1,343.000,271.000,1.000,1.000,0.985,0.974,agreement,0.506,0.493,0.506,0.493,2.0064,-0.5241,3.6092,onnxruntime-web 1.30.0 (wasm, 1 thread)
14.4667,TRACK,341.356,276.412,1,343.069,270.129,344.111,267.172,6.513,1,341.000,276.000,1.000,1.000,0.985,0.972,agreement,0.483,0.573,0.483,0.573,2.0225,-0.5050,4.1189,onnxruntime-web 1.30.0 (wasm, 1 thread)
14.5000,TRACK,339.090,280.788,1,340.567,274.657,341.859,271.967,6.306,1,338.000,280.000,1.000,1.000,0.985,0.972,agreement,0.431,0.624,0.431,0.624,2.0369,-0.4842,2.9139,onnxruntime-web 1.30.0 (wasm, 1 thread)
14.5333,TRACK,336.930,285.168,1,338.213,279.049,339.328,276.555,6.253,1,336.000,284.000,1.000,1.000,0.985,0.972,agreement,0.410,0.677,0.410,0.677,2.0505,-0.4616,2.9581,onnxruntime-web 1.30.0 (wasm, 1 thread)
14.5667,TRACK,334.717,289.531,1,335.962,283.681,336.949,281.002,5.982,1,334.000,289.000,1.000,1.000,0.985,0.973,agreement,0.386,0.759,0.386,0.759,2.0634,-0.4363,3.5197,onnxruntime-web 1.30.0 (wasm, 1 thread)
14.6000,TRACK,332.460,293.715,1,333.780,288.141,334.676,285.694,5.729,1,332.000,293.000,1.000,1.000,0.985,0.975,agreement,0.362,0.812,0.362,0.812,2.0754,-0.4093,3.6194,onnxruntime-web 1.30.0 (wasm, 1 thread)
14.6333,TRACK,330.166,297.865,1,331.646,292.483,332.474,290.208,5.582,1,330.000,297.000,1.000,1.000,0.985,0.978,agreement,0.336,0.866,0.336,0.866,2.0866,-0.3804,2.9719,onnxruntime-web 1.30.0 (wasm, 1 thread)
14.6667,TRACK,327.841,301.959,1,329.209,297.079,330.321,294.601,5.068,1,327.000,302.000,1.000,1.000,0.985,0.981,agreement,0.283,0.949,0.283,0.949,2.0961,-0.3487,2.9627,onnxruntime-web 1.30.0 (wasm, 1 thread)
14.7000,TRACK,325.630,305.834,1,327.237,301.512,327.860,299.252,4.612,1,326.000,306.000,1.000,1.000,0.985,0.984,agreement,0.287,1.003,0.287,1.003,2.1056,-0.3153,3.6655,onnxruntime-web 1.30.0 (wasm, 1 thread)
14.7333,TRACK,323.231,309.637,1,324.912,305.498,325.875,303.735,4.467,1,323.000,309.000,1.000,1.000,0.985,0.986,agreement,0.232,1.032,0.232,1.032,2.1134,-0.2809,6.0082,onnxruntime-web 1.30.0 (wasm, 1 thread)
14.7667,TRACK,320.957,313.486,1,322.681,309.515,323.528,307.761,4.329,1,321.000,313.000,1.000,1.000,0.985,0.987,agreement,0.208,1.092,0.208,1.092,2.1203,-0.2445,2.9638,onnxruntime-web 1.30.0 (wasm, 1 thread)
14.8000,TRACK,318.645,317.199,1,320.180,313.553,321.278,311.817,3.956,1,318.000,317.000,1.000,1.000,0.985,0.987,agreement,0.156,1.153,0.156,1.153,2.1255,-0.2061,4.3185,onnxruntime-web 1.30.0 (wasm, 1 thread)
14.8333,TRACK,316.445,320.765,1,317.831,317.268,318.753,315.893,3.761,1,316.000,320.000,1.000,1.000,0.985,0.987,agreement,0.133,1.187,0.133,1.187,2.1299,-0.1665,2.9551,onnxruntime-web 1.30.0 (wasm, 1 thread)
14.8667,TRACK,314.198,324.312,1,315.250,321.100,316.383,319.639,3.381,1,313.000,324.000,1.000,1.000,0.985,0.988,agreement,0.082,1.252,0.082,1.252,2.1326,-0.1248,2.9957,onnxruntime-web 1.30.0 (wasm, 1 thread)
14.9000,TRACK,312.057,327.666,1,313.182,324.674,313.777,323.503,3.197,1,312.000,327.000,1.000,1.000,0.985,0.988,agreement,0.087,1.288,0.087,1.288,2.1355,-0.0818,2.9570,onnxruntime-web 1.30.0 (wasm, 1 thread)
14.9333,TRACK,309.724,330.962,1,310.793,328.073,311.696,327.103,3.080,1,309.000,330.000,1.000,1.000,0.985,0.989,agreement,0.033,1.328,0.033,1.328,2.1366,-0.0376,4.6009,onnxruntime-web 1.30.0 (wasm, 1 thread)
14.9667,TRACK,307.517,334.170,1,308.521,331.688,309.287,330.524,2.678,1,307.000,334.000,1.000,1.000,0.985,0.989,agreement,0.008,1.397,0.008,1.397,2.1369,0.0090,3.1895,onnxruntime-web 1.30.0 (wasm, 1 thread)
15.0000,TRACK,305.274,337.124,1,306.329,335.114,306.998,334.165,2.269,1,305.000,337.000,1.000,1.000,0.985,0.989,agreement,-0.017,1.436,-0.017,1.436,2.1363,0.0569,2.9483,onnxruntime-web 1.30.0 (wasm, 1 thread)
15.0333,TRACK,303.005,339.963,1,303.856,338.412,304.791,337.612,1.769,1,302.000,340.000,1.000,1.000,0.985,0.990,agreement,-0.070,1.478,-0.070,1.478,2.1340,0.1062,2.8908,onnxruntime-web 1.30.0 (wasm, 1 thread)
15.0667,TRACK,300.857,342.662,1,301.863,341.287,302.297,340.927,1.704,1,301.000,342.000,1.000,1.000,0.985,0.990,agreement,-0.067,1.496,-0.067,1.496,2.1317,0.1560,3.7840,onnxruntime-web 1.30.0 (wasm, 1 thread)
15.1000,TRACK,298.531,345.340,1,299.526,344.209,300.294,343.810,1.507,1,298.000,345.000,1.000,1.000,0.985,0.991,agreement,-0.123,1.544,-0.123,1.544,2.1276,0.2075,2.9311,onnxruntime-web 1.30.0 (wasm, 1 thread)
15.1333,TRACK,296.340,347.815,1,297.290,347.163,297.940,346.741,1.153,1,296.000,348.000,1.000,1.000,0.985,0.991,agreement,-0.148,1.593,-0.148,1.593,2.1227,0.2606,3.2169,onnxruntime-web 1.30.0 (wasm, 1 thread)
15.1667,TRACK,294.125,350.076,1,294.789,349.468,295.690,349.704,0.900,1,293.000,349.000,1.000,1.000,0.985,0.991,agreement,-0.201,1.587,-0.201,1.587,2.1160,0.3135,3.0498,onnxruntime-web 1.30.0 (wasm, 1 thread)
15.2000,TRACK,292.034,352.392,1,292.443,352.003,293.169,352.005,0.564,1,291.000,352.000,1.000,1.000,0.985,0.991,agreement,-0.225,1.643,-0.225,1.643,2.1085,0.3683,4.9106,onnxruntime-web 1.30.0 (wasm, 1 thread)
15.2333,TRACK,289.911,354.426,1,290.536,354.359,290.806,354.540,0.629,1,290.000,354.000,1.000,1.000,0.985,0.992,agreement,-0.224,1.670,-0.224,1.670,2.1010,0.4239,2.9388,onnxruntime-web 1.30.0 (wasm, 1 thread)
15.2667,TRACK,287.624,356.319,1,288.260,356.593,288.894,356.891,0.692,1,287.000,356.000,1.000,1.000,0.985,0.992,agreement,-0.281,1.699,-0.281,1.699,2.0916,0.4805,99.2425,onnxruntime-web 1.30.0 (wasm, 1 thread)
15.3000,TRACK,285.488,358.044,1,286.066,358.409,286.603,359.119,0.684,1,285.000,357.000,1.000,1.000,0.985,0.992,agreement,-0.308,1.702,-0.308,1.702,2.0814,0.5373,10.4972,onnxruntime-web 1.30.0 (wasm, 1 thread)
15.3333,TRACK,283.337,359.723,1,283.930,360.276,284.398,360.919,0.811,1,283.000,359.000,1.000,1.000,0.985,0.992,agreement,-0.335,1.738,-0.335,1.738,2.0702,0.5952,3.3328,onnxruntime-web 1.30.0 (wasm, 1 thread)
15.3667,TRACK,281.180,361.173,1,281.832,362.179,282.251,362.772,1.199,1,281.000,361.000,1.000,1.000,0.985,0.993,agreement,-0.363,1.772,-0.363,1.772,2.0581,0.6543,3.4277,onnxruntime-web 1.30.0 (wasm, 1 thread)
15.4000,TRACK,279.022,362.381,1,279.761,363.770,280.144,364.661,1.573,1,279.000,362.000,1.000,1.000,0.985,0.993,agreement,-0.392,1.780,-0.392,1.780,2.0450,0.7136,3.0235,onnxruntime-web 1.30.0 (wasm, 1 thread)
15.4333,TRACK,276.867,363.479,1,277.708,365.150,278.064,366.233,1.871,1,277.000,363.000,1.000,1.000,0.985,0.993,agreement,-0.422,1.792,-0.422,1.792,2.0310,0.7733,2.9662,onnxruntime-web 1.30.0 (wasm, 1 thread)
15.4667,TRACK,274.718,364.432,1,275.332,366.387,276.003,367.589,2.049,1,274.000,364.000,1.000,1.000,0.985,0.993,agreement,-0.478,1.806,-0.478,1.806,2.0151,0.8336,3.3876,onnxruntime-web 1.30.0 (wasm, 1 thread)
15.5000,TRACK,272.720,365.213,1,273.408,367.527,273.613,368.799,2.414,1,273.000,365.000,1.000,1.000,0.985,0.993,agreement,-0.477,1.822,-0.477,1.822,1.9992,0.8943,3.7973,onnxruntime-web 1.30.0 (wasm, 1 thread)
15.5333,TRACK,270.573,365.799,1,271.120,368.266,271.684,369.910,2.526,1,270.000,365.000,1.000,1.000,0.985,0.993,agreement,-0.535,1.813,-0.535,1.813,1.9813,0.9547,2.9912,onnxruntime-web 1.30.0 (wasm, 1 thread)
15.5667,TRACK,268.589,366.313,1,268.920,369.068,269.383,370.613,2.775,1,268.000,366.000,1.000,1.000,0.985,0.993,agreement,-0.562,1.834,-0.562,1.834,1.9626,1.0159,2.9268,onnxruntime-web 1.30.0 (wasm, 1 thread)
15.6000,TRACK,266.606,366.573,1,266.780,369.579,267.173,371.381,3.010,1,266.000,366.000,1.000,1.000,0.986,0.993,agreement,-0.590,1.829,-0.590,1.829,1.9429,1.0768,3.0081,onnxruntime-web 1.30.0 (wasm, 1 thread)
15.6333,TRACK,264.632,366.713,1,264.682,370.227,265.025,371.851,3.514,1,264.000,367.000,1.000,1.000,0.985,0.993,agreement,-0.619,1.854,-0.619,1.854,1.9223,1.1386,3.3503,onnxruntime-web 1.30.0 (wasm, 1 thread)
15.6667,TRACK,262.673,366.559,1,262.611,370.299,262.918,372.463,3.740,1,262.000,366.000,1.000,1.000,0.985,0.993,agreement,-0.649,1.824,-0.649,1.824,1.9007,1.1994,2.9762,onnxruntime-web 1.30.0 (wasm, 1 thread)
15.7000,TRACK,260.733,366.391,1,260.559,370.315,260.841,372.487,3.928,1,260.000,366.000,1.000,1.000,0.985,0.994,agreement,-0.679,1.827,-0.679,1.827,1.8780,1.2603,3.0068,onnxruntime-web 1.30.0 (wasm, 1 thread)
15.7333,TRACK,258.817,366.018,1,258.856,369.958,258.783,372.455,3.941,1,259.000,365.000,1.000,1.000,0.985,0.994,agreement,-0.683,1.805,-0.683,1.805,1.8553,1.3205,3.7110,onnxruntime-web 1.30.0 (wasm, 1 thread)
15.7667,TRACK,256.786,365.565,1,256.719,369.684,257.081,372.043,4.119,1,256.000,365.000,1.000,1.000,0.985,0.994,agreement,-0.744,1.813,-0.744,1.813,1.8305,1.3809,4.8044,onnxruntime-web 1.30.0 (wasm, 1 thread)
15.8000,TRACK,254.947,364.857,1,254.623,369.132,254.936,371.716,4.287,1,254.000,364.000,1.000,1.000,0.985,0.994,agreement,-0.773,1.794,-0.773,1.794,1.8047,1.4407,5.2765,onnxruntime-web 1.30.0 (wasm, 1 thread)
15.8333,TRACK,253.135,364.028,1,252.554,368.392,252.833,371.107,4.402,1,252.000,363.000,1.000,1.000,0.985,0.994,agreement,-0.804,1.778,-0.804,1.778,1.7779,1.5000,3.9293,onnxruntime-web 1.30.0 (wasm, 1 thread)
15.8667,TRACK,251.355,363.050,1,250.839,367.859,250.758,370.306,4.837,1,251.000,363.000,1.000,1.000,0.985,0.994,agreement,-0.807,1.791,-0.807,1.791,1.7510,1.5597,4.1590,onnxruntime-web 1.30.0 (wasm, 1 thread)
15.9000,TRACK,249.469,361.757,1,249.030,366.799,249.045,369.719,5.061,1,249.000,361.000,1.000,1.000,0.985,0.994,agreement,-0.842,1.748,-0.842,1.748,1.7229,1.6179,3.1159,onnxruntime-web 1.30.0 (wasm, 1 thread)
15.9333,TRACK,247.642,360.436,1,247.157,365.716,247.236,368.594,5.303,1,247.000,360.000,1.000,1.000,0.985,0.994,agreement,-0.876,1.739,-0.876,1.739,1.6937,1.6759,3.0668,onnxruntime-web 1.30.0 (wasm, 1 thread)
15.9667,TRACK,245.873,358.901,1,245.240,364.618,245.361,367.447,5.753,1,245.000,359.000,1.000,1.000,0.985,0.994,agreement,-0.909,1.729,-0.909,1.729,1.6634,1.7335,4.0887,onnxruntime-web 1.30.0 (wasm, 1 thread)
16.0000,TRACK,244.159,357.140,1,243.628,363.176,243.441,366.287,6.059,1,244.000,357.000,1.000,1.000,0.985,0.994,agreement,-0.915,1.693,-0.915,1.693,1.6329,1.7900,5.1109,onnxruntime-web 1.30.0 (wasm, 1 thread)
16.0333,TRACK,242.358,355.286,1,241.889,361.502,241.834,364.776,6.233,1,242.000,355.000,1.000,1.000,0.985,0.994,agreement,-0.952,1.661,-0.952,1.661,1.6012,1.8453,4.3294,onnxruntime-web 1.30.0 (wasm, 1 thread)
16.0667,TRACK,240.634,353.308,1,240.064,359.670,240.096,363.028,6.387,1,240.000,353.000,1.000,1.000,0.985,0.993,agreement,-0.986,1.632,-0.986,1.632,1.5683,1.8997,4.3376,onnxruntime-web 1.30.0 (wasm, 1 thread)
16.1000,TRACK,238.982,351.181,1,238.179,357.732,238.270,361.121,6.599,1,238.000,351.000,1.000,1.000,0.985,0.993,agreement,-1.021,1.604,-1.021,1.604,1.5343,1.9532,4.2346,onnxruntime-web 1.30.0 (wasm, 1 thread)
16.1333,TRACK,237.399,348.889,1,236.590,355.388,236.383,359.108,6.549,1,237.000,348.000,1.000,1.000,0.985,0.993,agreement,-1.027,1.551,-1.027,1.551,1.5000,2.0049,3.5460,onnxruntime-web 1.30.0 (wasm, 1 thread)
16.1667,TRACK,235.742,346.557,1,234.866,353.104,234.798,356.682,6.606,1,235.000,346.000,1.000,1.000,0.985,0.993,agreement,-1.064,1.530,-1.064,1.530,1.4646,2.0559,4.2935,onnxruntime-web 1.30.0 (wasm, 1 thread)
16.2000,TRACK,234.175,344.012,1,233.385,350.528,233.076,354.318,6.563,1,234.000,343.000,1.000,1.000,0.985,0.993,agreement,-1.073,1.481,-1.073,1.481,1.4288,2.1053,6.7441,onnxruntime-web 1.30.0 (wasm, 1 thread)
16.2333,TRACK,232.549,341.392,1,231.735,348.088,231.602,351.658,6.745,1,232.000,341.000,1.000,1.000,0.985,0.993,agreement,-1.112,1.462,-1.112,1.462,1.3917,2.1540,7.9519,onnxruntime-web 1.30.0 (wasm, 1 thread)
16.2667,TRACK,231.026,338.531,1,229.970,345.408,229.955,349.139,6.958,1,230.000,338.000,1.000,1.000,0.985,0.993,agreement,-1.148,1.415,-1.148,1.415,1.3535,2.2012,6.7520,onnxruntime-web 1.30.0 (wasm, 1 thread)
16.3000,TRACK,229.596,335.572,1,228.461,342.566,228.190,346.376,7.086,1,229.000,335.000,1.000,1.000,0.985,0.993,agreement,-1.157,1.370,-1.157,1.370,1.3149,2.2468,3.5120,onnxruntime-web 1.30.0 (wasm, 1 thread)
16.3333,TRACK,228.114,332.495,1,227.127,339.615,226.688,343.449,7.188,1,228.000,332.000,1.000,1.000,0.985,0.993,agreement,-1.169,1.328,-1.169,1.328,1.2760,2.2911,3.1915,onnxruntime-web 1.30.0 (wasm, 1 thread)
16.3667,TRACK,226.599,329.285,1,225.576,336.255,225.363,340.412,7.045,1,226.000,328.000,1.000,1.000,0.985,0.993,agreement,-1.209,1.260,-1.209,1.260,1.2357,2.3331,3.0183,onnxruntime-web 1.30.0 (wasm, 1 thread)
16.4000,TRACK,225.207,326.071,1,223.878,333.290,223.817,336.961,7.340,1,224.000,326.000,1.000,1.000,0.985,0.993,agreement,-1.247,1.250,-1.247,1.250,1.1941,2.3748,2.9879,onnxruntime-web 1.30.0 (wasm, 1 thread)
16.4333,TRACK,223.926,322.542,1,222.415,329.924,222.120,333.914,7.535,1,223.000,322.000,1.000,1.000,0.985,0.993,agreement,-1.257,1.182,-1.257,1.182,1.1522,2.4142,50.0928,onnxruntime-web 1.30.0 (wasm, 1 thread)
16.4667,TRACK,222.610,319.000,1,221.111,326.621,220.664,330.459,7.767,1,222.000,319.000,1.000,1.000,0.985,0.993,agreement,-1.269,1.145,-1.269,1.145,1.1099,2.4524,55.0214,onnxruntime-web 1.30.0 (wasm, 1 thread)
16.5000,TRACK,221.275,315.277,1,219.581,323.028,219.370,327.071,7.934,1,220.000,315.000,1.000,1.000,0.985,0.993,agreement,-1.311,1.081,-1.311,1.081,1.0662,2.4884,21.3094,onnxruntime-web 1.30.0 (wasm, 1 thread)
16.5333,TRACK,220.077,311.515,1,218.231,319.239,217.844,323.388,7.941,1,219.000,311.000,1.000,1.000,0.985,0.992,agreement,-1.323,1.020,-1.323,1.020,1.0221,2.5224,10.4814,onnxruntime-web 1.30.0 (wasm, 1 thread)
16.5667,TRACK,218.863,307.695,1,217.004,315.318,216.503,319.507,7.847,1,218.000,307.000,1.000,1.000,0.985,0.992,agreement,-1.337,0.962,-1.337,0.962,0.9775,2.5545,9.7005,onnxruntime-web 1.30.0 (wasm, 1 thread)
16.6000,TRACK,217.646,303.802,1,216.196,311.309,215.287,315.493,7.646,1,218.000,303.000,1.000,1.000,0.985,0.992,agreement,-1.326,0.904,-1.326,0.904,0.9333,2.5846,9.3075,onnxruntime-web 1.30.0 (wasm, 1 thread)
16.6333,TRACK,216.296,299.827,1,215.002,307.241,214.499,311.390,7.526,1,216.000,299.000,1.000,1.000,0.985,0.992,agreement,-1.373,0.848,-1.373,0.848,0.8876,2.6129,10.1757,onnxruntime-web 1.30.0 (wasm, 1 thread)
16.6667,TRACK,215.126,295.764,1,213.880,303.134,213.316,307.230,7.474,1,215.000,295.000,1.000,1.000,0.985,0.992,agreement,-1.389,0.792,-1.389,0.792,0.8413,2.6393,9.1640,onnxruntime-web 1.30.0 (wasm, 1 thread)
16.7000,TRACK,213.973,291.610,1,212.472,299.003,212.207,303.032,7.543,1,213.000,291.000,1.000,1.000,0.985,0.992,agreement,-1.433,0.737,-1.433,0.737,0.7935,2.6639,9.5377,onnxruntime-web 1.30.0 (wasm, 1 thread)
16.7333,TRACK,212.986,287.363,1,211.205,294.856,210.805,298.811,7.702,1,212.000,287.000,1.000,1.000,0.985,0.992,agreement,-1.447,0.682,-1.447,0.682,0.7453,2.6866,9.0710,onnxruntime-web 1.30.0 (wasm, 1 thread)
16.7667,TRACK,212.009,283.021,1,210.369,290.364,209.547,294.576,7.525,1,212.000,282.000,1.000,1.000,0.985,0.992,agreement,-1.436,0.600,-1.436,0.600,0.6974,2.7066,8.9363,onnxruntime-web 1.30.0 (wasm, 1 thread)
16.8000,TRACK,210.913,278.728,1,209.154,285.975,208.728,289.991,7.458,1,210.000,278.000,1.000,1.000,0.985,0.992,agreement,-1.483,0.549,-1.483,0.549,0.6480,2.7249,11.7890,onnxruntime-web 1.30.0 (wasm, 1 thread)
16.8333,TRACK,210.010,274.322,1,208.018,281.657,207.524,285.513,7.601,1,209.000,274.000,1.000,1.000,0.985,0.991,agreement,-1.499,0.496,-1.499,0.496,0.5980,2.7414,9.2361,onnxruntime-web 1.30.0 (wasm, 1 thread)
16.8667,TRACK,209.139,269.812,1,206.935,277.054,206.399,281.109,7.570,1,208.000,269.000,1.000,1.000,0.997,0.991,cv-only,-1.517,0.416,-1.517,0.416,0.5475,2.7553,14.1291,onnxruntime-web 1.30.0 (wasm, 1 thread)
16.9000,TRACK,208.308,265.348,1,205.887,272.593,205.327,276.416,7.639,1,207.000,265.000,1.000,1.000,0.997,0.991,cv-only,-1.535,0.366,-1.535,0.366,0.4963,2.7675,9.9470,onnxruntime-web 1.30.0 (wasm, 1 thread)
16.9333,TRACK,207.523,260.773,1,205.199,267.894,204.292,271.870,7.491,1,207.000,260.000,1.000,1.000,0.997,0.991,cv-only,-1.527,0.287,-1.527,0.287,0.4454,2.7771,12.4559,onnxruntime-web 1.30.0 (wasm, 1 thread)
16.9667,TRACK,206.648,256.243,1,204.420,263.371,203.624,267.083,7.469,1,206.000,256.000,1.000,1.000,0.997,0.991,cv-only,-1.549,0.238,-1.549,0.238,0.3938,2.7850,10.6275,onnxruntime-web 1.30.0 (wasm, 1 thread)
17.0000,TRACK,205.851,251.605,1,203.578,258.633,202.862,262.477,7.387,1,205.000,251.000,1.000,1.000,0.997,0.991,cv-only,-1.571,0.160,-1.571,0.160,0.3414,2.7903,10.9377,onnxruntime-web 1.30.0 (wasm, 1 thread)
17.0333,TRACK,205.129,247.018,1,202.694,254.086,202.037,257.654,7.476,1,204.000,247.000,1.000,1.000,0.997,0.991,cv-only,-1.592,0.110,-1.592,0.110,0.2883,2.7940,18.3615,onnxruntime-web 1.30.0 (wasm, 1 thread)
17.0667,TRACK,204.481,242.331,1,202.116,249.334,201.167,253.027,7.392,1,204.000,242.000,1.000,1.000,0.997,0.991,cv-only,-1.586,0.032,-1.586,0.032,0.2355,2.7951,16.8278,onnxruntime-web 1.30.0 (wasm, 1 thread)
17.1000,TRACK,203.766,237.704,1,201.411,244.445,200.610,248.193,7.140,1,203.000,237.000,1.000,1.000,0.997,0.991,cv-only,-1.610,-0.044,-1.610,-0.044,0.1818,2.7936,44.9826,onnxruntime-web 1.30.0 (wasm, 1 thread)
17.1333,TRACK,203.148,233.132,1,200.953,239.798,199.923,243.220,7.017,1,203.000,233.000,1.000,1.000,0.997,0.991,cv-only,-1.606,-0.092,-1.606,-0.092,0.1282,2.7905,15.1089,onnxruntime-web 1.30.0 (wasm, 1 thread)
17.1667,TRACK,202.481,228.471,1,200.329,234.982,199.488,238.497,6.857,1,202.000,228.000,1.000,1.000,0.997,0.991,cv-only,-1.632,-0.170,-1.632,-0.170,0.0738,2.7849,15.2545,onnxruntime-web 1.30.0 (wasm, 1 thread)
17.2000,TRACK,201.926,223.886,1,199.592,230.052,198.883,233.603,6.594,1,201.000,223.000,1.000,1.000,0.997,0.991,cv-only,-1.656,-0.245,-1.656,-0.245,0.0186,2.7767,14.9307,onnxruntime-web 1.30.0 (wasm, 1 thread)
17.2333,TRACK,201.475,219.373,1,199.112,225.382,198.161,228.595,6.457,1,201.000,219.000,1.000,1.000,0.997,0.991,cv-only,-1.652,-0.293,-1.652,-0.293,-0.0364,2.7669,12.6353,onnxruntime-web 1.30.0 (wasm, 1 thread)
17.2667,TRACK,200.982,214.792,1,198.807,220.553,197.703,223.853,6.158,1,201.000,214.000,1.000,1.000,0.997,0.992,cv-only,-1.651,-0.371,-1.651,-0.371,-0.0915,2.7546,13.8820,onnxruntime-web 1.30.0 (wasm, 1 thread)
17.3000,TRACK,200.468,210.311,1,198.285,215.953,197.422,218.951,6.049,1,200.000,210.000,1.000,1.000,0.997,0.992,cv-only,-1.679,-0.421,-1.679,-0.421,-0.1474,2.7405,16.8404,onnxruntime-web 1.30.0 (wasm, 1 thread)
17.3333,TRACK,200.087,205.786,1,197.951,211.510,196.920,214.284,6.109,1,200.000,206.000,1.000,1.000,0.997,0.992,cv-only,-1.677,-0.473,-1.677,-0.473,-0.2033,2.7248,14.5751,onnxruntime-web 1.30.0 (wasm, 1 thread)
17.3667,TRACK,199.688,201.242,1,197.744,206.839,196.608,209.780,5.925,1,200.000,201.000,1.000,1.000,0.997,0.992,cv-only,-1.678,-0.554,-1.678,-0.554,-0.2593,2.7063,13.7002,onnxruntime-web 1.30.0 (wasm, 1 thread)
17.4000,TRACK,199.286,196.840,1,196.954,202.015,196.427,205.043,5.676,1,198.000,196.000,1.000,1.000,0.997,0.992,cv-only,-1.734,-0.632,-1.734,-0.632,-0.3171,2.6852,13.7223,onnxruntime-web 1.30.0 (wasm, 1 thread)
17.4333,TRACK,199.175,192.576,1,196.770,197.422,195.648,200.152,5.410,1,199.000,192.000,1.000,1.000,0.997,0.992,cv-only,-1.703,-0.682,-1.703,-0.682,-0.3739,2.6625,13.3219,onnxruntime-web 1.30.0 (wasm, 1 thread)
17.4667,TRACK,198.898,188.310,1,196.665,192.987,195.490,195.498,5.183,1,199.000,188.000,1.000,1.000,0.997,0.992,cv-only,-1.706,-0.735,-1.706,-0.735,-0.4307,2.6380,9.4810,onnxruntime-web 1.30.0 (wasm, 1 thread)
17.5000,TRACK,198.637,184.067,1,196.278,188.660,195.410,191.007,5.164,1,198.000,184.000,1.000,1.000,0.997,0.992,cv-only,-1.736,-0.790,-1.736,-0.790,-0.4886,2.6116,9.6052,onnxruntime-web 1.30.0 (wasm, 1 thread)
17.5333,TRACK,198.541,179.869,1,196.033,184.074,195.042,186.629,4.897,1,198.000,179.000,1.000,1.000,0.997,0.993,cv-only,-1.737,-0.874,-1.737,-0.874,-0.5465,2.5825,11.8673,onnxruntime-web 1.30.0 (wasm, 1 thread)
17.5667,TRACK,198.456,175.875,1,195.885,179.981,194.819,181.985,4.844,1,198.000,176.000,1.000,1.000,0.997,0.993,cv-only,-1.739,-0.901,-1.739,-0.901,-0.6044,2.5525,8.7298,onnxruntime-web 1.30.0 (wasm, 1 thread)
17.6000,TRACK,198.392,171.798,1,195.802,175.889,194.695,177.848,4.842,1,198.000,172.000,1.000,1.000,0.997,0.993,cv-only,-1.742,-0.960,-1.742,-0.960,-0.6625,2.5205,10.0729,onnxruntime-web 1.30.0 (wasm, 1 thread)
17.6333,TRACK,198.359,167.824,1,195.763,171.799,194.637,173.713,4.748,1,198.000,168.000,1.000,1.000,0.997,0.993,cv-only,-1.746,-1.020,-1.746,-1.020,-0.7207,2.4865,10.8313,onnxruntime-web 1.30.0 (wasm, 1 thread)
17.6667,TRACK,198.364,163.963,1,195.754,167.376,194.623,169.580,4.297,1,198.000,163.000,1.000,1.000,0.997,0.993,cv-only,-1.751,-1.106,-1.751,-1.106,-0.7790,2.4496,13.0738,onnxruntime-web 1.30.0 (wasm, 1 thread)
17.7000,TRACK,198.414,160.373,1,195.765,163.397,194.639,165.108,4.021,1,198.000,160.000,1.000,1.000,0.997,0.993,cv-only,-1.756,-1.136,-1.756,-1.136,-0.8376,2.4118,12.5307,onnxruntime-web 1.30.0 (wasm, 1 thread)
17.7333,TRACK,198.513,156.760,1,195.788,159.386,194.675,161.091,3.784,1,198.000,156.000,1.000,1.000,0.997,0.993,cv-only,-1.761,-1.197,-1.761,-1.197,-0.8963,2.3719,8.2022,onnxruntime-web 1.30.0 (wasm, 1 thread)
17.7667,TRACK,198.665,153.309,1,195.821,155.688,194.723,157.042,3.708,1,198.000,153.000,1.000,1.000,0.997,0.994,cv-only,-1.767,-1.232,-1.767,-1.232,-0.9552,2.3308,9.7016,onnxruntime-web 1.30.0 (wasm, 1 thread)
17.8000,TRACK,198.875,149.889,1,196.193,151.869,194.780,153.314,3.334,1,199.000,149.000,1.000,1.000,0.997,0.994,cv-only,-1.746,-1.297,-1.746,-1.297,-1.0133,2.2876,10.1742,onnxruntime-web 1.30.0 (wasm, 1 thread)
17.8333,TRACK,199.004,146.674,1,196.127,148.303,195.184,149.463,3.306,1,198.000,146.000,1.000,1.000,0.997,0.994,cv-only,-1.782,-1.334,-1.782,-1.334,-1.0727,2.2431,10.3920,onnxruntime-web 1.30.0 (wasm, 1 thread)
17.8667,TRACK,199.360,143.530,1,196.432,144.910,195.138,145.871,3.237,1,199.000,143.000,1.000,1.000,0.997,0.994,cv-only,-1.760,-1.374,-1.760,-1.374,-1.1314,2.1973,10.1483,onnxruntime-web 1.30.0 (wasm, 1 thread)
17.9000,TRACK,199.636,140.486,1,196.654,141.634,195.472,142.456,3.196,1,199.000,140.000,1.000,1.000,0.997,0.994,cv-only,-1.768,-1.417,-1.768,-1.417,-1.1903,2.1501,8.8394,onnxruntime-web 1.30.0 (wasm, 1 thread)
17.9333,TRACK,199.999,137.567,1,196.819,138.438,195.720,139.162,3.298,1,199.000,137.000,1.000,1.000,0.985,0.994,agreement,-1.776,-1.461,-1.776,-1.461,-1.2495,2.1014,11.2516,onnxruntime-web 1.30.0 (wasm, 1 thread)
17.9667,TRACK,200.447,134.795,1,197.279,135.632,195.910,135.950,3.276,1,200.000,135.000,1.000,1.000,0.985,0.994,agreement,-1.757,-1.479,-1.757,-1.479,-1.3081,2.0521,9.6257,onnxruntime-web 1.30.0 (wasm, 1 thread)
18.0000,TRACK,200.838,132.047,1,197.606,132.756,196.401,133.137,3.309,1,200.000,132.000,1.000,1.000,0.985,0.994,agreement,-1.768,-1.529,-1.768,-1.529,-1.3670,2.0011,8.8111,onnxruntime-web 1.30.0 (wasm, 1 thread)
18.0333,TRACK,201.335,129.504,1,198.176,129.833,196.755,130.253,3.176,1,201.000,129.000,1.000,1.000,0.985,0.994,agreement,-1.750,-1.578,-1.750,-1.578,-1.4254,1.9485,10.7483,onnxruntime-web 1.30.0 (wasm, 1 thread)
18.0667,TRACK,201.791,127.177,1,198.577,126.878,197.356,127.320,3.228,1,201.000,126.000,1.000,1.000,0.985,0.995,agreement,-1.762,-1.627,-1.762,-1.627,-1.4841,1.8943,9.3924,onnxruntime-web 1.30.0 (wasm, 1 thread)
18.1000,TRACK,202.366,125.076,1,198.861,124.571,197.784,124.356,3.541,1,201.000,125.000,1.000,1.000,0.985,0.995,agreement,-1.772,-1.622,-1.772,-1.622,-1.5432,1.8402,9.5306,onnxruntime-web 1.30.0 (wasm, 1 thread)
18.1333,TRACK,203.051,122.931,1,199.735,122.371,198.092,122.054,3.363,1,203.000,123.000,1.000,1.000,0.985,0.995,agreement,-1.728,-1.651,-1.728,-1.651,-1.6007,1.7852,11.6413,onnxruntime-web 1.30.0 (wasm, 1 thread)
18.1667,TRACK,203.560,120.939,1,200.342,119.907,199.003,119.860,3.380,1,203.000,120.000,1.000,1.000,0.985,0.995,agreement,-1.743,-1.709,-1.743,-1.709,-1.6589,1.7282,12.7635,onnxruntime-web 1.30.0 (wasm, 1 thread)
18.2000,TRACK,204.214,119.262,1,200.764,117.599,199.639,117.397,3.830,1,203.000,118.000,1.000,1.000,0.985,0.995,agreement,-1.756,-1.737,-1.756,-1.737,-1.7174,1.6703,8.5495,onnxruntime-web 1.30.0 (wasm, 1 thread)
18.2333,TRACK,205.001,117.758,1,201.732,116.067,200.087,115.094,3.680,1,205.000,118.000,1.000,1.000,0.985,0.995,agreement,-1.713,-1.713,-1.713,-1.713,-1.7745,1.6132,9.7016,onnxruntime-web 1.30.0 (wasm, 1 thread)
18.2667,TRACK,205.629,116.166,1,202.400,114.393,201.091,113.584,3.683,1,205.000,116.000,1.000,1.000,0.985,0.995,track-verified,-1.729,-1.752,-1.729,-1.752,-1.8321,1.5548,10.1514,onnxruntime-web 1.30.0 (wasm, 1 thread)
18.3000,TRACK,206.416,114.833,1,203.199,112.621,201.788,111.927,3.904,1,206.000,114.000,1.000,1.000,0.985,0.995,track-verified,-1.716,-1.789,-1.716,-1.789,-1.8893,1.4952,10.5287,onnxruntime-web 1.30.0 (wasm, 1 thread)
18.3333,TRACK,207.206,113.764,1,203.751,111.119,202.618,110.171,4.352,1,206.000,113.000,1.000,1.000,0.985,0.995,track-verified,-1.730,-1.799,-1.730,-1.799,-1.9470,1.4352,12.5978,onnxruntime-web 1.30.0 (wasm, 1 thread)
18.3667,TRACK,208.151,112.827,1,204.804,109.798,203.195,108.690,4.513,1,208.000,112.000,1.000,1.000,0.985,0.995,track-verified,-1.689,-1.812,-1.689,-1.812,-2.0033,1.3748,11.0720,onnxruntime-web 1.30.0 (wasm, 1 thread)
18.4000,TRACK,208.955,112.051,1,205.864,108.936,204.285,107.394,4.388,1,209.000,112.000,1.000,1.000,0.985,0.995,track-verified,-1.680,-1.801,-1.680,-1.801,-2.0593,1.3148,11.7714,onnxruntime-web 1.30.0 (wasm, 1 thread)
18.4333,TRACK,209.793,111.320,1,206.592,108.051,205.379,106.566,4.576,1,209.000,111.000,1.000,1.000,0.985,0.995,track-verified,-1.698,-1.821,-1.698,-1.821,-2.1159,1.2541,9.4226,onnxruntime-web 1.30.0 (wasm, 1 thread)
18.4667,TRACK,210.811,110.819,1,207.764,107.149,206.134,105.714,4.770,1,211.000,110.000,1.000,1.000,0.985,0.995,track-verified,-1.658,-1.842,-1.658,-1.842,-2.1711,1.1927,9.1393,onnxruntime-web 1.30.0 (wasm, 1 thread)
18.5000,TRACK,211.706,110.559,1,208.567,106.571,207.342,104.844,5.075,1,211.000,110.000,1.000,1.000,0.985,0.995,track-verified,-1.677,-1.835,-1.677,-1.835,-2.2270,1.1315,12.3053,onnxruntime-web 1.30.0 (wasm, 1 thread)
18.5333,TRACK,212.793,110.411,1,209.455,106.212,208.173,104.304,5.365,1,212.000,110.000,1.000,1.000,0.985,0.995,track-verified,-1.665,-1.833,-1.665,-1.833,-2.2826,1.0704,10.1994,onnxruntime-web 1.30.0 (wasm, 1 thread)
18.5667,TRACK,213.908,110.409,1,210.399,106.001,209.089,103.987,5.635,1,213.000,110.000,1.000,1.000,0.985,0.995,track-verified,-1.654,-1.833,-1.654,-1.833,-2.3377,1.0093,9.8194,onnxruntime-web 1.30.0 (wasm, 1 thread)
18.6000,TRACK,215.060,110.579,1,211.716,106.225,210.062,103.821,5.490,1,215.000,111.000,1.000,1.000,0.985,0.995,track-verified,-1.617,-1.808,-1.617,-1.808,-2.3916,0.9490,9.5561,onnxruntime-web 1.30.0 (wasm, 1 thread)
18.6333,TRACK,216.113,110.801,1,212.951,106.075,211.416,104.099,5.686,1,216.000,110.000,1.000,1.000,0.985,0.995,agreement,-1.611,-1.842,-1.611,-1.842,-2.4453,0.8876,9.4594,onnxruntime-web 1.30.0 (wasm, 1 thread)
18.6667,TRACK,217.233,111.399,1,213.795,106.340,212.685,103.993,6.117,1,216.000,111.000,1.000,1.000,0.986,0.995,agreement,-1.631,-1.818,-1.631,-1.818,-2.4997,0.8270,10.0430,onnxruntime-web 1.30.0 (wasm, 1 thread)
18.7000,TRACK,218.561,112.077,1,215.043,106.885,213.554,104.310,6.272,1,218.000,112.000,1.000,1.000,0.985,0.995,agreement,-1.593,-1.799,-1.593,-1.799,-2.5528,0.7670,9.3918,onnxruntime-web 1.30.0 (wasm, 1 thread)
18.7333,TRACK,219.791,112.873,1,216.230,107.286,214.835,104.912,6.626,1,219.000,112.000,1.000,1.000,0.985,0.995,agreement,-1.586,-1.810,-1.586,-1.810,-2.6056,0.7067,10.1611,onnxruntime-web 1.30.0 (wasm, 1 thread)
18.7667,TRACK,221.091,113.959,1,217.710,108.257,216.053,105.366,6.629,1,221.000,114.000,1.000,1.000,0.985,0.995,agreement,-1.552,-1.766,-1.552,-1.766,-2.6573,0.6478,9.4727,onnxruntime-web 1.30.0 (wasm, 1 thread)
18.8000,TRACK,222.318,115.052,1,219.053,108.946,217.570,106.402,6.924,1,222.000,114.000,1.000,1.000,0.985,0.995,agreement,-1.547,-1.782,-1.547,-1.782,-2.7089,0.5884,9.4772,onnxruntime-web 1.30.0 (wasm, 1 thread)
18.8333,TRACK,223.634,116.484,1,220.304,110.112,218.946,107.147,7.189,1,223.000,116.000,1.000,1.000,0.985,0.995,agreement,-1.541,-1.741,-1.541,-1.741,-2.7603,0.5304,16.1649,onnxruntime-web 1.30.0 (wasm, 1 thread)
18.8667,TRACK,225.033,117.962,1,221.825,111.266,220.227,108.379,7.425,1,225.000,117.000,1.000,1.000,0.985,0.995,agreement,-1.508,-1.733,-1.508,-1.733,-2.8106,0.4726,9.3853,onnxruntime-web 1.30.0 (wasm, 1 thread)
18.9000,TRACK,226.369,119.669,1,223.196,112.746,221.784,109.597,7.616,1,226.000,119.000,1.000,1.000,0.985,0.995,agreement,-1.504,-1.698,-1.504,-1.698,-2.8607,0.4160,9.2707,onnxruntime-web 1.30.0 (wasm, 1 thread)
18.9333,TRACK,227.803,121.472,1,224.798,114.447,223.186,111.147,7.641,1,228.000,121.000,1.000,1.000,0.985,0.995,agreement,-1.472,-1.667,-1.472,-1.667,-2.9097,0.3605,9.9540,onnxruntime-web 1.30.0 (wasm, 1 thread)
18.9667,TRACK,229.186,123.401,1,226.223,116.296,224.824,112.921,7.698,1,229.000,123.000,1.000,1.000,0.985,0.995,agreement,-1.469,-1.638,-1.469,-1.638,-2.9587,0.3059,9.2169,onnxruntime-web 1.30.0 (wasm, 1 thread)
19.0000,TRACK,230.675,125.478,1,227.525,118.246,226.279,114.846,7.888,1,230.000,125.000,1.000,1.000,0.985,0.995,agreement,-1.463,-1.611,-1.463,-1.611,-3.0075,0.2522,9.2547,onnxruntime-web 1.30.0 (wasm, 1 thread)
19.0333,TRACK,232.262,127.721,1,229.080,120.598,227.610,116.871,7.801,1,232.000,128.000,1.000,1.000,0.985,0.994,agreement,-1.430,-1.558,-1.430,-1.558,-3.0551,0.2002,9.1592,onnxruntime-web 1.30.0 (wasm, 1 thread)
19.0667,TRACK,233.799,130.003,1,230.471,122.887,229.198,119.306,7.855,1,233.000,130.000,1.000,1.000,0.985,0.994,agreement,-1.427,-1.537,-1.427,-1.537,-3.1027,0.1490,9.2196,onnxruntime-web 1.30.0 (wasm, 1 thread)
19.1000,TRACK,235.446,132.497,1,232.085,125.133,230.617,121.675,8.095,1,235.000,132.000,1.000,1.000,0.985,0.994,agreement,-1.394,-1.515,-1.394,-1.515,-3.1492,0.0985,9.2543,onnxruntime-web 1.30.0 (wasm, 1 thread)
19.1333,TRACK,237.051,135.209,1,233.849,127.347,232.263,123.997,8.488,1,237.000,134.000,1.000,1.000,0.985,0.994,agreement,-1.365,-1.492,-1.365,-1.492,-3.1947,0.0488,9.9302,onnxruntime-web 1.30.0 (wasm, 1 thread)
19.1667,TRACK,238.630,138.140,1,235.381,129.874,234.063,126.286,8.882,1,238.000,137.000,1.000,1.000,0.985,0.994,agreement,-1.363,-1.443,-1.363,-1.443,-3.2401,0.0007,10.8785,onnxruntime-web 1.30.0 (wasm, 1 thread)
19.2000,TRACK,240.337,141.155,1,236.755,132.947,235.624,128.892,8.955,1,239.000,141.000,1.000,1.000,0.985,0.994,agreement,-1.359,-1.370,-1.359,-1.370,-3.2854,-0.0450,9.3343,onnxruntime-web 1.30.0 (wasm, 1 thread)
19.2333,TRACK,242.158,144.136,1,238.690,135.721,237.023,132.056,9.102,1,242.000,143.000,1.000,1.000,0.985,0.994,agreement,-1.300,-1.357,-1.300,-1.357,-3.3287,-0.0902,9.4002,onnxruntime-web 1.30.0 (wasm, 1 thread)
19.2667,TRACK,243.801,147.406,1,240.671,138.625,238.995,134.911,9.323,1,244.000,146.000,1.000,1.000,0.985,0.993,agreement,-1.274,-1.314,-1.274,-1.314,-3.3712,-0.1341,9.7271,onnxruntime-web 1.30.0 (wasm, 1 thread)
19.3000,TRACK,245.445,150.811,1,242.348,141.951,241.013,137.897,9.386,1,245.000,150.000,1.000,1.000,0.985,0.993,agreement,-1.275,-1.246,-1.275,-1.246,-3.4137,-0.1756,9.2861,onnxruntime-web 1.30.0 (wasm, 1 thread)
19.3333,TRACK,247.235,154.219,1,244.154,145.562,242.720,141.313,9.189,1,247.000,154.000,1.000,1.000,0.997,0.993,cv-only,-1.245,-1.182,-1.245,-1.182,-3.4552,-0.2150,9.6490,onnxruntime-web 1.30.0 (wasm, 1 thread)
19.3667,TRACK,249.012,157.662,1,246.045,149.032,244.557,145.019,9.127,1,249.000,157.000,1.000,1.000,0.997,0.993,cv-only,-1.218,-1.149,-1.218,-1.149,-3.4958,-0.2533,9.3712,onnxruntime-web 1.30.0 (wasm, 1 thread)
19.4000,TRACK,250.786,161.303,1,247.660,152.738,246.482,148.578,9.117,1,250.000,161.000,1.000,1.000,0.997,0.992,cv-only,-1.217,-1.087,-1.217,-1.087,-3.5363,-0.2895,12.5969,onnxruntime-web 1.30.0 (wasm, 1 thread)
19.4333,TRACK,252.704,164.992,1,249.422,156.270,248.123,152.377,9.320,1,252.000,164.000,1.000,1.000,0.997,0.992,cv-only,-1.187,-1.054,-1.187,-1.054,-3.5759,-0.3246,9.3509,onnxruntime-web 1.30.0 (wasm, 1 thread)
19.4667,TRACK,254.609,168.890,1,251.282,160.015,249.914,155.995,9.477,1,254.000,168.000,1.000,1.000,0.997,0.992,cv-only,-1.159,-0.993,-1.159,-0.993,-3.6145,-0.3577,9.5140,onnxruntime-web 1.30.0 (wasm, 1 thread)
19.5000,TRACK,256.511,172.845,1,253.210,163.906,251.804,159.830,9.529,1,256.000,172.000,1.000,1.000,0.997,0.992,cv-only,-1.131,-0.934,-1.131,-0.934,-3.6522,-0.3888,14.1571,onnxruntime-web 1.30.0 (wasm, 1 thread)
19.5333,TRACK,258.418,176.871,1,255.182,167.893,253.763,163.811,9.543,1,258.000,176.000,1.000,1.000,0.997,0.991,cv-only,-1.104,-0.876,-1.104,-0.876,-3.6891,-0.4180,29.6100,onnxruntime-web 1.30.0 (wasm, 1 thread)
19.5667,TRACK,260.334,180.980,1,257.185,172.280,255.767,167.889,9.252,1,260.000,181.000,1.000,1.000,0.997,0.991,cv-only,-1.078,-0.793,-1.078,-0.793,-3.7250,-0.4445,13.5818,onnxruntime-web 1.30.0 (wasm, 1 thread)
19.6000,TRACK,262.263,185.034,1,259.208,176.267,257.801,172.374,9.284,1,262.000,184.000,1.000,1.000,0.997,0.991,cv-only,-1.052,-0.768,-1.052,-0.768,-3.7601,-0.4701,18.0013,onnxruntime-web 1.30.0 (wasm, 1 thread)
19.6333,TRACK,264.208,189.342,1,261.243,180.651,259.855,176.448,9.182,1,264.000,189.000,1.000,1.000,0.997,0.990,cv-only,-1.026,-0.685,-1.026,-0.685,-3.7943,-0.4929,13.3145,onnxruntime-web 1.30.0 (wasm, 1 thread)
19.6667,TRACK,266.171,193.594,1,263.288,184.969,261.922,180.925,9.094,1,266.000,193.000,1.000,1.000,0.997,0.990,cv-only,-1.001,-0.632,-1.001,-0.632,-3.8277,-0.5140,9.2253,onnxruntime-web 1.30.0 (wasm, 1 thread)
19.7000,TRACK,268.154,197.957,1,265.003,189.240,263.997,185.333,9.269,1,267.000,197.000,1.000,1.000,0.997,0.990,cv-only,-1.002,-0.579,-1.002,-0.579,-3.8610,-0.5333,10.8635,onnxruntime-web 1.30.0 (wasm, 1 thread)
19.7333,TRACK,270.299,202.422,1,267.163,193.813,265.734,189.690,9.163,1,270.000,202.000,1.000,1.000,0.997,0.989,cv-only,-0.946,-0.499,-0.946,-0.499,-3.8926,-0.5499,10.2195,onnxruntime-web 1.30.0 (wasm, 1 thread)
19.7667,TRACK,272.304,206.845,1,269.290,198.255,267.926,194.355,9.103,1,272.000,206.000,1.000,1.000,0.997,0.989,cv-only,-0.921,-0.449,-0.921,-0.449,-3.9233,-0.5649,11.0884,onnxruntime-web 1.30.0 (wasm, 1 thread)
19.8000,TRACK,274.338,211.381,1,271.395,202.607,270.084,198.884,9.255,1,274.000,210.000,1.000,1.000,0.997,0.988,cv-only,-0.896,-0.397,-0.896,-0.397,-3.9531,-0.5781,10.5859,onnxruntime-web 1.30.0 (wasm, 1 thread)
19.8333,TRACK,276.399,216.020,1,273.485,207.230,272.218,203.318,9.260,1,276.000,215.000,1.000,1.000,0.997,0.988,cv-only,-0.871,-0.317,-0.871,-0.317,-3.9822,-0.5887,9.5648,onnxruntime-web 1.30.0 (wasm, 1 thread)
19.8667,TRACK,278.488,220.610,1,275.563,212.038,274.336,208.029,9.057,1,278.000,220.000,1.000,1.000,0.997,0.988,cv-only,-0.845,-0.240,-0.845,-0.240,-4.0103,-0.5967,9.5011,onnxruntime-web 1.30.0 (wasm, 1 thread)
19.9000,TRACK,280.603,225.163,1,277.633,216.635,276.441,212.926,9.031,1,280.000,224.000,1.000,1.000,0.985,0.987,agreement,-0.820,-0.192,-0.820,-0.192,-4.0377,-0.6031,9.6362,onnxruntime-web 1.30.0 (wasm, 1 thread)
19.9333,TRACK,282.744,229.828,1,279.697,221.421,278.537,217.605,8.942,1,282.000,229.000,1.000,1.000,0.985,0.987,agreement,-0.794,-0.115,-0.794,-0.115,-4.0641,-0.6070,9.6627,onnxruntime-web 1.30.0 (wasm, 1 thread)
19.9667,TRACK,284.911,234.444,1,281.757,226.335,280.627,222.476,8.701,1,284.000,234.000,1.000,1.000,0.985,0.986,agreement,-0.768,-0.040,-0.768,-0.040,-4.0897,-0.6083,8.4632,onnxruntime-web 1.30.0 (wasm, 1 thread)
20.0000,TRACK,287.104,239.017,1,283.813,231.001,282.712,227.476,8.666,1,286.000,238.000,1.000,1.000,0.985,0.985,agreement,-0.741,0.008,-0.741,0.008,-4.1144,-0.6080,9.7778,onnxruntime-web 1.30.0 (wasm, 1 thread)
20.0333,TRACK,289.322,243.691,1,286.202,235.830,284.793,232.220,8.457,1,289.000,243.000,1.000,1.000,0.985,0.983,agreement,-0.689,0.085,-0.689,0.085,-4.1374,-0.6052,11.6402,onnxruntime-web 1.30.0 (wasm, 1 thread)
20.0667,TRACK,291.424,248.301,1,288.482,240.770,287.214,237.129,8.085,1,291.000,248.000,1.000,1.000,0.985,0.981,agreement,-0.666,0.160,-0.666,0.160,-4.1596,-0.5999,8.9896,onnxruntime-web 1.30.0 (wasm, 1 thread)
20.1000,TRACK,293.572,252.850,1,291.021,245.449,289.521,242.150,7.828,1,294.000,252.000,1.000,1.000,0.985,0.979,agreement,-0.616,0.207,-0.616,0.207,-4.1801,-0.5930,8.1188,onnxruntime-web 1.30.0 (wasm, 1 thread)
20.1333,TRACK,295.618,257.478,1,293.067,250.284,292.094,246.902,7.633,1,295.000,257.000,1.000,1.000,0.985,0.977,agreement,-0.621,0.285,-0.621,0.285,-4.2008,-0.5835,9.7171,onnxruntime-web 1.30.0 (wasm, 1 thread)
20.1667,TRACK,297.861,262.020,1,295.112,254.890,294.162,251.813,7.642,1,297.000,261.000,1.000,1.000,0.985,0.976,agreement,-0.594,0.334,-0.594,0.334,-4.2206,-0.5724,9.6889,onnxruntime-web 1.30.0 (wasm, 1 thread)
20.2000,TRACK,300.129,266.618,1,297.156,260.008,296.228,256.487,7.248,1,299.000,267.000,1.000,1.000,0.985,0.976,agreement,-0.568,0.439,-0.568,0.439,-4.2395,-0.5577,8.9045,onnxruntime-web 1.30.0 (wasm, 1 thread)
20.2333,TRACK,302.422,270.966,1,299.534,264.468,298.292,261.683,7.110,1,302.000,270.000,1.000,1.000,0.985,0.976,agreement,-0.514,0.458,-0.314,0.458,-4.2500,-0.5425,8.3992,onnxruntime-web 1.30.0 (wasm, 1 thread)
20.2667,TRACK,303.529,275.511,1,301.469,269.151,300.698,266.206,6.685,1,303.000,275.000,1.000,1.000,0.985,0.977,agreement,-0.518,0.539,0.000,0.539,-4.2500,-0.5245,9.6276,onnxruntime-web 1.30.0 (wasm, 1 thread)
20.3000,TRACK,303.131,279.918,1,302.767,273.648,302.650,270.954,6.280,1,303.000,279.000,1.000,1.000,0.985,0.979,agreement,-0.542,0.590,0.000,0.590,-4.2500,-0.5049,9.2084,onnxruntime-web 1.30.0 (wasm, 1 thread)
20.3333,TRACK,302.901,284.334,1,303.297,278.354,303.951,275.511,5.993,1,302.000,284.000,1.000,1.000,0.985,0.981,agreement,-0.586,0.670,0.000,0.670,-4.2500,-0.4825,9.2723,onnxruntime-web 1.30.0 (wasm, 1 thread)
20.3667,TRACK,302.839,288.593,1,303.640,282.865,304.466,280.280,5.784,1,302.000,288.000,1.000,1.000,0.985,0.983,agreement,-0.595,0.722,0.000,0.722,-4.2500,-0.4585,9.4452,onnxruntime-web 1.30.0 (wasm, 1 thread)
20.4000,TRACK,302.946,292.840,1,303.856,287.244,304.791,284.849,5.670,1,302.000,292.000,1.000,1.000,0.985,0.985,agreement,-0.601,0.776,0.000,0.776,-4.2500,-0.4326,8.9625,onnxruntime-web 1.30.0 (wasm, 1 thread)
20.4333,TRACK,303.222,297.052,1,304.321,291.531,304.986,289.280,5.629,1,303.000,296.000,1.000,1.000,0.985,0.986,agreement,-0.579,0.831,0.000,0.831,-4.2500,-0.4049,11.6517,onnxruntime-web 1.30.0 (wasm, 1 thread)
20.4667,TRACK,303.665,301.208,1,304.620,296.090,305.436,293.617,5.206,1,303.000,301.000,1.000,1.000,0.985,0.987,agreement,-0.587,0.915,0.000,0.915,-4.2500,-0.3744,9.3388,onnxruntime-web 1.30.0 (wasm, 1 thread)
20.5000,TRACK,304.277,305.148,1,305.142,300.498,305.717,298.231,4.730,1,304.000,305.000,1.000,1.000,0.985,0.987,agreement,-0.566,0.969,0.000,0.969,-4.2500,-0.3421,9.1362,onnxruntime-web 1.30.0 (wasm, 1 thread)
20.5333,TRACK,305.057,309.020,1,305.816,304.803,306.226,302.690,4.285,1,305.000,309.000,1.000,1.000,0.985,0.987,agreement,-0.547,1.025,0.000,1.025,-4.2500,-0.3079,9.7810,onnxruntime-web 1.30.0 (wasm, 1 thread)
20.5667,TRACK,306.005,312.802,1,306.592,308.703,306.891,307.042,4.141,1,306.000,312.000,1.000,1.000,0.985,0.988,agreement,-0.530,1.055,0.000,1.055,-4.2500,-0.2728,10.4958,onnxruntime-web 1.30.0 (wasm, 1 thread)
20.6000,TRACK,307.120,316.615,1,307.440,312.660,307.661,310.979,3.967,1,307.000,316.000,1.000,1.000,0.985,0.988,agreement,-0.515,1.117,0.000,1.117,-4.2500,-0.2355,9.1873,onnxruntime-web 1.30.0 (wasm, 1 thread)
20.6333,TRACK,308.402,320.280,1,308.335,316.657,308.503,314.973,3.623,1,308.000,320.000,1.000,1.000,0.985,0.989,agreement,-0.500,1.179,0.000,1.179,-4.2500,-0.1962,10.1455,onnxruntime-web 1.30.0 (wasm, 1 thread)
20.6667,TRACK,309.851,323.787,1,309.262,320.345,309.394,319.008,3.492,1,309.000,323.000,1.000,1.000,0.985,0.989,agreement,-0.486,1.213,0.000,1.213,-4.2500,-0.1558,9.4424,onnxruntime-web 1.30.0 (wasm, 1 thread)
20.7000,TRACK,311.466,327.267,1,310.547,324.157,310.319,322.725,3.243,1,311.000,327.000,1.000,1.000,0.985,0.989,agreement,-0.445,1.278,0.000,1.278,-4.2500,-0.1132,8.0167,onnxruntime-web 1.30.0 (wasm, 1 thread)
20.7333,TRACK,313.247,330.545,1,312.075,327.718,311.609,326.569,3.060,1,313.000,330.000,1.000,1.000,0.985,0.990,agreement,-0.408,1.315,0.000,1.315,-4.2500,-0.0693,9.4081,onnxruntime-web 1.30.0 (wasm, 1 thread)
20.7667,TRACK,315.193,333.757,1,313.768,331.108,313.147,330.156,3.007,1,315.000,333.000,1.000,1.000,0.985,0.990,agreement,-0.375,1.355,0.000,1.355,-4.2500,-0.0242,7.9706,onnxruntime-web 1.30.0 (wasm, 1 thread)
20.8000,TRACK,317.303,336.873,1,315.573,334.717,314.854,333.567,2.765,1,317.000,337.000,1.000,1.000,0.985,0.990,agreement,-0.343,1.424,0.000,1.424,-4.2500,0.0233,7.6526,onnxruntime-web 1.30.0 (wasm, 1 thread)
20.8333,TRACK,319.577,339.726,1,317.453,337.804,316.675,337.201,2.865,1,319.000,339.000,1.000,1.000,0.985,0.990,agreement,-0.312,1.438,0.000,1.438,-4.2500,0.0712,9.5866,onnxruntime-web 1.30.0 (wasm, 1 thread)
20.8667,TRACK,322.015,342.600,1,319.721,340.870,318.573,340.302,2.873,1,322.000,342.000,1.000,1.000,0.986,0.991,agreement,-0.255,1.484,0.000,1.484,-4.2500,0.1207,9.5589,onnxruntime-web 1.30.0 (wasm, 1 thread)
20.9000,TRACK,324.614,345.306,1,321.915,343.923,320.865,343.381,3.032,1,324.000,345.000,1.000,1.000,0.985,0.991,agreement,-0.230,1.530,0.000,1.530,-4.2500,0.1717,9.1904,onnxruntime-web 1.30.0 (wasm, 1 thread)
20.9333,TRACK,327.375,347.827,1,324.395,346.966,323.083,346.446,3.102,1,327.000,348.000,1.000,1.000,0.985,0.991,agreement,-0.177,1.577,0.000,1.577,-4.2500,0.2243,9.5595,onnxruntime-web 1.30.0 (wasm, 1 thread)
20.9667,TRACK,330.297,350.150,1,327.069,349.668,325.592,349.500,3.264,1,330.000,350.000,1.000,1.000,0.985,0.991,agreement,-0.127,1.597,0.000,1.597,-4.2500,0.2775,9.5470,onnxruntime-web 1.30.0 (wasm, 1 thread)
21.0000,TRACK,333.378,352.399,1,329.873,352.137,328.299,352.206,3.514,1,333.000,352.000,1.000,1.000,0.985,0.992,agreement,-0.079,1.622,0.000,1.622,-4.2500,0.3316,11.6880,onnxruntime-web 1.30.0 (wasm, 1 thread)
21.0333,TRACK,336.617,354.540,1,332.767,354.448,331.138,354.673,3.852,1,336.000,354.000,1.000,1.000,0.985,0.992,agreement,-0.033,1.649,0.000,1.649,-4.2500,0.3866,9.7908,onnxruntime-web 1.30.0 (wasm, 1 thread)
21.0667,TRACK,340.014,356.543,1,336.055,356.651,334.068,356.979,3.961,1,340.000,356.000,1.000,1.000,0.985,0.992,agreement,0.039,1.679,0.039,1.679,-4.2487,0.4425,9.7487,onnxruntime-web 1.30.0 (wasm, 1 thread)
21.1000,TRACK,343.361,358.384,1,339.276,358.782,337.400,359.175,4.104,1,343.000,358.000,1.000,1.000,0.985,0.992,agreement,0.080,1.709,0.080,1.709,-4.2460,0.4995,10.3425,onnxruntime-web 1.30.0 (wasm, 1 thread)
21.1333,TRACK,346.644,360.041,1,342.450,360.528,340.663,361.297,4.222,1,346.000,359.000,1.000,1.000,0.985,0.992,agreement,0.122,1.714,0.122,1.714,-4.2420,0.5566,10.2438,onnxruntime-web 1.30.0 (wasm, 1 thread)
21.1667,TRACK,349.859,361.638,1,345.928,362.347,343.877,363.026,3.995,1,350.000,361.000,1.000,1.000,0.985,0.993,agreement,0.191,1.751,0.191,1.751,-4.2356,0.6150,7.1040,onnxruntime-web 1.30.0 (wasm, 1 thread)
21.2000,TRACK,352.859,362.993,1,349.276,364.217,347.400,364.830,3.786,1,353.000,363.000,1.000,1.000,0.985,0.993,agreement,0.230,1.786,0.230,1.786,-4.2280,0.6745,8.8960,onnxruntime-web 1.30.0 (wasm, 1 thread)
21.2333,TRACK,355.801,364.098,1,352.200,365.787,350.790,366.687,3.978,1,355.000,364.000,1.000,1.000,0.985,0.993,agreement,0.244,1.795,0.244,1.795,-4.2199,0.7343,8.3800,onnxruntime-web 1.30.0 (wasm, 1 thread)
21.2667,TRACK,358.819,365.083,1,355.170,367.153,353.745,368.237,4.195,1,358.000,365.000,1.000,1.000,0.986,0.993,agreement,0.289,1.807,0.289,1.807,-4.2102,0.7946,9.2821,onnxruntime-web 1.30.0 (wasm, 1 thread)
21.3000,TRACK,361.742,365.915,1,358.507,368.380,356.748,369.578,4.067,1,362.000,366.000,1.000,1.000,0.986,0.993,agreement,0.361,1.821,0.361,1.821,-4.1982,0.8553,9.6946,onnxruntime-web 1.30.0 (wasm, 1 thread)
21.3333,TRACK,364.429,366.567,1,361.421,369.178,360.123,370.778,3.983,1,364.000,366.000,1.000,1.000,0.985,0.993,agreement,0.376,1.811,0.376,1.811,-4.1857,0.9156,9.4013,onnxruntime-web 1.30.0 (wasm, 1 thread)
21.3667,TRACK,367.183,367.158,1,364.384,370.020,363.067,371.541,4.003,1,367.000,367.000,1.000,1.000,0.985,0.993,agreement,0.422,1.832,0.422,1.832,-4.1716,0.9767,10.1275,onnxruntime-web 1.30.0 (wasm, 1 thread)
21.4000,TRACK,369.836,367.508,1,367.044,370.558,366.058,372.350,4.136,1,369.000,367.000,1.000,1.000,0.985,0.993,agreement,0.441,1.826,0.441,1.826,-4.1569,1.0375,9.0781,onnxruntime-web 1.30.0 (wasm, 1 thread)
21.4333,TRACK,372.530,367.745,1,369.832,370.889,368.740,372.848,4.143,1,372.000,367.000,1.000,1.000,0.985,0.993,agreement,0.491,1.824,0.491,1.824,-4.1405,1.0983,10.2239,onnxruntime-web 1.30.0 (wasm, 1 thread)
21.4667,TRACK,375.101,367.839,1,372.372,371.081,371.552,373.135,4.237,1,374.000,367.000,1.000,1.000,0.986,0.993,agreement,0.512,1.824,0.512,1.824,-4.1235,1.1591,9.8919,onnxruntime-web 1.30.0 (wasm, 1 thread)
21.5000,TRACK,377.697,367.764,1,375.079,371.512,374.111,373.281,4.572,1,377.000,368.000,1.000,1.000,0.985,0.993,agreement,0.563,1.853,0.563,1.853,-4.1047,1.2209,9.2934,onnxruntime-web 1.30.0 (wasm, 1 thread)
21.5333,TRACK,380.159,367.356,1,377.898,371.438,376.839,373.673,4.667,1,380.000,367.000,1.000,1.000,0.985,0.994,agreement,0.612,1.825,0.612,1.825,-4.0843,1.2817,9.3414,onnxruntime-web 1.30.0 (wasm, 1 thread)
21.5667,TRACK,382.495,366.900,1,380.458,371.021,379.682,373.550,4.597,1,382.000,366.000,1.000,1.000,0.985,0.994,agreement,0.633,1.804,0.633,1.804,-4.0632,1.3419,10.9017,onnxruntime-web 1.30.0 (wasm, 1 thread)
21.6000,TRACK,384.851,366.355,1,382.842,370.706,382.259,373.076,4.793,1,384.000,366.000,1.000,1.000,0.985,0.994,agreement,0.658,1.813,0.658,1.813,-4.0412,1.4023,12.6387,onnxruntime-web 1.30.0 (wasm, 1 thread)
21.6333,TRACK,387.209,365.543,1,385.441,370.127,384.656,372.709,4.913,1,387.000,365.000,1.000,1.000,0.985,0.994,agreement,0.711,1.795,0.711,1.795,-4.0175,1.4621,9.1646,onnxruntime-web 1.30.0 (wasm, 1 thread)
21.6667,TRACK,389.413,364.603,1,387.851,369.369,387.273,372.072,5.015,1,389.000,364.000,1.000,1.000,0.985,0.994,agreement,0.735,1.779,0.735,1.779,-3.9930,1.5214,9.9479,onnxruntime-web 1.30.0 (wasm, 1 thread)
21.7000,TRACK,391.616,363.505,1,390.133,368.490,389.696,371.254,5.200,1,391.000,363.000,1.000,1.000,0.985,0.994,agreement,0.762,1.766,0.762,1.766,-3.9676,1.5803,10.6973,onnxruntime-web 1.30.0 (wasm, 1 thread)
21.7333,TRACK,393.803,362.229,1,392.326,367.529,391.987,370.313,5.502,1,393.000,362.000,1.000,1.000,0.985,0.994,agreement,0.790,1.754,0.790,1.754,-3.9413,1.6387,10.4678,onnxruntime-web 1.30.0 (wasm, 1 thread)
21.7667,TRACK,395.965,360.755,1,394.795,366.179,394.188,369.291,5.548,1,396.000,360.000,1.000,1.000,0.985,0.994,agreement,0.846,1.716,0.846,1.716,-3.9131,1.6960,10.1297,onnxruntime-web 1.30.0 (wasm, 1 thread)
21.8000,TRACK,397.951,359.211,1,396.780,364.900,396.670,367.872,5.808,1,397.000,359.000,1.000,1.000,0.985,0.994,agreement,0.846,1.710,0.846,1.710,-3.8849,1.7530,11.9417,onnxruntime-web 1.30.0 (wasm, 1 thread)
21.8333,TRACK,400.059,357.420,1,399.108,363.336,398.658,366.527,5.992,1,400.000,357.000,1.000,1.000,0.985,0.994,agreement,0.904,1.676,0.904,1.676,-3.8547,1.8088,11.1330,onnxruntime-web 1.30.0 (wasm, 1 thread)
21.8667,TRACK,401.973,355.519,1,401.332,361.579,400.995,364.892,6.093,1,402.000,355.000,1.000,1.000,0.985,0.993,agreement,0.932,1.646,0.932,1.646,-3.8237,1.8637,9.0288,onnxruntime-web 1.30.0 (wasm, 1 thread)
21.9000,TRACK,403.853,353.482,1,403.486,359.691,403.227,363.061,6.220,1,404.000,353.000,1.000,1.000,0.985,0.993,agreement,0.962,1.617,0.962,1.617,-3.7916,1.9176,9.0792,onnxruntime-web 1.30.0 (wasm, 1 thread)
21.9333,TRACK,405.690,351.287,1,405.592,357.716,405.387,361.098,6.430,1,406.000,351.000,1.000,1.000,0.985,0.993,agreement,0.992,1.591,0.992,1.591,-3.7586,1.9706,10.4130,onnxruntime-web 1.30.0 (wasm, 1 thread)
21.9667,TRACK,407.477,348.919,1,407.331,355.683,407.498,359.048,6.766,1,407.000,349.000,1.000,1.000,0.985,0.993,agreement,0.996,1.565,0.996,1.565,-3.7253,2.0228,12.0786,onnxruntime-web 1.30.0 (wasm, 1 thread)
22.0000,TRACK,409.351,346.363,1,409.155,353.276,409.233,356.940,6.915,1,409.000,346.000,1.000,1.000,0.985,0.993,agreement,1.032,1.513,1.032,1.513,-3.6910,2.0732,10.1221,onnxruntime-web 1.30.0 (wasm, 1 thread)
22.0333,TRACK,411.142,343.752,1,411.036,350.616,411.055,354.452,6.865,1,411.000,343.000,1.000,1.000,0.985,0.993,agreement,1.066,1.466,1.066,1.466,-3.6554,2.1221,9.2260,onnxruntime-web 1.30.0 (wasm, 1 thread)
22.0667,TRACK,412.855,341.054,1,412.623,347.786,412.936,351.707,6.736,1,412.000,340.000,1.000,1.000,0.985,0.993,agreement,1.073,1.421,1.073,1.421,-3.6196,2.1694,12.7584,onnxruntime-web 1.30.0 (wasm, 1 thread)
22.1000,TRACK,414.630,338.248,1,414.343,345.176,414.515,348.789,6.933,1,414.000,338.000,1.000,1.000,0.986,0.993,agreement,1.111,1.405,1.111,1.405,-3.5826,2.2163,12.6691,onnxruntime-web 1.30.0 (wasm, 1 thread)
22.1333,TRACK,416.307,335.176,1,416.154,342.047,416.231,346.099,6.872,1,416.000,334.000,1.000,1.000,0.985,0.993,agreement,1.146,1.333,1.146,1.333,-3.5444,2.2607,9.9509,onnxruntime-web 1.30.0 (wasm, 1 thread)
22.1667,TRACK,417.889,332.129,1,417.692,338.901,418.041,342.879,6.775,1,417.000,331.000,1.000,1.000,0.985,0.993,agreement,1.155,1.294,1.155,1.294,-3.5059,2.3039,9.0324,onnxruntime-web 1.30.0 (wasm, 1 thread)
22.2000,TRACK,419.521,328.928,1,419.380,335.745,419.572,339.645,6.819,1,419.000,328.000,1.000,1.000,0.985,0.993,agreement,1.193,1.255,1.193,1.255,-3.4661,2.3457,10.3638,onnxruntime-web 1.30.0 (wasm, 1 thread)
22.2333,TRACK,421.041,325.568,1,421.170,332.584,421.255,336.403,7.017,1,421.000,325.000,1.000,1.000,0.985,0.993,agreement,1.230,1.216,1.230,1.216,-3.4252,2.3862,12.5875,onnxruntime-web 1.30.0 (wasm, 1 thread)
22.2667,TRACK,422.456,322.044,1,422.694,329.085,423.043,333.157,7.045,1,422.000,321.000,1.000,1.000,0.985,0.993,agreement,1.238,1.151,1.238,1.151,-3.3839,2.4246,10.8461,onnxruntime-web 1.30.0 (wasm, 1 thread)
22.3000,TRACK,423.911,318.494,1,424.037,325.693,424.559,329.567,7.200,1,423.000,318.000,1.000,1.000,0.985,0.992,agreement,1.250,1.115,1.250,1.115,-3.3422,2.4618,12.3413,onnxruntime-web 1.30.0 (wasm, 1 thread)
22.3333,TRACK,425.386,314.753,1,425.592,322.041,425.891,326.090,7.291,1,425.000,314.000,1.000,1.000,0.985,0.992,agreement,1.291,1.052,1.291,1.052,-3.2992,2.4969,15.4518,onnxruntime-web 1.30.0 (wasm, 1 thread)
22.3667,TRACK,426.725,310.966,1,426.957,318.547,427.440,322.347,7.584,1,426.000,311.000,1.000,1.000,0.997,0.992,cv-only,1.303,1.019,1.303,1.019,-3.2557,2.5308,10.3313,onnxruntime-web 1.30.0 (wasm, 1 thread)
22.4000,TRACK,428.080,306.974,1,428.528,314.492,428.794,318.768,7.531,1,428.000,306.000,1.000,1.000,0.997,0.992,cv-only,1.344,0.930,1.344,0.930,-3.2109,2.5618,10.5579,onnxruntime-web 1.30.0 (wasm, 1 thread)
22.4333,TRACK,429.294,303.069,1,429.904,310.393,430.359,314.619,7.349,1,429.000,302.000,1.000,1.000,0.997,0.992,cv-only,1.356,0.875,1.356,0.875,-3.1657,2.5910,10.5318,onnxruntime-web 1.30.0 (wasm, 1 thread)
22.4667,TRACK,430.518,299.072,1,431.482,306.264,431.724,310.425,7.256,1,431.000,298.000,1.000,1.000,0.997,0.992,cv-only,1.396,0.819,1.396,0.819,-3.1192,2.6183,11.9097,onnxruntime-web 1.30.0 (wasm, 1 thread)
22.5000,TRACK,431.596,294.982,1,432.527,302.117,433.297,306.204,7.195,1,431.000,294.000,1.000,1.000,0.997,0.992,cv-only,1.382,0.764,1.382,0.764,-3.0731,2.6438,9.9813,onnxruntime-web 1.30.0 (wasm, 1 thread)
22.5333,TRACK,432.820,290.797,1,433.882,297.959,434.325,301.966,7.240,1,433.000,290.000,1.000,1.000,0.997,0.992,cv-only,1.427,0.709,1.427,0.709,-3.0256,2.6674,8.5950,onnxruntime-web 1.30.0 (wasm, 1 thread)
22.5667,TRACK,433.871,286.516,1,434.776,293.794,435.670,297.719,7.334,1,433.000,286.000,1.000,1.000,0.997,0.992,cv-only,1.415,0.655,1.415,0.655,-2.9784,2.6892,10.1624,onnxruntime-web 1.30.0 (wasm, 1 thread)
22.6000,TRACK,435.048,282.139,1,436.027,289.627,436.544,293.467,7.551,1,435.000,282.000,1.000,1.000,0.997,0.992,cv-only,1.461,0.600,1.461,0.600,-2.9297,2.7092,10.3753,onnxruntime-web 1.30.0 (wasm, 1 thread)
22.6333,TRACK,436.035,277.668,1,437.186,285.458,437.783,289.214,7.875,1,436.000,278.000,1.000,1.000,0.997,0.991,cv-only,1.477,0.545,1.477,0.545,-2.8805,2.7274,11.0656,onnxruntime-web 1.30.0 (wasm, 1 thread)
22.6667,TRACK,436.994,273.106,1,438.283,280.956,438.930,284.963,7.955,1,437.000,273.000,1.000,1.000,0.997,0.991,cv-only,1.495,0.463,1.495,0.463,-2.8306,2.7428,9.2448,onnxruntime-web 1.30.0 (wasm, 1 thread)
22.7000,TRACK,437.916,268.596,1,439.338,276.228,440.012,280.371,7.763,1,438.000,268.000,1.000,1.000,0.997,0.991,cv-only,1.513,0.385,1.513,0.385,-2.7802,2.7556,10.3582,onnxruntime-web 1.30.0 (wasm, 1 thread)
22.7333,TRACK,438.793,264.122,1,440.030,271.682,441.053,275.551,7.661,1,438.000,264.000,1.000,1.000,0.997,0.991,cv-only,1.504,0.336,1.504,0.336,-2.7301,2.7668,10.5986,onnxruntime-web 1.30.0 (wasm, 1 thread)
22.7667,TRACK,439.761,259.531,1,440.810,266.928,441.722,270.919,7.471,1,439.000,259.000,1.000,1.000,0.997,0.991,cv-only,1.527,0.258,1.527,0.258,-2.6792,2.7754,11.0200,onnxruntime-web 1.30.0 (wasm, 1 thread)
22.8000,TRACK,440.653,254.981,1,441.650,262.366,442.481,266.076,7.453,1,440.000,255.000,1.000,1.000,0.997,0.991,cv-only,1.549,0.210,1.549,0.210,-2.6275,2.7824,12.5356,onnxruntime-web 1.30.0 (wasm, 1 thread)
22.8333,TRACK,441.471,250.322,1,442.532,257.603,443.303,261.432,7.359,1,441.000,250.000,1.000,1.000,0.997,0.991,cv-only,1.570,0.132,1.570,0.132,-2.5752,2.7868,10.3337,onnxruntime-web 1.30.0 (wasm, 1 thread)
22.8667,TRACK,442.215,245.713,1,443.441,252.704,444.167,256.584,7.099,1,442.000,245.000,1.000,1.000,0.997,0.991,cv-only,1.591,0.056,1.591,0.056,-2.5221,2.7887,9.8048,onnxruntime-web 1.30.0 (wasm, 1 thread)
22.9000,TRACK,442.885,241.147,1,444.371,248.049,445.061,251.599,7.060,1,443.000,241.000,1.000,1.000,0.997,0.991,cv-only,1.612,0.009,1.612,0.009,-2.4684,2.7890,11.6475,onnxruntime-web 1.30.0 (wasm, 1 thread)
22.9333,TRACK,443.478,236.481,1,444.978,243.226,445.975,246.865,6.910,1,443.000,236.000,1.000,1.000,0.997,0.991,cv-only,1.605,-0.069,1.605,-0.069,-2.4149,2.7867,9.7683,onnxruntime-web 1.30.0 (wasm, 1 thread)
22.9667,TRACK,444.136,231.878,1,445.368,238.290,446.560,241.961,6.529,1,443.000,231.000,1.000,1.000,0.997,0.991,cv-only,1.603,-0.144,1.603,-0.144,-2.3615,2.7819,10.0188,onnxruntime-web 1.30.0 (wasm, 1 thread)
23.0000,TRACK,444.834,227.336,1,445.944,233.613,446.923,236.943,6.375,1,444.000,227.000,1.000,1.000,0.997,0.991,cv-only,1.630,-0.192,1.630,-0.192,-2.3072,2.7755,10.1179,onnxruntime-web 1.30.0 (wasm, 1 thread)
23.0333,TRACK,445.414,222.712,1,446.648,228.779,447.478,232.192,6.191,1,445.000,222.000,1.000,1.000,0.997,0.991,cv-only,1.654,-0.269,1.654,-0.269,-2.2520,2.7665,10.0169,onnxruntime-web 1.30.0 (wasm, 1 thread)
23.0667,TRACK,445.884,218.174,1,447.104,223.838,448.163,227.282,5.795,1,445.000,217.000,1.000,1.000,0.997,0.992,cv-only,1.651,-0.345,1.651,-0.345,-2.1970,2.7550,10.3114,onnxruntime-web 1.30.0 (wasm, 1 thread)
23.1000,TRACK,446.391,213.719,1,447.726,219.162,448.595,222.265,5.604,1,446.000,213.000,1.000,1.000,0.997,0.992,cv-only,1.677,-0.393,1.677,-0.393,-2.1411,2.7419,9.7826,onnxruntime-web 1.30.0 (wasm, 1 thread)
23.1333,TRACK,446.774,209.209,1,448.462,214.331,449.198,217.519,5.394,1,447.000,208.000,1.000,1.000,0.997,0.992,cv-only,1.701,-0.471,1.701,-0.471,-2.0844,2.7262,11.3185,onnxruntime-web 1.30.0 (wasm, 1 thread)
23.1667,TRACK,447.040,204.811,1,448.606,210.067,449.918,212.618,5.484,1,446.000,205.000,1.000,1.000,0.997,0.992,cv-only,1.671,-0.494,1.671,-0.494,-2.0287,2.7098,9.4522,onnxruntime-web 1.30.0 (wasm, 1 thread)
23.2000,TRACK,447.477,200.241,1,449.017,205.183,450.033,208.297,5.176,1,447.000,199.000,1.000,1.000,0.997,0.992,cv-only,1.701,-0.603,1.701,-0.603,-1.9720,2.6897,7.9171,onnxruntime-web 1.30.0 (wasm, 1 thread)
23.2333,TRACK,447.760,195.972,1,449.610,200.884,450.421,203.344,5.250,1,448.000,196.000,1.000,1.000,0.997,0.992,cv-only,1.728,-0.626,1.728,-0.626,-1.9144,2.6688,10.3609,onnxruntime-web 1.30.0 (wasm, 1 thread)
23.2667,TRACK,447.904,191.548,1,449.658,196.314,450.996,198.990,5.079,1,447.000,191.000,1.000,1.000,0.997,0.992,cv-only,1.700,-0.709,1.700,-0.709,-1.8577,2.6452,9.5240,onnxruntime-web 1.30.0 (wasm, 1 thread)
23.3000,TRACK,448.199,187.301,1,449.670,191.896,451.014,194.361,4.824,1,447.000,187.000,1.000,1.000,0.997,0.992,cv-only,1.704,-0.762,1.704,-0.762,-1.8009,2.6198,13.6399,onnxruntime-web 1.30.0 (wasm, 1 thread)
23.3333,TRACK,448.468,183.084,1,449.993,187.581,450.996,189.888,4.748,1,448.000,183.000,1.000,1.000,0.997,0.993,cv-only,1.736,-0.818,1.736,-0.818,-1.7431,2.5925,10.5941,onnxruntime-web 1.30.0 (wasm, 1 thread)
23.3667,TRACK,448.562,178.918,1,450.193,183.002,451.297,185.521,4.398,1,448.000,178.000,1.000,1.000,0.997,0.993,cv-only,1.737,-0.901,1.737,-0.901,-1.6851,2.5625,10.4204,onnxruntime-web 1.30.0 (wasm, 1 thread)
23.4000,TRACK,448.639,174.963,1,450.644,178.580,451.473,180.887,4.136,1,449.000,174.000,1.000,1.000,0.997,0.993,cv-only,1.767,-0.955,1.767,-0.955,-1.6263,2.5307,10.4088,onnxruntime-web 1.30.0 (wasm, 1 thread)
23.4333,TRACK,448.548,171.072,1,450.598,174.266,451.906,176.414,3.795,1,448.000,170.000,1.000,1.000,0.997,0.993,cv-only,1.740,-1.010,1.740,-1.010,-1.5683,2.4970,9.3180,onnxruntime-web 1.30.0 (wasm, 1 thread)
23.4667,TRACK,448.583,167.268,1,450.547,170.025,451.830,172.051,3.384,1,448.000,166.000,1.000,1.000,0.997,0.993,cv-only,1.746,-1.067,1.746,-1.067,-1.5101,2.4614,9.9300,onnxruntime-web 1.30.0 (wasm, 1 thread)
23.5000,TRACK,448.570,163.572,1,450.495,166.169,451.751,167.765,3.233,1,448.000,163.000,1.000,1.000,0.997,0.993,cv-only,1.752,-1.099,1.752,-1.099,-1.4517,2.4248,14.0890,onnxruntime-web 1.30.0 (wasm, 1 thread)
23.5333,TRACK,448.503,159.857,1,450.441,162.242,451.670,163.874,3.073,1,448.000,159.000,1.000,1.000,0.997,0.993,cv-only,1.758,-1.162,1.758,-1.162,-1.3931,2.3860,12.3670,onnxruntime-web 1.30.0 (wasm, 1 thread)
23.5667,TRACK,448.381,156.304,1,450.387,158.601,451.590,159.910,3.050,1,448.000,156.000,1.000,1.000,0.997,0.994,cv-only,1.764,-1.197,1.764,-1.197,-1.3343,2.3461,9.5485,onnxruntime-web 1.30.0 (wasm, 1 thread)
23.6000,TRACK,448.201,152.779,1,449.999,155.155,451.509,156.240,2.980,1,447.000,153.000,1.000,1.000,0.997,0.994,cv-only,1.743,-1.236,1.743,-1.236,-1.2761,2.3049,9.7732,onnxruntime-web 1.30.0 (wasm, 1 thread)
23.6333,TRACK,448.099,149.314,1,449.718,151.508,451.087,152.771,2.727,1,447.000,149.000,1.000,1.000,0.997,0.994,cv-only,1.753,-1.304,1.753,-1.304,-1.2177,2.2615,10.4048,onnxruntime-web 1.30.0 (wasm, 1 thread)
23.6667,TRACK,447.912,146.077,1,449.846,147.724,450.776,149.095,2.540,1,448.000,145.000,1.000,1.000,0.997,0.994,cv-only,1.789,-1.370,1.789,-1.370,-1.1581,2.2158,11.5976,onnxruntime-web 1.30.0 (wasm, 1 thread)
23.7000,TRACK,447.501,143.069,1,449.583,144.182,450.883,145.281,2.361,1,447.000,142.000,1.000,1.000,0.997,0.994,cv-only,1.766,-1.408,1.766,-1.408,-1.0992,2.1689,15.0065,onnxruntime-web 1.30.0 (wasm, 1 thread)
23.7333,TRACK,447.171,140.154,1,449.388,141.140,450.591,141.714,2.427,1,447.000,140.000,1.000,1.000,0.997,0.994,cv-only,1.775,-1.422,1.775,-1.422,-1.0400,2.1215,9.9546,onnxruntime-web 1.30.0 (wasm, 1 thread)
23.7667,TRACK,446.754,137.219,1,448.906,138.104,450.370,138.660,2.327,1,446.000,137.000,1.000,1.000,0.985,0.994,agreement,1.756,-1.469,1.756,-1.469,-0.9815,2.0725,9.8987,onnxruntime-web 1.30.0 (wasm, 1 thread)
23.8000,TRACK,446.393,134.452,1,448.564,135.072,449.855,135.611,2.258,1,446.000,134.000,1.000,1.000,0.985,0.994,agreement,1.767,-1.516,1.767,-1.516,-0.9226,2.0220,10.3195,onnxruntime-web 1.30.0 (wasm, 1 thread)
23.8333,TRACK,445.925,131.868,1,448.317,132.042,449.484,132.567,2.399,1,446.000,131.000,1.000,1.000,0.985,0.994,agreement,1.777,-1.563,1.777,-1.563,-0.8634,1.9699,9.9860,onnxruntime-web 1.30.0 (wasm, 1 thread)
23.8667,TRACK,445.355,129.482,1,447.801,129.350,449.211,129.526,2.450,1,445.000,129.000,1.000,1.000,0.985,0.995,agreement,1.759,-1.583,1.759,-1.583,-0.8047,1.9171,9.1540,onnxruntime-web 1.30.0 (wasm, 1 thread)
23.9000,TRACK,444.828,127.165,1,447.437,126.552,448.664,126.830,2.680,1,445.000,126.000,1.000,1.000,0.985,0.995,agreement,1.770,-1.635,1.770,-1.635,-0.7457,1.8626,10.8992,onnxruntime-web 1.30.0 (wasm, 1 thread)
23.9333,TRACK,444.184,125.097,1,446.507,124.352,448.272,124.025,2.439,1,443.000,125.000,1.000,1.000,0.985,0.995,agreement,1.727,-1.632,1.727,-1.632,-0.6882,1.8082,10.4440,onnxruntime-web 1.30.0 (wasm, 1 thread)
23.9667,TRACK,443.712,123.000,1,445.862,122.224,447.303,121.833,2.286,1,443.000,123.000,1.000,1.000,0.985,0.995,agreement,1.743,-1.662,1.743,-1.662,-0.6301,1.7528,10.7315,onnxruntime-web 1.30.0 (wasm, 1 thread)
24.0000,TRACK,443.090,121.070,1,445.412,120.144,446.626,119.713,2.499,1,443.000,121.000,1.000,1.000,0.985,0.995,agreement,1.756,-1.694,1.756,-1.694,-0.5715,1.6964,9.8236,onnxruntime-web 1.30.0 (wasm, 1 thread)
24.0333,TRACK,442.334,119.324,1,444.425,118.098,446.149,117.643,2.424,1,441.000,119.000,1.000,1.000,0.985,0.995,agreement,1.714,-1.726,1.714,-1.726,-0.5144,1.6388,10.8032,onnxruntime-web 1.30.0 (wasm, 1 thread)
24.0667,TRACK,441.736,117.780,1,443.743,116.073,445.124,115.607,2.634,1,441.000,117.000,1.000,1.000,0.985,0.995,track-verified,1.731,-1.759,1.731,-1.759,-0.4567,1.5802,10.6461,onnxruntime-web 1.30.0 (wasm, 1 thread)
24.1000,TRACK,440.977,116.456,1,442.934,114.399,444.411,113.593,2.839,1,440.000,116.000,1.000,1.000,0.985,0.995,track-verified,1.718,-1.766,1.718,-1.766,-0.3994,1.5213,9.2133,onnxruntime-web 1.30.0 (wasm, 1 thread)
24.1333,TRACK,440.215,115.225,1,442.374,112.963,443.569,111.937,3.127,1,440.000,115.000,1.000,1.000,0.985,0.995,track-verified,1.733,-1.777,1.733,-1.777,-0.3416,1.4621,9.5628,onnxruntime-web 1.30.0 (wasm, 1 thread)
24.1667,TRACK,439.297,114.122,1,441.649,111.687,442.983,110.523,3.386,1,439.000,114.000,1.000,1.000,0.985,0.995,track-verified,1.719,-1.790,1.719,-1.790,-0.2843,1.4024,10.2577,onnxruntime-web 1.30.0 (wasm, 1 thread)
24.2000,TRACK,438.377,113.178,1,440.477,110.522,442.228,109.274,3.386,1,437.000,113.000,1.000,1.000,0.985,0.995,track-verified,1.680,-1.806,1.680,-1.806,-0.2284,1.3422,9.8009,onnxruntime-web 1.30.0 (wasm, 1 thread)
24.2333,TRACK,437.586,112.416,1,440.007,109.430,441.017,108.135,3.845,1,438.000,112.000,1.000,1.000,0.985,0.995,track-verified,1.725,-1.823,1.725,-1.823,-0.1708,1.2815,9.2247,onnxruntime-web 1.30.0 (wasm, 1 thread)
24.2667,TRACK,436.466,111.857,1,439.009,108.388,440.525,107.072,4.301,1,436.000,111.000,1.000,1.000,0.985,0.995,track-verified,1.683,-1.841,1.683,-1.841,-0.1147,1.2201,9.8886,onnxruntime-web 1.30.0 (wasm, 1 thread)
24.3000,TRACK,435.485,111.519,1,437.989,107.714,439.493,106.060,4.554,1,435.000,111.000,1.000,1.000,0.985,0.995,track-verified,1.674,-1.833,1.674,-1.833,-0.0589,1.1591,10.1323,onnxruntime-web 1.30.0 (wasm, 1 thread)
24.3333,TRACK,434.465,111.277,1,436.953,107.291,438.439,105.423,4.698,1,434.000,111.000,1.000,1.000,0.985,0.995,track-verified,1.665,-1.829,1.665,-1.829,-0.0035,1.0981,10.3007,onnxruntime-web 1.30.0 (wasm, 1 thread)
24.3667,TRACK,433.403,111.167,1,435.907,106.702,437.370,105.041,5.119,1,433.000,110.000,1.000,1.000,0.985,0.995,track-verified,1.656,-1.855,1.656,-1.855,0.0517,1.0363,10.5733,onnxruntime-web 1.30.0 (wasm, 1 thread)
24.4000,TRACK,432.294,111.360,1,434.854,106.670,436.292,104.489,5.344,1,432.000,111.000,1.000,1.000,0.985,0.995,track-verified,1.647,-1.826,1.647,-1.826,0.1066,0.9754,10.0013,onnxruntime-web 1.30.0 (wasm, 1 thread)
24.4333,TRACK,431.137,111.575,1,433.798,106.680,435.208,104.505,5.572,1,431.000,111.000,1.000,1.000,0.985,0.995,agreement,1.638,-1.830,1.638,-1.830,0.1612,0.9144,10.1877,onnxruntime-web 1.30.0 (wasm, 1 thread)
24.4667,TRACK,429.927,112.000,1,432.405,107.055,434.120,104.564,5.532,1,429.000,112.000,1.000,1.000,0.985,0.995,agreement,1.603,-1.808,1.603,-1.808,0.2146,0.8542,9.5535,onnxruntime-web 1.30.0 (wasm, 1 thread)
24.5000,TRACK,428.806,112.510,1,431.454,107.340,432.689,104.994,5.808,1,429.000,112.000,1.000,1.000,0.985,0.995,agreement,1.624,-1.816,1.624,-1.816,0.2688,0.7936,10.0864,onnxruntime-web 1.30.0 (wasm, 1 thread)
24.5333,TRACK,427.465,113.280,1,430.133,107.900,431.710,105.332,6.005,1,427.000,113.000,1.000,1.000,0.985,0.995,agreement,1.588,-1.798,1.588,-1.798,0.3217,0.7337,9.5468,onnxruntime-web 1.30.0 (wasm, 1 thread)
24.5667,TRACK,426.213,114.174,1,428.896,108.645,430.354,105.948,6.146,1,426.000,114.000,1.000,1.000,0.985,0.995,agreement,1.582,-1.782,1.582,-1.782,0.3744,0.6743,9.5907,onnxruntime-web 1.30.0 (wasm, 1 thread)
24.6000,TRACK,424.884,115.222,1,427.382,109.515,429.084,106.754,6.230,1,424.000,115.000,1.000,1.000,0.985,0.995,agreement,1.548,-1.769,1.548,-1.769,0.4260,0.6154,9.7181,onnxruntime-web 1.30.0 (wasm, 1 thread)
24.6333,TRACK,423.622,116.446,1,426.015,110.470,427.532,107.685,6.437,1,423.000,116.000,1.000,1.000,0.985,0.995,agreement,1.545,-1.757,1.545,-1.757,0.4775,0.5568,10.7032,onnxruntime-web 1.30.0 (wasm, 1 thread)
24.6667,TRACK,422.266,117.864,1,424.748,111.481,426.132,108.702,6.849,1,422.000,117.000,1.000,1.000,0.985,0.995,agreement,1.539,-1.746,1.539,-1.746,0.5288,0.4986,11.5234,onnxruntime-web 1.30.0 (wasm, 1 thread)
24.7000,TRACK,420.824,119.492,1,423.215,112.864,424.834,109.774,7.046,1,420.000,119.000,1.000,1.000,0.985,0.995,agreement,1.506,-1.709,1.506,-1.709,0.5790,0.4416,9.5941,onnxruntime-web 1.30.0 (wasm, 1 thread)
24.7333,TRACK,419.442,121.202,1,421.837,114.165,423.266,111.226,7.434,1,419.000,120.000,1.000,1.000,0.985,0.995,agreement,1.503,-1.703,1.503,-1.703,0.6291,0.3849,10.0158,onnxruntime-web 1.30.0 (wasm, 1 thread)
24.7667,TRACK,417.958,123.168,1,420.230,115.743,421.856,112.592,7.765,1,417.000,122.000,1.000,1.000,0.985,0.994,agreement,1.471,-1.670,1.471,-1.670,0.6781,0.3292,10.0005,onnxruntime-web 1.30.0 (wasm, 1 thread)
24.8000,TRACK,416.523,125.253,1,418.801,117.509,420.212,114.241,8.072,1,416.000,124.000,1.000,1.000,0.985,0.994,agreement,1.468,-1.639,1.468,-1.639,0.7271,0.2746,9.5624,onnxruntime-web 1.30.0 (wasm, 1 thread)
24.8333,TRACK,414.978,127.482,1,417.496,119.737,418.753,116.079,8.145,1,415.000,127.000,1.000,1.000,0.985,0.994,agreement,1.463,-1.585,1.463,-1.585,0.7758,0.2218,9.8453,onnxruntime-web 1.30.0 (wasm, 1 thread)
24.8667,TRACK,413.334,129.734,1,415.939,122.277,417.419,118.388,7.899,1,413.000,130.000,1.000,1.000,0.985,0.994,agreement,1.430,-1.535,1.430,-1.535,0.8235,0.1706,9.9988,onnxruntime-web 1.30.0 (wasm, 1 thread)
24.9000,TRACK,411.737,132.046,1,414.212,124.694,415.829,121.015,7.757,1,411.000,132.000,1.000,1.000,0.985,0.994,agreement,1.400,-1.516,1.400,-1.516,0.8702,0.1200,9.7431,onnxruntime-web 1.30.0 (wasm, 1 thread)
24.9333,TRACK,410.170,134.585,1,412.705,127.026,414.066,123.514,7.973,1,410.000,134.000,1.000,1.000,0.985,0.994,agreement,1.399,-1.496,1.399,-1.496,0.9168,0.0702,10.3376,onnxruntime-web 1.30.0 (wasm, 1 thread)
24.9667,TRACK,408.480,137.351,1,411.012,129.633,412.529,125.924,8.123,1,408.000,137.000,1.000,1.000,0.985,0.994,agreement,1.368,-1.447,1.368,-1.447,0.9624,0.0219,55.6601,onnxruntime-web 1.30.0 (wasm, 1 thread)
25.0000,TRACK,406.819,140.205,1,409.194,132.092,410.802,128.613,8.453,1,406.000,139.000,1.000,1.000,0.985,0.994,agreement,1.339,-1.429,1.339,-1.429,1.0071,-0.0257,9.7886,onnxruntime-web 1.30.0 (wasm, 1 thread)
