timestamp,frame_index,source_mode,gt_x,gt_y,detected_x,detected_y,predicted_x,predicted_y,confidence,tracking_state,pan_deg,tilt_deg,pan_command,tilt_command,error_px,processing_ms,locked,lost
0.033,1,simulation,151.101,536.462,,,,,0,SEARCH,0.002,0,0.064,0.007,,16.82,false,true
0.067,2,simulation,160.118,537.886,,,,,0,SEARCH,0.016,0.002,0.417,0.046,,0.71,false,true
0.1,3,simulation,167.242,538.716,,,,,0,SEARCH,0.027,0.003,0.343,0.038,,8.42,false,true
0.133,4,simulation,174.753,539.202,,,,,0,SEARCH,0.042,0.005,0.427,0.047,,0.3,false,true
0.167,5,simulation,181.808,539.251,,,,,0,SEARCH,0.057,0.006,0.451,0.05,,1.43,false,true
0.2,6,simulation,188.717,538.895,,,,,0,SEARCH,0.073,0.008,0.496,0.055,,0.79,false,true
0.233,7,simulation,195.368,538.124,,,,,0,SEARCH,0.091,0.01,0.533,0.059,,14.14,false,true
0.267,8,simulation,201.801,536.943,,,,,0,SEARCH,0.11,0.012,0.572,0.064,,0.27,false,true
0.3,9,simulation,208.002,535.35,,,,,0,SEARCH,0.13,0.014,0.609,0.068,,0.34,false,true
0.333,10,simulation,213.977,533.349,,,,,0,SEARCH,0.152,0.017,0.646,0.072,,0.22,false,true
0.367,11,simulation,219.725,530.941,,,,,0,SEARCH,0.175,0.019,0.682,0.077,,0.25,false,true
0.4,12,simulation,225.247,528.13,,,,,0,SEARCH,0.199,0.022,0.717,0.081,,0.23,false,true
0.433,13,simulation,230.545,524.918,,,,,0,SEARCH,0.224,0.025,0.752,0.085,,0.28,false,true
0.467,14,simulation,235.618,521.31,,,,,0,SEARCH,0.25,0.028,0.786,0.09,,27.9,false,true
0.5,15,simulation,240.469,517.309,,,,,0,SEARCH,0.277,0.031,0.819,0.094,,0.24,false,true
0.533,16,simulation,245.099,512.92,,,,,0,SEARCH,0.305,0.034,0.851,0.098,,0.25,false,true
0.567,17,simulation,249.51,508.148,,,,,0,SEARCH,0.335,0.038,0.882,0.102,,0.4,false,true
0.6,18,simulation,253.703,503,,,,,0,SEARCH,0.365,0.041,0.913,0.107,,0.26,false,true
0.633,19,simulation,257.68,497.48,,,,,0,SEARCH,0.397,0.045,0.942,0.111,,0.25,false,true
0.667,20,simulation,261.443,491.596,,,,,0,SEARCH,0.429,0.049,0.971,0.115,,0.23,false,true
0.7,21,simulation,264.995,485.354,,,,,0,SEARCH,0.462,0.053,0.998,0.119,,0.56,false,true
0.733,22,simulation,268.337,478.761,268,476.5,,,0.943,CANDIDATE,0.296,0.22,-5,5,2.286,0.79,true,false
0.767,23,simulation,303.607,445.818,303,445,,,1,ACQUIRE,0.323,0.284,0.808,1.939,21.758,0.52,false,false
0.8,24,simulation,307.83,428.888,307,429,,,1,TRACK,0.331,0.353,0.241,2.054,22.054,8.85,false,false
0.833,25,simulation,315.007,411.043,314,411,,,1,TRACK,0.339,0.414,0.251,1.832,25.887,3.89,false,false
0.867,26,simulation,322.063,394.085,322,394,,,1,TRACK,0.351,0.467,0.357,1.588,28.202,1.17,false,false
0.9,27,simulation,328.474,378.144,328,377,,,1,TRACK,0.365,0.511,0.424,1.322,28.661,11.94,false,false
0.933,28,simulation,334.448,363.344,334,363,,,1,TRACK,0.382,0.548,0.504,1.135,28.158,0.86,false,false
0.967,29,simulation,339.913,349.273,340,349,,,1,TRACK,0.402,0.58,0.589,0.94,26.883,0.83,false,false
1,30,simulation,344.842,335.988,345,335,,,1,TRACK,0.423,0.605,0.648,0.743,24.87,0.78,false,false
1.033,31,simulation,349.369,323.512,349,323,,,1,TRACK,0.446,0.625,0.685,0.6,22.862,8.82,false,false
1.067,32,simulation,353.613,311.566,353,311,,,1,TRACK,0.47,0.64,0.728,0.449,20.884,0.79,false,false
1.1,33,simulation,357.533,300.202,357,300,,,1,TRACK,0.496,0.65,0.776,0.32,19.01,0.86,false,false
1.133,34,simulation,361.102,289.317,361,289,,,1,TRACK,0.524,0.656,0.828,0.183,17.102,11.59,false,false
1.167,35,simulation,364.298,278.963,364,278,,,1,TRACK,0.552,0.658,0.855,0.04,15.062,0.9,false,false
1.2,36,simulation,367.254,269.182,367,269,,,1,TRACK,0.582,0.656,0.887,-0.052,13.395,28.68,false,false
1.233,37,simulation,369.935,259.716,370,259,,,1,TRACK,0.613,0.65,0.923,-0.182,11.706,0.82,false,false
1.267,38,simulation,372.318,250.782,372,250,,,1,TRACK,0.644,0.64,0.935,-0.288,10.096,0.8,false,false
1.3,39,simulation,374.532,242.266,374,242,,,1,TRACK,0.675,0.628,0.953,-0.373,8.825,0.83,true,false
1.333,40,simulation,376.542,234.072,376,234,,,1,TRACK,0.708,0.612,0.975,-0.468,7.734,0.82,true,false
1.367,41,simulation,378.324,226.258,378,226,,,1,TRACK,0.741,0.593,0.999,-0.568,6.602,0.77,true,false
1.4,42,simulation,379.861,218.87,379,218,,,1,TRACK,0.775,0.571,0.999,-0.673,5.315,0.8,true,false
1.433,43,simulation,381.285,211.944,381,212,,,1,TRACK,0.809,0.547,1.031,-0.726,4.418,0.78,true,false
1.467,44,simulation,382.421,205.22,382,205,,,1,TRACK,0.843,0.519,1.036,-0.817,3.606,0.8,true,false
1.5,45,simulation,383.412,198.911,383,199,,,1,TRACK,0.878,0.49,1.044,-0.883,2.948,0.78,true,false
1.533,46,simulation,384.236,192.902,383,193,,,1,TRACK,0.913,0.458,1.028,-0.956,2.302,0.77,true,false
1.567,47,simulation,385.02,187.24,385,187,,,1,TRACK,0.948,0.424,1.072,-1.033,1.915,0.79,true,false
1.6,48,simulation,385.445,181.962,385,181,,,1,TRACK,0.984,0.387,1.058,-1.113,1.862,0.77,true,false
1.633,49,simulation,385.818,177.098,386,176,,,1,TRACK,1.019,0.348,1.076,-1.168,2.496,0.79,true,false
1.667,50,simulation,385.964,172.53,386,172,,,1,TRACK,1.055,0.308,1.067,-1.202,3.153,0.78,true,false
1.7,51,simulation,386.027,168.157,385,168,,,1,TRACK,1.089,0.266,1.034,-1.243,3.347,1.23,true,false
1.733,52,simulation,386.129,164.035,386,163,,,1,TRACK,1.125,0.222,1.062,-1.317,3.984,0.85,true,false
1.767,53,simulation,385.948,160.35,385,159,,,1,TRACK,1.159,0.177,1.033,-1.364,4.643,0.78,true,false
1.8,54,simulation,385.785,156.972,386,157,,,1,TRACK,1.195,0.131,1.063,-1.361,5.099,0.78,true,false
1.833,55,simulation,385.324,153.648,385,153,,,1,TRACK,1.229,0.084,1.035,-1.422,5.572,0.98,true,false
1.867,56,simulation,384.87,150.736,384,151,,,1,TRACK,1.263,0.036,1.012,-1.429,5.697,0.8,true,false
1.9,57,simulation,384.396,147.96,384,147,,,1,TRACK,1.297,-0.013,1.019,-1.497,6.241,2.58,true,false
1.933,58,simulation,383.738,145.658,383,145,,,1,TRACK,1.33,-0.064,0.998,-1.509,6.743,0.79,true,false
1.967,59,simulation,383.046,143.546,382,143,,,1,TRACK,1.363,-0.115,0.98,-1.527,7.063,0.77,true,false
2,60,simulation,382.302,141.667,382,141,,,1,TRACK,1.396,-0.166,0.991,-1.549,7.529,0.8,true,false
2.033,61,simulation,381.353,140.058,381,140,,,1,TRACK,1.428,-0.218,0.972,-1.548,7.813,0.81,true,false
2.067,62,simulation,380.354,138.604,379,138,,,1,TRACK,1.459,-0.271,0.929,-1.579,8.044,0.78,true,false
2.1,63,simulation,379.434,137.492,379,137,,,1,TRACK,1.491,-0.323,0.945,-1.583,8.421,0.77,true,false
2.133,64,simulation,378.279,136.593,377,136,,,1,TRACK,1.521,-0.376,0.903,-1.592,8.708,0.78,true,false
2.167,65,simulation,377.193,135.94,377,135,,,1,TRACK,1.552,-0.43,0.919,-1.603,9.217,0.78,true,false
2.2,66,simulation,375.866,135.561,376,135,,,1,TRACK,1.582,-0.483,0.904,-1.59,9.649,0.78,true,false
2.233,67,simulation,374.461,135.334,374,135,,,1,TRACK,1.61,-0.535,0.864,-1.581,9.822,0.8,true,false
2.267,68,simulation,373.115,135.3,372,135,,,1,TRACK,1.638,-0.588,0.827,-1.577,9.854,0.78,true,false
2.3,69,simulation,371.804,135.489,371,135,,,1,TRACK,1.665,-0.641,0.821,-1.575,10.026,0.77,false,false
2.333,70,simulation,370.367,135.923,370,135,,,1,TRACK,1.692,-0.693,0.813,-1.574,10.436,0.8,false,false
2.367,71,simulation,368.814,136.624,368,136,,,1,TRACK,1.718,-0.745,0.777,-1.549,10.674,0.79,false,false
2.4,72,simulation,367.293,137.463,367,137,,,1,TRACK,1.744,-0.796,0.77,-1.527,10.843,1.11,false,false
2.433,73,simulation,365.643,138.478,365,138,,,1,TRACK,1.769,-0.846,0.735,-1.509,10.971,0.81,false,false
2.467,74,simulation,364.018,139.693,363,139,,,1,TRACK,1.792,-0.896,0.703,-1.494,11.113,0.77,false,false
2.5,75,simulation,362.402,141.13,362,140,,,1,TRACK,1.815,-0.945,0.699,-1.479,11.468,0.79,false,false
2.533,76,simulation,360.643,142.804,361,142,,,1,TRACK,1.838,-0.993,0.692,-1.44,11.789,7.78,false,false
2.567,77,simulation,358.754,144.588,358,144,,,1,TRACK,1.859,-1.04,0.63,-1.404,11.815,28.55,false,false
2.6,78,simulation,357.029,146.513,357,146,,,1,TRACK,1.88,-1.086,0.628,-1.372,11.854,0.79,false,false
2.633,79,simulation,355.15,148.604,354,148,,,1,TRACK,1.899,-1.13,0.569,-1.342,11.828,0.81,false,false
2.667,80,simulation,353.417,150.877,353,151,,,1,TRACK,1.918,-1.173,0.57,-1.287,11.657,1.14,false,false
2.7,81,simulation,351.516,153.205,351,153,,,1,TRACK,1.936,-1.215,0.539,-1.263,11.614,0.8,false,false
2.733,82,simulation,349.612,155.763,349,155,,,1,TRACK,1.953,-1.257,0.509,-1.239,11.807,0.79,false,false
2.767,83,simulation,347.699,158.551,347,158,,,1,TRACK,1.969,-1.296,0.48,-1.187,11.92,0.78,false,false
2.8,84,simulation,345.772,161.431,345,161,,,1,TRACK,1.984,-1.334,0.452,-1.139,11.921,0.78,false,false
2.833,85,simulation,343.828,164.426,344,163,,,1,TRACK,1.999,-1.371,0.45,-1.12,12.321,0.77,false,false
2.867,86,simulation,341.724,167.695,341,167,,,1,TRACK,2.012,-1.406,0.392,-1.046,12.384,0.76,false,false
2.9,87,simulation,339.763,170.945,339,170,,,1,TRACK,2.025,-1.44,0.365,-1.004,12.372,0.78,false,false
2.933,88,simulation,337.776,174.355,337,173,,,1,TRACK,2.036,-1.472,0.338,-0.963,12.514,0.77,false,false
2.967,89,simulation,335.765,177.928,335,177,,,1,TRACK,2.046,-1.502,0.311,-0.896,12.494,0.79,false,false
3,90,simulation,333.73,181.526,334,181,,,1,TRACK,2.056,-1.529,0.31,-0.832,12.373,0.79,false,false
3.033,91,simulation,331.532,185.171,331,185,,,1,TRACK,2.065,-1.555,0.252,-0.771,12.076,0.79,false,false
3.067,92,simulation,329.476,188.879,329,189,,,1,TRACK,2.072,-1.579,0.225,-0.711,11.711,0.77,false,false
3.1,93,simulation,327.394,192.658,326,193,,,1,TRACK,2.078,-1.601,0.172,-0.653,11.272,0.78,false,false
3.133,94,simulation,325.43,196.517,325,196,,,1,TRACK,2.084,-1.621,0.175,-0.622,11.284,0.77,false,false
3.167,95,simulation,323.283,200.6,323,200,,,1,TRACK,2.089,-1.64,0.146,-0.562,11.424,0.82,false,false
3.2,96,simulation,321.124,204.745,321,204,,,1,TRACK,2.093,-1.657,0.117,-0.502,11.538,0.78,false,false
3.233,97,simulation,318.952,208.96,318,208,,,1,TRACK,2.095,-1.672,0.062,-0.444,11.576,0.79,false,false
3.267,98,simulation,316.909,213.248,317,212,,,1,TRACK,2.097,-1.685,0.063,-0.386,11.725,0.82,false,false
3.3,99,simulation,314.691,217.609,315,218,,,1,TRACK,2.098,-1.694,0.033,-0.276,11.315,0.81,false,false
3.333,100,simulation,312.468,221.759,312,221,,,1,TRACK,2.097,-1.702,-0.023,-0.253,11.12,0.79,false,false
3.367,101,simulation,310.381,226.163,309,225,,,1,TRACK,2.095,-1.709,-0.075,-0.197,11.105,1.79,false,false
3.4,102,simulation,308.408,230.641,308,230,,,1,TRACK,2.092,-1.713,-0.071,-0.115,10.961,0.8,false,false
3.433,103,simulation,306.252,235.044,306,235,,,1,TRACK,2.089,-1.714,-0.1,-0.036,10.584,0.77,false,false
3.467,104,simulation,304.086,239.386,304,239,,,1,TRACK,2.085,-1.713,-0.128,0.015,10.342,0.79,false,false
3.5,105,simulation,301.913,243.817,301,243,,,1,TRACK,2.079,-1.711,-0.184,0.067,10.237,0.77,false,false
3.533,106,simulation,299.877,248.318,299,248,,,1,TRACK,2.072,-1.706,-0.209,0.148,9.961,0.78,true,false
3.567,107,simulation,297.816,252.732,298,252,,,1,TRACK,2.065,-1.699,-0.209,0.199,9.866,0.75,true,false
3.6,108,simulation,295.597,257.208,295,257,,,1,TRACK,2.056,-1.69,-0.267,0.28,9.568,0.79,true,false
3.633,109,simulation,293.53,261.587,293,261,,,1,TRACK,2.046,-1.679,-0.294,0.331,9.341,0.77,true,false
3.667,110,simulation,291.452,266.015,291,266,,,1,TRACK,2.035,-1.665,-0.322,0.411,8.976,0.78,true,false
3.7,111,simulation,289.367,270.33,289,269,,,1,TRACK,2.024,-1.651,-0.35,0.436,9.029,0.77,true,false
3.733,112,simulation,287.281,274.82,287,274,,,1,TRACK,2.011,-1.634,-0.379,0.52,8.958,0.78,true,false
3.767,113,simulation,285.198,279.158,284,278,,,1,TRACK,1.996,-1.614,-0.435,0.574,8.798,0.77,true,false
3.8,114,simulation,283.261,283.495,283,283,,,1,TRACK,1.982,-1.593,-0.434,0.656,8.458,0.8,true,false
3.833,115,simulation,281.171,287.671,281,287,,,1,TRACK,1.966,-1.569,-0.465,0.709,8.152,0.77,true,false
3.867,116,simulation,279.098,291.833,278,291,,,1,TRACK,1.949,-1.543,-0.523,0.764,7.871,0.79,true,false
3.9,117,simulation,277.184,295.959,277,296,,,1,TRACK,1.932,-1.515,-0.523,0.848,7.359,7.78,true,false
3.933,118,simulation,275.127,299.89,275,299,,,1,TRACK,1.913,-1.486,-0.555,0.875,7.164,0.78,true,false
3.967,119,simulation,273.096,303.911,273,304,,,1,TRACK,1.894,-1.454,-0.586,0.961,6.728,0.79,true,false
4,120,simulation,271.092,307.698,271,308,,,1,TRACK,1.873,-1.42,-0.617,1.017,6.165,0.88,true,false
4.033,121,simulation,269.113,311.4,268,311,,,1,TRACK,1.85,-1.385,-0.675,1.048,5.829,0.78,true,false
4.067,122,simulation,267.304,315.14,267,315,,,1,TRACK,1.828,-1.348,-0.676,1.11,5.541,1.33,true,false
4.1,123,simulation,265.362,318.737,265,319,,,1,TRACK,1.804,-1.309,-0.708,1.172,5.099,0.83,true,false
4.133,124,simulation,263.456,322.182,263,321,,,1,TRACK,1.78,-1.27,-0.74,1.18,5.127,0.79,true,false
4.167,125,simulation,261.587,325.747,261,325,,,1,TRACK,1.754,-1.228,-0.771,1.25,5.038,0.79,true,false
4.2,126,simulation,259.756,329.096,259,328,,,1,TRACK,1.727,-1.185,-0.803,1.29,4.907,0.79,true,false
4.233,127,simulation,257.964,332.37,258,332,,,1,TRACK,1.7,-1.14,-0.808,1.358,4.543,0.79,true,false
4.267,128,simulation,256.071,335.402,256,335,,,1,TRACK,1.672,-1.093,-0.843,1.398,4.134,0.81,true,false
4.3,129,simulation,254.24,338.335,253,338,,,1,TRACK,1.642,-1.045,-0.904,1.441,3.661,0.79,true,false
4.333,130,simulation,252.611,341.141,252,340,,,1,TRACK,1.612,-0.997,-0.907,1.458,3.527,0.78,true,false
4.367,131,simulation,250.876,343.941,250,343,,,1,TRACK,1.58,-0.946,-0.941,1.507,3.352,0.77,true,false
4.4,132,simulation,249.203,346.551,249,346,,,1,TRACK,1.549,-0.895,-0.947,1.555,2.977,0.74,true,false
4.433,133,simulation,247.449,348.96,247,348,,,1,TRACK,1.516,-0.842,-0.984,1.577,2.713,0.79,true,false
4.467,134,simulation,245.777,351.298,245,351,,,1,TRACK,1.482,-0.788,-1.019,1.629,2.238,0.77,true,false
4.5,135,simulation,244.18,353.388,244,353,,,1,TRACK,1.448,-0.733,-1.027,1.654,1.788,0.78,true,false
4.533,136,simulation,242.514,355.366,242,355,,,1,TRACK,1.412,-0.676,-1.064,1.681,1.39,0.84,true,false
4.567,137,simulation,240.94,357.201,240,356,,,1,TRACK,1.376,-0.62,-1.1,1.684,1.296,0.86,true,false
4.6,138,simulation,239.451,359.009,239,358,,,1,TRACK,1.339,-0.563,-1.108,1.718,1.161,0.79,true,false
4.633,139,simulation,237.902,360.606,238,360,,,1,TRACK,1.302,-0.505,-1.119,1.753,0.787,0.77,true,false
4.667,140,simulation,236.312,361.98,236,362,,,1,TRACK,1.263,-0.445,-1.159,1.787,0.192,0.84,true,false
4.7,141,simulation,234.837,363.118,234,362,,,1,TRACK,1.223,-0.386,-1.197,1.768,0.179,0.78,true,false
4.733,142,simulation,233.467,364.288,233,364,,,1,TRACK,1.183,-0.326,-1.206,1.81,0.471,0.78,true,false
4.767,143,simulation,232.054,365.154,232,365,,,1,TRACK,1.142,-0.265,-1.218,1.823,0.879,0.77,true,false
4.8,144,simulation,230.615,365.855,230,365,,,1,TRACK,1.1,-0.205,-1.259,1.812,1.093,0.79,true,false
4.833,145,simulation,229.306,366.508,229,366,,,1,TRACK,1.058,-0.144,-1.271,1.833,1.359,0.77,true,false
4.867,146,simulation,227.973,366.93,228,366,,,1,TRACK,1.015,-0.083,-1.285,1.827,1.507,0.77,true,false
4.9,147,simulation,226.632,367.25,227,367,,,1,TRACK,0.972,-0.021,-1.3,1.851,1.875,0.79,true,false
4.933,148,simulation,225.291,367.293,225,366,,,1,TRACK,0.927,0.04,-1.343,1.821,1.962,0.81,true,false
4.967,149,simulation,224.103,367.336,224,367,,,1,TRACK,0.882,0.101,-1.356,1.85,2.321,0.85,true,false
5,150,simulation,222.91,367.047,222,367,,,1,TRACK,0.835,0.163,-1.398,1.851,2.903,1.21,true,false
5.033,151,simulation,221.866,366.572,221,366,,,1,TRACK,0.788,0.224,-1.41,1.826,3.253,0.81,true,false
5.067,152,simulation,220.819,366.03,220,365,,,1,TRACK,0.741,0.284,-1.424,1.806,3.358,0.8,true,false
5.1,153,simulation,219.783,365.382,220,365,,,1,TRACK,0.693,0.345,-1.414,1.817,3.569,0.84,true,false
5.133,154,simulation,218.625,364.457,218,364,,,1,TRACK,0.645,0.405,-1.461,1.799,3.894,0.85,true,false
5.167,155,simulation,217.659,363.392,217,363,,,1,TRACK,0.596,0.464,-1.477,1.785,4.225,0.8,true,false
5.2,156,simulation,216.721,362.163,217,362,,,1,TRACK,0.547,0.523,-1.468,1.772,4.521,1.22,true,false
5.233,157,simulation,215.679,360.747,216,360,,,1,TRACK,0.497,0.581,-1.49,1.734,4.607,0.82,true,false
5.267,158,simulation,214.7,359.269,214,359,,,1,TRACK,0.446,0.639,-1.537,1.727,4.891,0.78,true,false
5.3,159,simulation,213.924,357.552,214,357,,,1,TRACK,0.395,0.695,-1.527,1.693,5.084,0.78,true,false
5.333,160,simulation,213.048,355.731,213,355,,,1,TRACK,0.343,0.75,-1.548,1.662,5.173,0.78,true,false
5.367,161,simulation,212.242,353.78,212,353,,,1,TRACK,0.291,0.805,-1.569,1.634,5.28,0.79,true,false
5.4,162,simulation,211.506,351.676,211,351,,,1,TRACK,0.238,0.859,-1.589,1.608,5.47,0.79,true,false
5.433,163,simulation,210.84,349.403,210,349,,,1,TRACK,0.184,0.911,-1.609,1.582,5.792,28.27,true,false
5.467,164,simulation,210.246,346.947,210,346,,,1,TRACK,0.131,0.962,-1.602,1.53,5.865,0.79,true,false
5.5,165,simulation,209.584,344.438,209,344,,,1,TRACK,0.077,1.013,-1.626,1.51,6.08,0.77,true,false
5.533,166,simulation,209.019,341.705,209,341,,,1,TRACK,0.023,1.061,-1.622,1.461,6.201,0.74,true,false
5.567,167,simulation,208.405,338.888,208,338,,,1,TRACK,-0.032,1.108,-1.647,1.416,6.25,0.83,true,false
5.6,168,simulation,207.904,335.963,207,336,,,1,TRACK,-0.088,1.155,-1.671,1.4,6.663,1.85,true,false
5.633,169,simulation,207.509,332.771,207,332,,,1,TRACK,-0.143,1.199,-1.666,1.328,6.786,0.81,true,false
5.667,170,simulation,207.074,329.603,207,329,,,1,TRACK,-0.199,1.242,-1.665,1.289,6.802,0.85,true,false
5.7,171,simulation,206.619,326.28,206,326,,,1,TRACK,-0.255,1.284,-1.692,1.25,7.008,0.76,true,false
5.733,172,simulation,206.3,322.796,206,323,,,1,TRACK,-0.312,1.324,-1.691,1.21,7.347,0.78,true,false
5.767,173,simulation,205.964,319.147,206,319,,,1,TRACK,-0.368,1.363,-1.691,1.145,7.482,0.76,true,false
5.8,174,simulation,205.627,315.47,205,315,,,1,TRACK,-0.425,1.399,-1.72,1.083,7.483,0.77,true,false
5.833,175,simulation,205.442,311.743,205,311,,,1,TRACK,-0.483,1.433,-1.72,1.024,7.383,0.76,true,false
5.867,176,simulation,205.254,307.948,205,308,,,1,TRACK,-0.54,1.466,-1.721,0.993,7.538,0.78,true,false
5.9,177,simulation,205.078,303.933,204,303,,,1,TRACK,-0.598,1.496,-1.75,0.906,7.494,0.77,true,false
5.933,178,simulation,205.065,299.995,205,300,,,1,TRACK,-0.656,1.525,-1.723,0.878,7.587,0.77,true,false
5.967,179,simulation,204.919,295.817,204,295,,,1,TRACK,-0.714,1.552,-1.755,0.793,7.544,0.79,true,false
6,180,simulation,204.957,291.703,204,291,,,1,TRACK,-0.773,1.576,-1.757,0.74,7.5,0.76,true,false
6.033,181,simulation,205.02,287.484,205,287,,,1,TRACK,-0.831,1.599,-1.733,0.687,7.446,0.77,true,false
6.067,182,simulation,204.976,283.162,205,283,,,1,TRACK,-0.889,1.62,-1.741,0.633,7.493,0.79,true,false
6.1,183,simulation,204.995,278.742,204,279,,,1,TRACK,-0.948,1.64,-1.774,0.578,7.785,0.94,true,false
6.133,184,simulation,205.218,274.225,205,274,,,1,TRACK,-1.006,1.656,-1.75,0.497,7.793,0.78,true,false
6.167,185,simulation,205.342,269.757,205,269,,,1,TRACK,-1.065,1.67,-1.757,0.419,7.532,0.76,true,false
6.2,186,simulation,205.538,265.321,205,265,,,1,TRACK,-1.124,1.683,-1.764,0.371,7.454,0.82,true,false
6.233,187,simulation,205.804,260.764,206,260,,,1,TRACK,-1.182,1.692,-1.744,0.293,7.215,0.74,true,false
6.267,188,simulation,206,256.246,205,256,,,1,TRACK,-1.241,1.701,-1.781,0.245,7.257,0.78,true,false
6.3,189,simulation,206.432,251.614,206,251,,,1,TRACK,-1.3,1.706,-1.759,0.167,7.178,0.75,true,false
6.333,190,simulation,206.791,247.029,206,247,,,1,TRACK,-1.359,1.71,-1.768,0.118,7.251,0.78,true,false
6.367,191,simulation,207.244,242.342,206,241,,,1,TRACK,-1.418,1.711,-1.776,0.014,7.002,0.77,true,false
6.4,192,simulation,207.788,237.854,207,237,,,1,TRACK,-1.476,1.709,-1.756,-0.032,6.777,0.79,true,false
6.433,193,simulation,208.28,233.256,208,232,,,1,TRACK,-1.534,1.706,-1.74,-0.107,6.426,0.76,true,false
6.467,194,simulation,208.741,228.716,209,228,,,1,TRACK,-1.592,1.701,-1.726,-0.155,6.173,0.78,true,false
6.5,195,simulation,209.186,224.092,209,224,,,1,TRACK,-1.65,1.694,-1.741,-0.206,6.258,0.78,true,false
6.533,196,simulation,209.769,219.406,209,219,,,1,TRACK,-1.708,1.684,-1.752,-0.285,6.331,0.81,true,false
6.567,197,simulation,210.476,214.821,210,214,,,1,TRACK,-1.766,1.672,-1.735,-0.363,6.146,0.77,true,false
6.6,198,simulation,211.16,210.331,211,209,,,1,TRACK,-1.824,1.658,-1.721,-0.438,5.714,9.6,true,false
6.633,199,simulation,211.835,205.937,212,206,,,1,TRACK,-1.881,1.642,-1.708,-0.46,5.675,0.78,true,false
6.667,200,simulation,212.514,201.358,212,201,,,1,TRACK,-1.938,1.624,-1.723,-0.542,5.7,0.78,true,false
6.7,201,simulation,213.349,196.925,213,196,,,1,TRACK,-1.995,1.604,-1.709,-0.621,5.45,0.74,true,false
6.733,202,simulation,214.183,192.634,213,192,,,1,TRACK,-2.052,1.581,-1.722,-0.672,5.405,0.77,true,false
6.767,203,simulation,215.17,188.341,214,188,,,1,TRACK,-2.109,1.557,-1.707,-0.725,5.493,0.81,true,false
6.8,204,simulation,216.157,184.072,215,184,,,1,TRACK,-2.166,1.531,-1.693,-0.78,5.577,0.76,true,false
6.833,205,simulation,217.158,179.846,217,179,,,1,TRACK,-2.221,1.502,-1.655,-0.863,5.167,0.78,true,false
6.867,206,simulation,218.04,175.825,217,176,,,1,TRACK,-2.277,1.473,-1.674,-0.89,5.151,0.76,true,false
6.9,207,simulation,219.116,171.72,218,171,,,1,TRACK,-2.332,1.44,-1.662,-0.976,5.039,0.79,true,false
6.933,208,simulation,220.222,167.857,220,168,,,1,TRACK,-2.386,1.407,-1.625,-1.006,4.828,0.78,true,false
6.967,209,simulation,221.223,163.945,221,163,,,1,TRACK,-2.44,1.37,-1.618,-1.093,4.372,8.94,true,false
7,210,simulation,222.288,160.307,221,160,,,1,TRACK,-2.495,1.333,-1.637,-1.124,4.36,0.8,true,false
7.033,211,simulation,223.555,156.65,223,156,,,1,TRACK,-2.548,1.293,-1.599,-1.186,4.194,0.77,true,false
7.067,212,simulation,224.719,153.156,225,153,,,1,TRACK,-2.6,1.252,-1.565,-1.221,3.807,0.77,true,false
7.1,213,simulation,225.808,149.693,225,150,,,1,TRACK,-2.653,1.21,-1.588,-1.259,3.852,0.78,true,false
7.133,214,simulation,227.125,146.294,226,145,,,1,TRACK,-2.706,1.165,-1.578,-1.354,3.79,0.77,true,false
7.167,215,simulation,228.499,143.269,228,143,,,1,TRACK,-2.757,1.12,-1.542,-1.362,3.66,2.99,true,false
7.2,216,simulation,229.793,140.173,229,140,,,1,TRACK,-2.808,1.073,-1.536,-1.405,3.629,0.82,true,false
7.233,217,simulation,231.171,137.204,230,136,,,1,TRACK,-2.859,1.024,-1.529,-1.476,3.666,0.81,true,false
7.267,218,simulation,232.628,134.523,232,134,,,1,TRACK,-2.909,0.974,-1.494,-1.491,3.593,0.83,true,false
7.3,219,simulation,234.02,131.845,233,131,,,1,TRACK,-2.959,0.923,-1.49,-1.538,3.627,0.81,true,false
7.333,220,simulation,235.508,129.356,235,129,,,1,TRACK,-3.007,0.871,-1.457,-1.559,3.538,0.77,true,false
7.367,221,simulation,236.944,126.931,236,127,,,1,TRACK,-3.056,0.818,-1.454,-1.583,3.565,5.54,true,false
7.4,222,simulation,238.487,124.603,238,124,,,1,TRACK,-3.103,0.764,-1.421,-1.638,3.516,0.79,true,false
7.433,223,simulation,239.985,122.543,240,122,,,1,TRACK,-3.15,0.708,-1.392,-1.663,3.326,0.94,true,false
7.467,224,simulation,241.453,120.614,241,120,,,1,TRACK,-3.196,0.652,-1.39,-1.691,3.374,0.79,true,false
7.5,225,simulation,243.045,118.842,242,119,,,1,TRACK,-3.242,0.595,-1.386,-1.695,3.6,0.84,true,false
7.533,226,simulation,244.747,117.11,245,117,,,1,TRACK,-3.286,0.538,-1.327,-1.73,3.446,0.87,true,false
7.567,227,simulation,246.267,115.601,246,115,,,1,TRACK,-3.331,0.479,-1.327,-1.764,3.532,0.79,true,false
7.6,228,simulation,247.926,114.327,248,113,,,1,TRACK,-3.374,0.419,-1.297,-1.799,3.831,0.77,true,false
7.633,229,simulation,249.564,113.301,249,113,,,1,TRACK,-3.417,0.359,-1.296,-1.78,4.07,0.79,true,false
7.667,230,simulation,251.334,112.252,251,111,,,1,TRACK,-3.459,0.299,-1.265,-1.822,4.431,0.77,true,false
7.7,231,simulation,253.08,111.518,252,111,,,1,TRACK,-3.501,0.238,-1.262,-1.809,4.784,0.8,true,false
7.733,232,simulation,254.956,110.817,254,110,,,1,TRACK,-3.542,0.178,-1.23,-1.828,5.111,0.88,true,false
7.767,233,simulation,256.808,110.335,257,110,,,1,TRACK,-3.581,0.117,-1.174,-1.821,5.029,0.81,true,false
7.8,234,simulation,258.507,109.947,258,109,,,1,TRACK,-3.621,0.055,-1.177,-1.844,5.242,0.81,true,false
7.833,235,simulation,260.366,109.828,260,109,,,1,TRACK,-3.659,-0.006,-1.148,-1.84,5.509,0.78,true,false
7.867,236,simulation,262.221,109.844,261,109,,,1,TRACK,-3.697,-0.067,-1.147,-1.839,5.892,0.81,true,false
7.9,237,simulation,264.223,110.024,264,110,,,1,TRACK,-3.733,-0.128,-1.09,-1.813,5.843,0.83,true,false
7.933,238,simulation,266.07,110.251,265,109,,,1,TRACK,-3.77,-0.189,-1.091,-1.846,6.239,0.78,true,false
7.967,239,simulation,268.079,110.849,267,110,,,1,TRACK,-3.805,-0.25,-1.062,-1.822,6.623,0.82,true,false
8,240,simulation,270.085,111.524,270,111,,,1,TRACK,-3.839,-0.31,-1.007,-1.803,6.62,0.83,true,false
8.033,241,simulation,271.956,112.315,271,112,,,1,TRACK,-3.872,-0.37,-1.01,-1.787,6.681,0.79,true,false
8.067,242,simulation,274,113.252,274,113,,,1,TRACK,-3.904,-0.429,-0.956,-1.774,6.647,0.8,true,false
8.1,243,simulation,275.911,114.356,276,114,,,1,TRACK,-3.935,-0.487,-0.932,-1.762,6.663,5.61,true,false
8.133,244,simulation,277.854,115.649,278,115,,,1,TRACK,-3.966,-0.546,-0.908,-1.751,6.843,0.81,true,false
8.167,245,simulation,279.827,117.145,279,116,,,1,TRACK,-3.996,-0.604,-0.909,-1.74,7.328,0.78,true,false
8.2,246,simulation,281.97,118.858,281,119,,,1,TRACK,-4.025,-0.66,-0.88,-1.677,7.406,0.8,true,false
8.233,247,simulation,284.118,120.519,284,120,,,1,TRACK,-4.053,-0.716,-0.825,-1.676,7.465,0.79,true,false
8.267,248,simulation,286.136,122.461,285,122,,,1,TRACK,-4.08,-0.77,-0.828,-1.645,7.707,0.77,true,false
8.3,249,simulation,288.333,124.541,288,124,,,1,TRACK,-4.106,-0.824,-0.773,-1.617,7.868,0.85,true,false
8.333,250,simulation,290.398,126.78,290,126,,,1,TRACK,-4.131,-0.877,-0.749,-1.59,8.072,0.79,true,false
8.367,251,simulation,292.5,129.194,292,128,,,1,TRACK,-4.155,-0.93,-0.724,-1.564,8.416,0.78,true,false
8.4,252,simulation,294.635,131.796,294,132,,,1,TRACK,-4.178,-0.979,-0.698,-1.486,8.293,0.81,true,false
8.433,253,simulation,296.799,134.315,297,134,,,1,TRACK,-4.2,-1.028,-0.646,-1.469,8.175,0.78,true,false
8.467,254,simulation,298.848,137.083,298,136,,,1,TRACK,-4.222,-1.076,-0.65,-1.45,8.528,0.81,true,false
8.5,255,simulation,301.087,140.096,300,139,,,1,TRACK,-4.242,-1.123,-0.622,-1.403,8.934,5.5,true,false
8.533,256,simulation,303.345,143.211,303,143,,,1,TRACK,-4.25,-1.168,-0.568,-1.332,8.855,0.84,true,false
8.567,257,simulation,303.681,146.305,303,146,,,1,TRACK,-4.25,-1.211,-0.597,-1.294,8.463,0.79,true,false
8.6,258,simulation,302.957,149.557,302,149,,,1,TRACK,-4.25,-1.253,-0.644,-1.255,8.393,0.79,true,false
8.633,259,simulation,302.401,152.971,302,152,,,1,TRACK,-4.25,-1.293,-0.655,-1.216,8.678,0.83,true,false
8.667,260,simulation,302.014,156.552,302,156,,,1,TRACK,-4.25,-1.331,-0.663,-1.151,8.847,0.86,true,false
8.7,261,simulation,301.795,160.16,301,160,,,1,TRACK,-4.25,-1.368,-0.695,-1.09,8.738,0.82,true,false
8.733,262,simulation,301.745,163.82,301,163,,,1,TRACK,-4.25,-1.403,-0.695,-1.057,8.834,0.82,true,false
8.767,263,simulation,301.863,167.69,301,167,,,1,TRACK,-4.25,-1.436,-0.696,-0.996,8.907,0.87,true,false
8.8,264,simulation,302.149,171.617,302,171,,,1,TRACK,-4.25,-1.467,-0.671,-0.937,8.929,0.83,true,false
8.833,265,simulation,302.604,175.617,302,175,,,1,TRACK,-4.25,-1.497,-0.676,-0.88,8.894,0.97,true,false
8.867,266,simulation,303.227,179.699,303,179,,,1,TRACK,-4.25,-1.524,-0.653,-0.823,8.897,0.79,true,false
8.9,267,simulation,304.018,183.87,304,184,,,1,TRACK,-4.25,-1.549,-0.633,-0.741,8.618,0.85,true,false
8.933,268,simulation,304.977,187.99,304,188,,,1,TRACK,-4.25,-1.572,-0.642,-0.69,8.358,0.81,true,false
8.967,269,simulation,306.103,192.224,306,191,,,1,TRACK,-4.25,-1.594,-0.596,-0.664,8.629,0.8,true,false
9,270,simulation,307.396,196.708,307,196,,,1,TRACK,-4.25,-1.613,-0.582,-0.58,8.757,0.79,true,false
9.033,271,simulation,308.856,201.132,308,200,,,1,TRACK,-4.25,-1.631,-0.568,-0.528,8.915,0.8,true,false
9.067,272,simulation,310.482,205.661,310,205,,,1,TRACK,-4.25,-1.646,-0.528,-0.447,8.887,0.9,true,false
9.1,273,simulation,312.274,210.145,312,209,,,1,TRACK,-4.25,-1.659,-0.492,-0.397,8.951,0.81,true,false
9.133,274,simulation,314.231,214.742,314,214,,,1,TRACK,-4.25,-1.67,-0.458,-0.319,8.898,0.79,true,false
9.167,275,simulation,316.352,219.297,316,219,,,1,TRACK,-4.25,-1.678,-0.426,-0.243,8.667,0.79,true,false
9.2,276,simulation,318.637,223.82,318,223,,,1,TRACK,-4.25,-1.684,-0.396,-0.195,8.664,0.8,true,false
9.233,277,simulation,321.085,228.458,321,227,,,1,TRACK,-4.25,-1.689,-0.339,-0.145,8.869,0.8,true,false
9.267,278,simulation,323.695,233.193,323,232,,,1,TRACK,-4.25,-1.691,-0.314,-0.066,9.025,0.8,true,false
9.3,279,simulation,326.466,237.865,326,238,,,1,TRACK,-4.25,-1.69,-0.261,0.037,8.641,0.88,true,false
9.333,280,simulation,329.398,242.343,329,241,,,1,TRACK,-4.25,-1.688,-0.211,0.054,8.702,0.8,true,false
9.367,281,simulation,332.49,247.073,332,246,,,1,TRACK,-4.25,-1.684,-0.163,0.133,8.821,1.82,true,false
9.4,282,simulation,335.74,251.725,335,251,,,1,TRACK,-4.25,-1.677,-0.117,0.21,8.784,1.23,true,false
9.433,283,simulation,339.147,256.302,339,255,,,1,TRACK,-4.25,-1.668,-0.045,0.258,8.791,0.89,true,false
9.467,284,simulation,342.711,260.948,342,261,,,1,TRACK,-4.25,-1.656,-0.004,0.363,8.543,0.81,true,false
9.5,285,simulation,346.43,265.354,346,265,,,1,TRACK,-4.248,-1.643,0.064,0.408,8.322,0.78,true,false
9.533,286,simulation,349.96,269.828,350,270,,,1,TRACK,-4.244,-1.626,0.129,0.484,7.854,26.28,true,false
9.567,287,simulation,353.296,274.197,353,273,,,1,TRACK,-4.238,-1.61,0.166,0.506,7.79,0.83,true,false
9.6,288,simulation,356.589,278.743,356,279,,,1,TRACK,-4.231,-1.589,0.205,0.615,7.436,9.04,true,false
9.633,289,simulation,359.824,282.992,359,282,,,1,TRACK,-4.223,-1.568,0.245,0.637,7.351,0.81,true,false
9.667,290,simulation,362.992,287.396,363,287,,,1,TRACK,-4.213,-1.544,0.314,0.72,6.983,0.79,true,false
9.7,291,simulation,365.942,291.625,365,291,,,1,TRACK,-4.202,-1.518,0.326,0.773,6.755,0.8,true,false
9.733,292,simulation,368.972,295.824,368,295,,,1,TRACK,-4.189,-1.491,0.371,0.828,6.637,0.81,true,false
9.767,293,simulation,371.908,299.972,371,299,,,1,TRACK,-4.175,-1.461,0.415,0.884,6.482,0.8,true,false
9.8,294,simulation,374.749,304.05,374,304,,,1,TRACK,-4.16,-1.429,0.46,0.968,5.984,0.85,true,false
9.833,295,simulation,377.491,307.901,377,308,,,1,TRACK,-4.143,-1.395,0.505,1.022,5.36,0.79,true,false
9.867,296,simulation,380.134,311.67,380,311,,,1,TRACK,-4.125,-1.36,0.55,1.052,4.965,0.82,true,false
9.9,297,simulation,382.673,315.477,382,315,,,1,TRACK,-4.106,-1.323,0.569,1.113,4.705,7.87,true,false
9.933,298,simulation,385.25,319.142,385,319,,,1,TRACK,-4.085,-1.283,0.618,1.174,4.264,2.37,true,false
9.967,299,simulation,387.698,322.653,388,322,,,1,TRACK,-4.063,-1.243,0.666,1.209,3.863,0.79,true,false
10,300,simulation,390.021,326.14,389,326,,,1,TRACK,-4.041,-1.201,0.66,1.273,3.592,0.77,true,false
10.033,301,simulation,392.507,329.429,392,329,,,1,TRACK,-4.017,-1.157,0.715,1.31,3.332,0.81,true,false
10.067,302,simulation,394.828,332.653,395,332,,,1,TRACK,-3.992,-1.112,0.767,1.35,2.987,0.79,true,false
10.1,303,simulation,397,335.784,397,335,,,1,TRACK,-3.966,-1.066,0.79,1.392,2.715,0.92,true,false
10.133,304,simulation,399.17,338.797,398,338,,,1,TRACK,-3.939,-1.018,0.79,1.436,2.638,0.78,true,false
10.167,305,simulation,401.465,341.67,401,341,,,1,TRACK,-3.911,-0.968,0.848,1.481,2.391,0.79,true,false
10.2,306,simulation,403.567,344.383,403,344,,,1,TRACK,-3.882,-0.917,0.876,1.526,2,0.8,true,false
10.233,307,simulation,405.638,346.918,405,347,,,1,TRACK,-3.852,-0.865,0.906,1.572,1.538,0.78,true,false
10.267,308,simulation,407.668,349.259,407,348,,,1,TRACK,-3.82,-0.813,0.936,1.566,1.448,0.79,true,false
10.3,309,simulation,409.65,351.673,409,351,,,1,TRACK,-3.788,-0.759,0.967,1.621,1.26,0.78,true,false
10.333,310,simulation,411.578,353.82,411,353,,,1,TRACK,-3.755,-0.704,0.998,1.646,1.009,0.88,true,false
10.367,311,simulation,413.447,355.838,413,356,,,1,TRACK,-3.72,-0.647,1.03,1.701,0.66,0.8,true,false
10.4,312,simulation,415.253,357.559,414,358,,,1,TRACK,-3.686,-0.59,1.036,1.727,1.03,0.78,true,false
10.433,313,simulation,417.134,359.123,417,358,,,1,TRACK,-3.649,-0.533,1.098,1.703,0.884,0.8,true,false
10.467,314,simulation,418.782,360.786,418,360,,,1,TRACK,-3.613,-0.475,1.103,1.741,0.871,0.77,true,false
10.5,315,simulation,420.504,362.201,420,362,,,1,TRACK,-3.575,-0.416,1.139,1.777,1.187,0.8,true,false
10.533,316,simulation,422.133,363.36,422,362,,,1,TRACK,-3.535,-0.357,1.174,1.76,1.172,0.8,true,false
10.567,317,simulation,423.671,364.538,423,364,,,1,TRACK,-3.496,-0.297,1.181,1.803,1.433,0.82,true,false
10.6,318,simulation,425.259,365.4,424,364,,,1,TRACK,-3.456,-0.237,1.193,1.79,1.529,0.81,true,false
10.633,319,simulation,426.877,366.23,426,366,,,1,TRACK,-3.415,-0.176,1.233,1.836,1.975,0.78,true,false
10.667,320,simulation,428.366,366.701,427,366,,,1,TRACK,-3.374,-0.115,1.245,1.825,2.347,0.8,true,false
10.7,321,simulation,429.878,367.102,430,366,,,1,TRACK,-3.33,-0.054,1.312,1.819,2.452,0.77,true,false
10.733,322,simulation,431.114,367.392,431,367,,,1,TRACK,-3.286,0.007,1.319,1.844,2.855,1,true,false
10.767,323,simulation,432.387,367.399,432,367,,,1,TRACK,-3.242,0.068,1.331,1.84,3.28,7.94,true,false
10.8,324,simulation,433.675,367.258,434,367,,,1,TRACK,-3.196,0.13,1.371,1.84,3.725,2.36,true,false
10.833,325,simulation,434.82,366.942,434,366,,,1,TRACK,-3.151,0.19,1.357,1.814,3.822,0.79,true,false
10.867,326,simulation,436.114,366.569,435,366,,,1,TRACK,-3.105,0.251,1.375,1.821,3.981,0.77,true,false
10.9,327,simulation,437.38,365.957,437,366,,,1,TRACK,-3.058,0.312,1.42,1.827,4.453,0.8,true,false
10.933,328,simulation,438.47,365.097,438,364,,,1,TRACK,-3.01,0.371,1.435,1.78,4.533,0.96,true,false
10.967,329,simulation,439.542,364.262,439,364,,,1,TRACK,-2.961,0.431,1.452,1.794,4.803,0.79,true,false
11,330,simulation,440.586,363.116,440,363,,,1,TRACK,-2.912,0.49,1.469,1.778,5.197,0.82,true,false
11.033,331,simulation,441.593,361.803,441,362,,,1,TRACK,-2.863,0.549,1.487,1.765,5.635,0.78,true,false
11.067,332,simulation,442.556,360.303,442,360,,,1,TRACK,-2.813,0.606,1.506,1.726,5.85,0.79,true,false
11.1,333,simulation,443.47,358.738,443,358,,,1,TRACK,-2.762,0.663,1.525,1.692,5.855,1.3,true,false
11.133,334,simulation,444.33,357.074,444,357,,,1,TRACK,-2.71,0.719,1.545,1.689,6.108,0.8,true,false
11.167,335,simulation,445.132,355.141,445,355,,,1,TRACK,-2.658,0.774,1.564,1.657,6.405,0.79,true,false
11.2,336,simulation,445.871,353.081,445,352,,,1,TRACK,-2.606,0.828,1.557,1.601,6.287,0.78,true,false
11.233,337,simulation,446.687,351.012,446,351,,,1,TRACK,-2.554,0.881,1.581,1.604,6.514,0.78,true,false
11.267,338,simulation,447.411,348.611,447,348,,,1,TRACK,-2.5,0.933,1.604,1.549,6.662,2.4,true,false
11.3,339,simulation,448.049,346.176,448,346,,,1,TRACK,-2.446,0.984,1.626,1.527,6.908,0.83,true,false
11.333,340,simulation,448.6,343.529,448,343,,,1,TRACK,-2.392,1.033,1.62,1.478,7.015,0.79,true,false
11.367,341,simulation,449.207,340.808,449,341,,,1,TRACK,-2.337,1.082,1.645,1.458,7.334,0.79,true,false
11.4,342,simulation,449.705,337.845,449,337,,,1,TRACK,-2.282,1.128,1.642,1.384,7.29,0.8,true,false
11.433,343,simulation,450.241,334.926,450,335,,,1,TRACK,-2.227,1.173,1.669,1.37,7.499,0.9,true,false
11.467,344,simulation,450.655,331.725,450,331,,,1,TRACK,-2.171,1.217,1.666,1.3,7.492,0.8,true,false
11.5,345,simulation,451.095,328.538,450,328,,,1,TRACK,-2.116,1.259,1.667,1.261,7.445,0.8,true,false
11.533,346,simulation,451.545,325.189,451,325,,,1,TRACK,-2.059,1.3,1.696,1.223,7.608,0.76,true,false
11.567,347,simulation,451.851,321.674,451,321,,,1,TRACK,-2.002,1.338,1.695,1.157,7.606,0.83,true,false
11.6,348,simulation,452.165,318.132,451,318,,,1,TRACK,-1.946,1.376,1.697,1.122,7.718,0.82,true,false
11.633,349,simulation,452.473,314.398,452,314,,,1,TRACK,-1.888,1.411,1.727,1.06,7.812,37.28,true,false
11.667,350,simulation,452.623,310.618,452,310,,,1,TRACK,-1.831,1.444,1.727,0.999,7.783,0.93,true,false
11.7,351,simulation,452.769,306.774,452,306,,,1,TRACK,-1.773,1.476,1.729,0.941,7.682,0.84,true,false
11.733,352,simulation,452.897,302.854,453,302,,,1,TRACK,-1.715,1.505,1.759,0.885,7.643,0.79,true,false
11.767,353,simulation,452.857,298.85,452,298,,,1,TRACK,-1.657,1.533,1.733,0.828,7.563,0.79,true,false
11.8,354,simulation,452.944,294.756,452,294,,,1,TRACK,-1.599,1.558,1.739,0.773,7.507,0.96,true,false
11.833,355,simulation,452.983,290.571,453,290,,,1,TRACK,-1.54,1.582,1.772,0.718,7.612,0.8,true,false
11.867,356,simulation,452.829,286.291,452,286,,,1,TRACK,-1.481,1.604,1.748,0.662,7.734,0.77,true,false
11.9,357,simulation,452.783,281.917,452,281,,,1,TRACK,-1.423,1.624,1.755,0.581,7.598,0.8,true,false
11.933,358,simulation,452.672,277.592,453,277,,,1,TRACK,-1.363,1.641,1.789,0.53,7.626,0.78,true,false
11.967,359,simulation,452.355,273.155,452,272,,,1,TRACK,-1.304,1.656,1.766,0.45,7.456,0.79,true,false
12,360,simulation,452.134,268.757,452,268,,,1,TRACK,-1.245,1.67,1.774,0.401,7.385,0.79,true,false
12.033,361,simulation,451.838,264.243,451,264,,,1,TRACK,-1.187,1.681,1.754,0.349,7.458,7.72,true,false
12.067,362,simulation,451.607,259.626,451,259,,,1,TRACK,-1.128,1.69,1.765,0.27,7.401,2.33,true,false
12.1,363,simulation,451.279,255.06,450,255,,,1,TRACK,-1.07,1.698,1.748,0.22,7.411,0.84,true,false
12.133,364,simulation,451.001,250.39,450,250,,,1,TRACK,-1.011,1.702,1.761,0.141,7.337,0.81,true,false
12.167,365,simulation,450.612,245.775,450,246,,,1,TRACK,-0.952,1.705,1.771,0.091,7.444,0.82,true,false
12.2,366,simulation,450.119,241.064,449,240,,,1,TRACK,-0.894,1.705,1.754,-0.014,7.079,0.77,true,false
12.233,367,simulation,449.669,236.559,449,236,,,1,TRACK,-0.835,1.703,1.766,-0.06,6.837,0.98,true,false
12.267,368,simulation,449.101,231.948,449,232,,,1,TRACK,-0.775,1.699,1.776,-0.109,6.964,0.8,true,false
12.3,369,simulation,448.422,227.258,448,227,,,1,TRACK,-0.717,1.693,1.758,-0.187,6.943,0.79,true,false
12.333,370,simulation,447.777,222.651,448,222,,,1,TRACK,-0.658,1.684,1.771,-0.264,6.773,0.8,true,false
12.367,371,simulation,447.006,218.123,446,218,,,1,TRACK,-0.6,1.674,1.728,-0.312,6.603,0.84,true,false
12.4,372,simulation,446.4,213.532,446,213,,,1,TRACK,-0.542,1.661,1.744,-0.39,6.383,0.85,true,false
12.433,373,simulation,445.637,209.045,445,208,,,1,TRACK,-0.484,1.645,1.731,-0.467,5.972,0.78,true,false
12.467,374,simulation,444.874,204.661,445,204,,,1,TRACK,-0.426,1.628,1.746,-0.515,5.81,0.84,true,false
12.5,375,simulation,443.958,200.241,443,199,,,1,TRACK,-0.369,1.608,1.705,-0.594,5.393,0.81,true,false
12.533,376,simulation,443.185,195.952,443,196,,,1,TRACK,-0.312,1.588,1.723,-0.617,5.445,1.81,true,false
12.567,377,simulation,442.237,191.513,442,191,,,1,TRACK,-0.255,1.564,1.711,-0.701,5.407,0.81,true,false
12.6,378,simulation,441.275,187.252,441,187,,,1,TRACK,-0.198,1.539,1.7,-0.754,5.312,0.81,true,false
12.633,379,simulation,440.287,183.022,440,183,,,1,TRACK,-0.142,1.512,1.689,-0.81,5.262,0.97,true,false
12.667,380,simulation,439.267,178.842,439,178,,,1,TRACK,-0.086,1.483,1.68,-0.893,4.942,0.8,true,false
12.7,381,simulation,438.21,174.873,438,175,,,1,TRACK,-0.03,1.452,1.671,-0.92,4.87,0.79,true,false
12.733,382,simulation,437.11,170.826,437,171,,,1,TRACK,0.025,1.419,1.662,-0.98,4.877,0.85,true,false
12.767,383,simulation,435.964,166.886,435,166,,,1,TRACK,0.079,1.384,1.626,-1.067,4.351,0.76,true,false
12.8,384,simulation,434.91,163.207,434,163,,,1,TRACK,0.133,1.347,1.621,-1.096,3.978,0.8,true,false
12.833,385,simulation,433.783,159.498,434,159,,,1,TRACK,0.188,1.309,1.642,-1.157,3.9,0.81,true,false
12.867,386,simulation,432.444,155.942,432,156,,,1,TRACK,0.242,1.269,1.605,-1.192,3.843,0.83,true,false
12.9,387,simulation,431.201,152.407,430,152,,,1,TRACK,0.294,1.227,1.572,-1.257,3.435,0.81,true,false
12.933,388,simulation,430.027,149.069,430,149,,,1,TRACK,0.347,1.184,1.595,-1.294,3.364,1.84,true,false
12.967,389,simulation,428.618,145.792,428,146,,,1,TRACK,0.399,1.139,1.56,-1.334,3.303,0.82,true,false
13,390,simulation,427.288,142.606,427,142,,,1,TRACK,0.451,1.093,1.555,-1.403,3.084,0.79,true,false
13.033,391,simulation,425.87,139.678,426,139,,,1,TRACK,0.503,1.044,1.549,-1.443,3.026,0.94,true,false
13.067,392,simulation,424.37,136.866,424,136,,,1,TRACK,0.553,0.995,1.515,-1.485,2.87,0.8,true,false
13.1,393,simulation,422.932,134.196,423,134,,,1,TRACK,0.603,0.945,1.511,-1.503,2.909,0.78,true,false
13.133,394,simulation,421.394,131.55,420,131,,,1,TRACK,0.652,0.893,1.453,-1.552,2.486,0.79,true,false
13.167,395,simulation,420.047,129.11,420,129,,,1,TRACK,0.701,0.841,1.48,-1.573,2.511,0.8,true,false
13.2,396,simulation,418.428,126.744,418,126,,,1,TRACK,0.749,0.786,1.448,-1.626,2.585,0.77,true,false
13.233,397,simulation,416.858,124.63,416,124,,,1,TRACK,0.797,0.731,1.418,-1.65,2.504,0.83,true,false
13.267,398,simulation,415.318,122.631,415,122,,,1,TRACK,0.844,0.676,1.417,-1.677,2.643,0.78,true,false
13.3,399,simulation,413.654,120.778,413,120,,,1,TRACK,0.89,0.619,1.386,-1.706,2.776,0.8,true,false
13.333,400,simulation,412.021,119.095,412,119,,,1,TRACK,0.936,0.562,1.385,-1.71,2.967,0.79,true,false
13.367,401,simulation,410.264,117.463,410,117,,,1,TRACK,0.981,0.503,1.354,-1.746,3.156,0.79,true,false
13.4,402,simulation,408.535,116.063,408,115,,,1,TRACK,1.026,0.444,1.325,-1.781,3.395,8.28,true,false
13.433,403,simulation,406.822,114.906,406,114,,,1,TRACK,1.069,0.384,1.298,-1.789,3.569,1.06,true,false
13.467,404,simulation,405.114,113.863,405,113,,,1,TRACK,1.112,0.324,1.298,-1.801,3.882,0.83,true,false
13.5,405,simulation,403.264,112.968,403,112,,,1,TRACK,1.154,0.264,1.269,-1.816,4.201,0.79,true,false
13.533,406,simulation,401.428,112.246,401,112,,,1,TRACK,1.196,0.204,1.241,-1.805,4.249,0.79,true,false
13.567,407,simulation,399.597,111.58,399,111,,,1,TRACK,1.236,0.143,1.214,-1.827,4.338,0.78,true,false
13.6,408,simulation,397.762,111.152,397,111,,,1,TRACK,1.276,0.082,1.188,-1.821,4.355,2.31,true,false
13.633,409,simulation,395.919,110.83,396,110,,,1,TRACK,1.316,0.021,1.19,-1.845,4.739,0.8,true,false
13.667,410,simulation,393.922,110.789,394,111,,,1,TRACK,1.354,-0.04,1.16,-1.815,4.881,0.79,true,false
13.7,411,simulation,391.93,110.751,391,110,,,1,TRACK,1.391,-0.101,1.106,-1.845,5.04,0.78,true,false
13.733,412,simulation,390.077,111.048,389,110,,,1,TRACK,1.427,-0.163,1.083,-1.845,5.359,0.8,true,false
13.767,413,simulation,388.193,111.534,388,111,,,1,TRACK,1.463,-0.224,1.086,-1.821,5.633,0.77,true,false
13.8,414,simulation,386.138,112.089,386,112,,,1,TRACK,1.499,-0.284,1.058,-1.801,5.734,0.82,true,false
13.833,415,simulation,384.078,112.752,383,112,,,1,TRACK,1.532,-0.344,1.005,-1.812,5.908,0.78,true,false
13.867,416,simulation,382.146,113.695,382,113,,,1,TRACK,1.566,-0.404,1.009,-1.794,6.226,0.75,true,false
13.9,417,simulation,380.036,114.778,379,115,,,1,TRACK,1.598,-0.462,0.955,-1.753,6.134,0.79,true,false
13.933,418,simulation,378.054,115.888,377,115,,,1,TRACK,1.629,-0.521,0.932,-1.77,6.368,0.8,true,false
13.967,419,simulation,376.035,117.348,375,116,,,1,TRACK,1.659,-0.58,0.909,-1.758,6.872,0.8,true,false
14,420,simulation,373.98,119.007,374,119,,,1,TRACK,1.689,-0.636,0.911,-1.693,6.957,0.79,true,false
14.033,421,simulation,371.752,120.598,372,120,,,1,TRACK,1.719,-0.693,0.883,-1.69,7.171,0.89,true,false
14.067,422,simulation,369.514,122.46,369,122,,,1,TRACK,1.746,-0.748,0.828,-1.659,7.318,0.8,true,false
14.1,423,simulation,367.402,124.451,367,124,,,1,TRACK,1.773,-0.802,0.805,-1.63,7.428,0.79,true,false
14.133,424,simulation,365.25,126.593,364,126,,,1,TRACK,1.798,-0.856,0.755,-1.603,7.525,0.81,true,false
14.167,425,simulation,363.204,128.903,362,129,,,1,TRACK,1.823,-0.907,0.734,-1.55,7.418,0.8,true,false
14.2,426,simulation,361.103,131.255,360,131,,,1,TRACK,1.847,-0.958,0.711,-1.529,7.451,0.77,true,false
14.233,427,simulation,358.957,133.823,359,133,,,1,TRACK,1.87,-1.008,0.714,-1.507,7.827,10.03,true,false
14.267,428,simulation,356.629,136.609,356,136,,,1,TRACK,1.892,-1.057,0.659,-1.458,8.077,0.77,true,false
14.3,429,simulation,354.428,139.475,354,139,,,1,TRACK,1.914,-1.104,0.636,-1.412,8.192,0.95,true,false
14.333,430,simulation,352.186,142.448,352,142,,,1,TRACK,1.934,-1.15,0.611,-1.369,8.293,0.78,true,false
14.367,431,simulation,349.909,145.544,350,145,,,1,TRACK,1.954,-1.194,0.586,-1.327,8.442,0.75,true,false
14.4,432,simulation,347.6,148.779,347,148,,,1,TRACK,1.971,-1.237,0.533,-1.286,8.598,0.76,true,false
14.433,433,simulation,345.401,152.161,345,152,,,1,TRACK,1.988,-1.277,0.511,-1.219,8.536,0.79,true,false
14.467,434,simulation,343.153,155.558,343,155,,,1,TRACK,2.005,-1.317,0.487,-1.183,8.597,1.98,true,false
14.5,435,simulation,340.862,159.139,340,159,,,1,TRACK,2.019,-1.354,0.436,-1.12,8.516,1.67,true,false
14.533,436,simulation,338.677,162.759,338,163,,,1,TRACK,2.033,-1.39,0.414,-1.06,8.299,1.58,true,false
14.567,437,simulation,336.439,166.438,336,166,,,1,TRACK,2.046,-1.424,0.391,-1.028,8.375,1.47,true,false
14.6,438,simulation,334.158,170.333,334,170,,,1,TRACK,2.058,-1.456,0.366,-0.968,8.495,0.97,true,false
14.633,439,simulation,331.839,174.289,332,174,,,1,TRACK,2.07,-1.486,0.341,-0.909,8.566,0.83,true,false
14.667,440,simulation,329.488,178.32,329,178,,,1,TRACK,2.079,-1.515,0.288,-0.852,8.572,0.87,true,false
14.7,441,simulation,327.251,182.435,326,182,,,1,TRACK,2.087,-1.541,0.239,-0.796,8.549,1,true,false
14.733,442,simulation,325.109,186.638,325,187,,,1,TRACK,2.095,-1.565,0.245,-0.713,8.322,0.75,true,false
14.767,443,simulation,322.767,190.791,323,190,,,1,TRACK,2.102,-1.588,0.218,-0.688,8.498,0.87,true,false
14.8,444,simulation,320.4,195.2,320,195,,,1,TRACK,2.108,-1.608,0.164,-0.605,8.496,0.77,true,false
14.833,445,simulation,318.152,199.554,318,199,,,1,TRACK,2.113,-1.627,0.141,-0.553,8.513,0.81,true,false
14.867,446,simulation,315.864,204.015,315,203,,,1,TRACK,2.116,-1.643,0.089,-0.5,8.654,0.82,true,false
14.9,447,simulation,313.685,208.578,314,208,,,1,TRACK,2.119,-1.657,0.094,-0.42,8.663,0.78,true,false
14.933,448,simulation,311.317,213.093,311,212,,,1,TRACK,2.12,-1.67,0.039,-0.369,8.735,0.79,true,false
14.967,449,simulation,309.076,217.717,309,217,,,1,TRACK,2.121,-1.679,0.015,-0.291,8.673,0.78,true,false
15,450,simulation,306.8,222.297,307,222,,,1,TRACK,2.12,-1.686,-0.011,-0.215,8.423,1.05,true,false
15.033,451,simulation,304.498,226.842,304,227,,,1,TRACK,2.118,-1.691,-0.064,-0.14,7.987,0.82,true,false
15.067,452,simulation,302.317,231.357,302,231,,,1,TRACK,2.115,-1.694,-0.088,-0.094,7.784,0.83,true,false
15.1,453,simulation,300.1,235.986,300,235,,,1,TRACK,2.111,-1.696,-0.113,-0.044,7.891,0.78,true,false
15.133,454,simulation,297.856,240.705,297,240,,,1,TRACK,2.106,-1.695,-0.166,0.035,7.847,0.77,true,false
15.167,455,simulation,295.735,245.357,295,245,,,1,TRACK,2.099,-1.691,-0.189,0.111,7.602,0.79,true,false
15.2,456,simulation,293.58,249.945,293,250,,,1,TRACK,2.092,-1.685,-0.215,0.186,7.215,0.79,true,false
15.233,457,simulation,291.402,254.473,291,254,,,1,TRACK,2.084,-1.677,-0.241,0.233,7.046,0.77,true,false
15.267,458,simulation,289.209,259.08,289,258,,,1,TRACK,2.075,-1.667,-0.269,0.283,7.145,0.84,true,false
15.3,459,simulation,287.007,263.74,287,263,,,1,TRACK,2.065,-1.655,-0.297,0.363,7.097,0.82,true,false
15.333,460,simulation,284.8,268.291,285,268,,,1,TRACK,2.055,-1.641,-0.326,0.44,6.808,0.97,true,false
15.367,461,simulation,282.593,272.737,282,273,,,1,TRACK,2.042,-1.624,-0.381,0.516,6.279,0.78,true,false
15.4,462,simulation,280.531,277.077,280,277,,,1,TRACK,2.028,-1.605,-0.407,0.564,5.914,0.8,true,false
15.433,463,simulation,278.453,281.449,277,281,,,1,TRACK,2.013,-1.584,-0.46,0.615,5.759,0.78,true,false
15.467,464,simulation,276.512,285.825,276,285,,,1,TRACK,1.998,-1.562,-0.458,0.669,5.763,0.77,true,false
15.5,465,simulation,274.409,290.183,274,290,,,1,TRACK,1.981,-1.537,-0.488,0.751,5.504,2.75,true,false
15.533,466,simulation,272.318,294.362,272,294,,,1,TRACK,1.964,-1.51,-0.518,0.804,5.235,6.8,true,false
15.567,467,simulation,270.244,298.508,270,298,,,1,TRACK,1.946,-1.481,-0.548,0.859,5.048,0.85,true,false
15.6,468,simulation,268.186,302.599,268,302,,,1,TRACK,1.927,-1.451,-0.578,0.915,4.885,0.78,true,false
15.633,469,simulation,266.149,306.614,266,306,,,1,TRACK,1.906,-1.418,-0.609,0.973,4.7,0.82,true,false
15.667,470,simulation,264.133,310.538,264,310,,,1,TRACK,1.885,-1.384,-0.639,1.031,4.46,28.28,true,false
15.7,471,simulation,262.142,314.355,261,313,,,1,TRACK,1.862,-1.349,-0.696,1.063,4.457,0.8,true,false
15.733,472,simulation,260.319,318.189,260,318,,,1,TRACK,1.839,-1.31,-0.697,1.153,4.064,0.81,true,false
15.767,473,simulation,258.363,321.723,258,322,,,1,TRACK,1.814,-1.27,-0.729,1.212,3.418,0.84,true,false
15.8,474,simulation,256.444,325.112,256,324,,,1,TRACK,1.789,-1.229,-0.761,1.218,3.33,0.78,true,false
15.833,475,simulation,254.565,328.621,254,328,,,1,TRACK,1.763,-1.186,-0.792,1.285,3.175,0.77,true,false
15.867,476,simulation,252.724,331.911,252,332,,,1,TRACK,1.735,-1.141,-0.824,1.35,2.681,0.79,true,false
15.9,477,simulation,250.924,334.978,250,335,,,1,TRACK,1.707,-1.095,-0.855,1.388,2.241,0.77,true,false
15.933,478,simulation,249.167,337.96,249,337,,,1,TRACK,1.678,-1.048,-0.86,1.402,2.155,0.79,true,false
15.967,479,simulation,247.313,340.967,247,341,,,1,TRACK,1.648,-0.999,-0.896,1.475,1.778,0.78,true,false
16,480,simulation,245.527,343.672,245,343,,,1,TRACK,1.617,-0.95,-0.93,1.491,1.576,0.8,true,false
16.033,481,simulation,243.805,346.363,243,346,,,1,TRACK,1.585,-0.898,-0.963,1.539,1.389,0.77,true,false
16.067,482,simulation,242.144,348.856,241,349,,,1,TRACK,1.552,-0.845,-0.996,1.587,1.166,0.78,true,false
16.1,483,simulation,240.544,351.139,240,350,,,1,TRACK,1.518,-0.793,-1.002,1.582,1.16,1.05,true,false
16.133,484,simulation,238.865,353.481,238,353,,,1,TRACK,1.484,-0.738,-1.039,1.637,1.104,0.77,true,false
16.167,485,simulation,237.269,355.545,237,355,,,1,TRACK,1.449,-0.683,-1.047,1.664,0.902,0.78,true,false
16.2,486,simulation,235.611,357.47,235,357,,,1,TRACK,1.413,-0.626,-1.085,1.693,0.883,0.77,true,false
16.233,487,simulation,234.05,359.231,234,359,,,1,TRACK,1.376,-0.569,-1.095,1.723,0.899,6.91,true,false
16.267,488,simulation,232.437,360.806,232,360,,,1,TRACK,1.338,-0.511,-1.134,1.728,1.02,0.77,true,false
16.3,489,simulation,230.931,362.316,231,362,,,1,TRACK,1.3,-0.452,-1.144,1.764,1.2,0.81,true,false
16.333,490,simulation,229.382,363.582,229,363,,,1,TRACK,1.261,-0.393,-1.184,1.773,1.465,0.78,true,false
16.367,491,simulation,227.947,364.734,227,364,,,1,TRACK,1.22,-0.334,-1.221,1.785,1.789,0.78,true,false
16.4,492,simulation,226.617,365.74,226,365,,,1,TRACK,1.179,-0.274,-1.23,1.8,2.049,0.8,true,false
16.433,493,simulation,225.246,366.575,224,366,,,1,TRACK,1.137,-0.213,-1.269,1.816,2.45,0.8,true,false
16.467,494,simulation,223.993,367.216,223,367,,,1,TRACK,1.094,-0.152,-1.279,1.833,2.9,0.81,true,false
16.5,495,simulation,222.71,367.644,222,367,,,1,TRACK,1.051,-0.091,-1.292,1.825,3.119,0.79,true,false
16.533,496,simulation,221.413,367.982,221,368,,,1,TRACK,1.007,-0.03,-1.307,1.847,3.439,0.77,true,false
16.567,497,simulation,220.114,368.053,220,368,,,1,TRACK,0.963,0.032,-1.323,1.843,3.747,0.8,true,false
16.6,498,simulation,218.823,367.99,218,368,,,1,TRACK,0.918,0.093,-1.366,1.841,4.124,0.95,true,false
16.633,499,simulation,217.689,367.762,217,367,,,1,TRACK,0.872,0.154,-1.38,1.815,4.228,0.79,true,false
16.667,500,simulation,216.556,367.488,217,367,,,1,TRACK,0.826,0.214,-1.369,1.821,4.25,0.79,true,false
16.7,501,simulation,215.294,366.983,215,367,,,1,TRACK,0.779,0.275,-1.416,1.827,4.594,0.8,true,false
16.733,502,simulation,214.215,366.237,213,366,,,1,TRACK,0.73,0.335,-1.458,1.807,4.988,31.6,true,false
16.767,503,simulation,213.3,365.381,213,365,,,1,TRACK,0.682,0.395,-1.445,1.79,5.179,0.85,true,false
16.8,504,simulation,212.253,364.383,212,364,,,1,TRACK,0.633,0.454,-1.464,1.776,5.323,0.8,true,false
16.833,505,simulation,211.248,363.218,211,362,,,1,TRACK,0.584,0.512,-1.483,1.736,5.224,2.87,true,false
16.867,506,simulation,210.29,362.008,210,361,,,1,TRACK,0.534,0.57,-1.502,1.729,5.221,0.8,true,false
16.9,507,simulation,209.381,360.574,209,360,,,1,TRACK,0.483,0.627,-1.521,1.721,5.473,0.79,true,false
16.933,508,simulation,208.525,358.908,208,359,,,1,TRACK,0.432,0.684,-1.541,1.713,5.983,0.78,true,false
16.967,509,simulation,207.726,357.002,207,357,,,1,TRACK,0.38,0.74,-1.56,1.678,6.432,0.8,true,false
17,510,simulation,206.985,354.989,206,355,,,1,TRACK,0.327,0.795,-1.579,1.646,6.795,0.79,true,false
17.033,511,simulation,206.308,352.841,206,353,,,1,TRACK,0.275,0.849,-1.572,1.617,7.064,0.79,true,false
17.067,512,simulation,205.554,350.536,205,350,,,1,TRACK,0.222,0.901,-1.596,1.564,7.08,0.79,true,false
17.1,513,simulation,204.89,348.199,205,348,,,1,TRACK,0.169,0.952,-1.591,1.542,7.118,0.77,true,false
17.133,514,simulation,204.171,345.652,204,346,,,1,TRACK,0.115,1.003,-1.616,1.519,7.418,0.84,true,false
17.167,515,simulation,203.557,342.892,203,343,,,1,TRACK,0.06,1.052,-1.64,1.469,7.676,0.77,true,false
17.2,516,simulation,203.043,340.056,202,340,,,1,TRACK,0.005,1.099,-1.662,1.423,7.854,0.86,true,false
17.233,517,simulation,202.626,337.117,202,337,,,1,TRACK,-0.051,1.145,-1.657,1.38,7.942,0.9,true,false
17.267,518,simulation,202.161,334.056,202,334,,,1,TRACK,-0.106,1.19,-1.656,1.338,7.983,0.78,true,false
17.3,519,simulation,201.67,330.86,201,331,,,1,TRACK,-0.162,1.233,-1.683,1.297,8.145,0.85,true,false
17.333,520,simulation,201.311,327.518,201,327,,,1,TRACK,-0.218,1.274,-1.681,1.23,8.067,0.85,true,false
17.367,521,simulation,200.931,324.164,201,324,,,1,TRACK,-0.274,1.314,-1.682,1.194,8.034,7.57,true,false
17.4,522,simulation,200.546,320.627,200,320,,,1,TRACK,-0.331,1.352,-1.71,1.13,7.975,0.87,true,false
17.433,523,simulation,200.311,317.053,200,317,,,1,TRACK,-0.388,1.388,-1.71,1.097,8.088,0.82,true,false
17.467,524,simulation,200.07,313.278,199,313,,,1,TRACK,-0.446,1.423,-1.738,1.035,8.234,0.85,true,false
17.5,525,simulation,199.979,309.452,199,309,,,1,TRACK,-0.504,1.455,-1.737,0.975,8.276,0.99,true,false
17.533,526,simulation,199.887,305.558,200,305,,,1,TRACK,-0.561,1.486,-1.711,0.917,8.129,0.84,true,false
17.567,527,simulation,199.666,301.586,199,301,,,1,TRACK,-0.619,1.515,-1.744,0.861,8.064,0.82,true,false
17.6,528,simulation,199.631,297.527,199,297,,,1,TRACK,-0.677,1.541,-1.746,0.805,8.069,0.84,true,false
17.633,529,simulation,199.622,293.379,199,292,,,1,TRACK,-0.736,1.565,-1.75,0.723,7.805,0.79,true,false
17.667,530,simulation,199.647,289.279,199,289,,,1,TRACK,-0.794,1.589,-1.754,0.698,7.89,0.96,true,false
17.7,531,simulation,199.714,284.923,199,285,,,1,TRACK,-0.853,1.61,-1.759,0.642,8.175,0.8,true,false
17.733,532,simulation,199.828,280.48,199,280,,,1,TRACK,-0.911,1.629,-1.764,0.559,8.212,0.79,true,false
17.767,533,simulation,199.994,276.09,200,275,,,1,TRACK,-0.97,1.645,-1.742,0.481,7.862,0.79,true,false
17.8,534,simulation,200.075,271.735,199,271,,,1,TRACK,-1.029,1.659,-1.778,0.432,7.766,0.77,true,false
17.833,535,simulation,200.378,267.259,200,267,,,1,TRACK,-1.087,1.672,-1.756,0.38,7.832,0.78,true,false
17.867,536,simulation,200.598,262.677,200,263,,,1,TRACK,-1.146,1.683,-1.765,0.328,8.07,0.78,true,false
17.9,537,simulation,200.9,257.999,200,258,,,1,TRACK,-1.205,1.691,-1.772,0.247,8.19,0.8,true,false
17.933,538,simulation,201.285,253.378,201,252,,,1,TRACK,-1.264,1.696,-1.753,0.144,7.693,0.77,true,false
17.967,539,simulation,201.608,248.942,201,249,,,1,TRACK,-1.322,1.7,-1.763,0.126,7.653,0.79,true,false
18,540,simulation,202.034,244.24,202,244,,,1,TRACK,-1.381,1.702,-1.746,0.047,7.594,0.76,true,false
18.033,541,simulation,202.416,239.601,202,239,,,1,TRACK,-1.439,1.701,-1.758,-0.03,7.385,0.79,true,false
18.067,542,simulation,202.913,235.018,202,235,,,1,TRACK,-1.498,1.698,-1.768,-0.078,7.432,0.81,true,false
18.1,543,simulation,203.518,230.345,203,230,,,1,TRACK,-1.556,1.693,-1.75,-0.156,7.343,0.81,true,false
18.133,544,simulation,204.085,225.748,204,225,,,1,TRACK,-1.614,1.685,-1.735,-0.232,6.988,0.79,true,false
18.167,545,simulation,204.631,221.223,204,220,,,1,TRACK,-1.673,1.675,-1.748,-0.306,6.587,0.84,true,false
18.2,546,simulation,205.314,216.771,205,216,,,1,TRACK,-1.73,1.663,-1.733,-0.354,6.354,0.77,true,false
18.233,547,simulation,205.98,212.253,206,212,,,1,TRACK,-1.788,1.65,-1.72,-0.404,6.28,3.74,true,false
18.267,548,simulation,206.644,207.697,206,207,,,1,TRACK,-1.845,1.633,-1.734,-0.484,6.179,0.76,true,false
18.3,549,simulation,207.458,203.266,207,203,,,1,TRACK,-1.903,1.616,-1.719,-0.535,6.139,7.44,true,false
18.333,550,simulation,208.268,198.816,207,199,,,1,TRACK,-1.961,1.596,-1.733,-0.588,6.349,0.8,true,false
18.367,551,simulation,209.227,194.368,209,194,,,1,TRACK,-2.017,1.574,-1.691,-0.67,6.159,0.78,true,false
18.4,552,simulation,210.043,190.085,210,189,,,1,TRACK,-2.073,1.549,-1.682,-0.749,5.608,0.79,true,false
18.433,553,simulation,210.89,185.961,211,185,,,1,TRACK,-2.129,1.522,-1.672,-0.8,5.124,0.78,true,false
18.467,554,simulation,211.773,181.857,212,181,,,1,TRACK,-2.184,1.494,-1.663,-0.853,4.767,2,true,false
18.5,555,simulation,212.695,177.799,212,177,,,1,TRACK,-2.24,1.463,-1.681,-0.909,4.685,0.79,true,false
18.533,556,simulation,213.8,173.807,213,173,,,1,TRACK,-2.296,1.431,-1.668,-0.966,4.679,0.76,true,false
18.567,557,simulation,214.929,169.9,214,169,,,1,TRACK,-2.351,1.397,-1.656,-1.023,4.641,0.78,true,false
18.6,558,simulation,216.091,166.096,215,165,,,1,TRACK,-2.406,1.361,-1.645,-1.082,4.577,0.79,true,false
18.633,559,simulation,217.293,162.411,217,162,,,1,TRACK,-2.459,1.324,-1.608,-1.115,4.41,0.79,true,false
18.667,560,simulation,218.399,158.718,218,158,,,1,TRACK,-2.513,1.284,-1.602,-1.178,4.186,0.77,true,false
18.7,561,simulation,219.575,155.195,219,154,,,1,TRACK,-2.566,1.243,-1.595,-1.241,3.949,0.78,true,false
18.733,562,simulation,220.818,151.849,221,151,,,1,TRACK,-2.618,1.201,-1.561,-1.276,3.595,0.81,true,false
18.767,563,simulation,221.986,148.548,222,148,,,1,TRACK,-2.67,1.157,-1.557,-1.315,3.368,0.79,true,false
18.8,564,simulation,223.241,145.325,223,145,,,1,TRACK,-2.722,1.111,-1.551,-1.357,3.33,0.78,true,false
18.833,565,simulation,224.575,142.207,224,142,,,1,TRACK,-2.773,1.065,-1.544,-1.4,3.421,0.79,true,false
18.867,566,simulation,225.987,139.215,226,139,,,1,TRACK,-2.823,1.017,-1.509,-1.444,3.296,7.38,true,false
18.9,567,simulation,227.331,136.37,227,136,,,1,TRACK,-2.874,0.967,-1.505,-1.49,3.213,0.79,true,false
18.933,568,simulation,228.771,133.691,228,133,,,1,TRACK,-2.924,0.916,-1.499,-1.536,3.315,0.8,true,false
18.967,569,simulation,230.299,131.194,230,130,,,1,TRACK,-2.972,0.863,-1.465,-1.582,3.29,0.78,true,false
19,570,simulation,231.769,128.897,232,128,,,1,TRACK,-3.02,0.81,-1.434,-1.603,3.099,0.8,true,false
19.033,571,simulation,233.201,126.672,232,126,,,1,TRACK,-3.069,0.755,-1.459,-1.627,3.419,0.79,true,false
19.067,572,simulation,234.89,124.557,234,124,,,1,TRACK,-3.116,0.7,-1.424,-1.654,3.696,0.84,true,false
19.1,573,simulation,236.522,122.581,236,122,,,1,TRACK,-3.163,0.644,-1.392,-1.684,3.74,0.8,true,false
19.133,574,simulation,238.117,120.768,238,120,,,1,TRACK,-3.208,0.587,-1.363,-1.714,3.672,0.81,true,false
19.167,575,simulation,239.688,119.14,239,119,,,1,TRACK,-3.254,0.53,-1.362,-1.72,3.741,0.81,true,false
19.2,576,simulation,241.388,117.575,241,117,,,1,TRACK,-3.298,0.471,-1.331,-1.756,3.841,0.8,true,false
19.233,577,simulation,243.062,116.252,243,116,,,1,TRACK,-3.341,0.412,-1.303,-1.765,3.814,0.87,true,false
19.267,578,simulation,244.721,115.039,245,115,,,1,TRACK,-3.384,0.353,-1.275,-1.777,3.682,0.81,true,false
19.3,579,simulation,246.374,113.969,245,114,,,1,TRACK,-3.427,0.293,-1.302,-1.792,4.051,0.85,true,false
19.333,580,simulation,248.311,113.068,247,113,,,1,TRACK,-3.47,0.233,-1.268,-1.808,4.497,0.86,true,false
19.367,581,simulation,250.211,112.358,250,112,,,1,TRACK,-3.51,0.172,-1.211,-1.826,4.594,0.82,true,false
19.4,582,simulation,251.949,111.857,252,111,,,1,TRACK,-3.549,0.111,-1.186,-1.844,4.724,1.01,true,false
19.433,583,simulation,253.7,111.585,253,111,,,1,TRACK,-3.589,0.05,-1.187,-1.836,5.031,0.85,true,false
19.467,584,simulation,255.606,111.414,255,111,,,1,TRACK,-3.628,-0.012,-1.158,-1.833,5.264,0.83,true,false
19.5,585,simulation,257.508,111.382,257,111,,,1,TRACK,-3.665,-0.073,-1.131,-1.832,5.427,0.79,true,false
19.533,586,simulation,259.412,111.515,258,111,,,1,TRACK,-3.703,-0.134,-1.13,-1.834,5.809,0.78,true,false
19.567,587,simulation,261.466,111.837,260,111,,,1,TRACK,-3.74,-0.195,-1.1,-1.836,6.287,0.81,true,false
19.6,588,simulation,263.511,112.368,263,112,,,1,TRACK,-3.774,-0.255,-1.045,-1.814,6.36,0.79,true,false
19.633,589,simulation,265.416,112.983,265,113,,,1,TRACK,-3.809,-0.315,-1.021,-1.795,6.241,0.81,true,false
19.667,590,simulation,267.35,113.717,266,113,,,1,TRACK,-3.843,-0.375,-1.023,-1.806,6.574,0.81,true,false
19.7,591,simulation,269.452,114.74,269,114,,,1,TRACK,-3.875,-0.435,-0.968,-1.789,6.829,0.79,true,false
19.733,592,simulation,271.417,115.913,271,116,,,1,TRACK,-3.906,-0.493,-0.944,-1.748,6.755,1.14,true,false
19.767,593,simulation,273.414,117.118,273,117,,,1,TRACK,-3.937,-0.551,-0.92,-1.74,6.748,0.88,true,false
19.8,594,simulation,275.44,118.538,275,118,,,1,TRACK,-3.967,-0.609,-0.895,-1.731,6.964,0.78,true,false
19.833,595,simulation,277.494,120.183,277,119,,,1,TRACK,-3.996,-0.666,-0.869,-1.722,7.412,0.8,true,false
19.867,596,simulation,279.575,122.063,279,122,,,1,TRACK,-4.024,-0.722,-0.844,-1.66,7.485,0.79,true,false
19.9,597,simulation,281.681,123.903,281,123,,,1,TRACK,-4.051,-0.777,-0.818,-1.659,7.735,0.81,true,false
19.933,598,simulation,283.813,126.038,283,125,,,1,TRACK,-4.078,-0.831,-0.792,-1.629,8.098,0.79,true,false
19.967,599,simulation,285.971,128.32,285,128,,,1,TRACK,-4.103,-0.884,-0.766,-1.574,8.185,2,true,false
20,600,simulation,288.155,130.628,288,130,,,1,TRACK,-4.127,-0.936,-0.713,-1.551,8.201,0.8,true,false
20.033,601,simulation,290.222,133.14,289,133,,,1,TRACK,-4.151,-0.986,-0.717,-1.502,8.234,0.81,true,false
20.067,602,simulation,292.477,135.72,292,136,,,1,TRACK,-4.173,-1.034,-0.663,-1.456,8.064,0.78,true,false
20.1,603,simulation,294.608,138.394,294,137,,,1,TRACK,-4.194,-1.083,-0.639,-1.466,8.457,4.98,true,false
20.133,604,simulation,296.781,141.466,296,141,,,1,TRACK,-4.215,-1.129,-0.615,-1.389,8.656,0.79,true,false
20.167,605,simulation,298.99,144.483,298,144,,,1,TRACK,-4.234,-1.174,-0.589,-1.347,8.733,0.8,true,false
20.2,606,simulation,301.231,147.634,300,147,,,1,TRACK,-4.25,-1.218,-0.563,-1.306,8.893,0.81,true,false
20.233,607,simulation,302.999,150.929,302,151,,,1,TRACK,-4.25,-1.259,-0.537,-1.239,8.672,0.82,true,false
20.267,608,simulation,302.433,154.236,302,153,,,1,TRACK,-4.25,-1.3,-0.564,-1.23,8.532,0.81,true,false
20.3,609,simulation,302.034,157.865,302,157,,,1,TRACK,-4.25,-1.339,-0.582,-1.163,8.731,1.12,true,false
20.333,610,simulation,301.805,161.51,301,161,,,1,TRACK,-4.25,-1.376,-0.622,-1.1,8.763,0.82,true,false
20.367,611,simulation,301.743,165.2,301,165,,,1,TRACK,-4.25,-1.41,-0.628,-1.04,8.651,0.86,true,false
20.4,612,simulation,301.85,168.952,301,169,,,1,TRACK,-4.25,-1.443,-0.632,-0.982,8.455,0.9,true,false
20.433,613,simulation,302.125,172.779,302,172,,,1,TRACK,-4.25,-1.475,-0.609,-0.952,8.602,0.82,true,false
20.467,614,simulation,302.569,176.831,302,176,,,1,TRACK,-4.25,-1.504,-0.615,-0.892,8.773,0.86,true,false
20.5,615,simulation,303.181,180.953,303,181,,,1,TRACK,-4.25,-1.531,-0.594,-0.807,8.585,0.8,true,false
20.533,616,simulation,303.961,185.012,303,185,,,1,TRACK,-4.25,-1.556,-0.601,-0.754,8.344,1.98,true,false
20.567,617,simulation,304.909,189.177,304,189,,,1,TRACK,-4.25,-1.58,-0.581,-0.701,8.26,0.79,true,false
20.6,618,simulation,306.024,193.446,306,193,,,1,TRACK,-4.25,-1.601,-0.536,-0.647,8.311,5.77,true,false
20.633,619,simulation,307.306,197.815,307,197,,,1,TRACK,-4.25,-1.621,-0.523,-0.593,8.483,2.03,true,false
20.667,620,simulation,308.755,202.281,308,201,,,1,TRACK,-4.25,-1.639,-0.51,-0.538,8.783,0.82,true,false
20.7,621,simulation,310.37,206.842,310,206,,,1,TRACK,-4.25,-1.654,-0.47,-0.457,8.853,0.84,true,false
20.733,622,simulation,312.151,211.352,312,211,,,1,TRACK,-4.25,-1.667,-0.434,-0.379,8.653,0.8,true,false
20.767,623,simulation,314.097,215.828,314,216,,,1,TRACK,-4.25,-1.677,-0.401,-0.304,8.283,0.79,true,false
20.8,624,simulation,316.207,220.279,316,219,,,1,TRACK,-4.25,-1.687,-0.369,-0.283,8.469,0.8,true,false
20.833,625,simulation,318.481,224.994,318,225,,,1,TRACK,-4.25,-1.692,-0.339,-0.176,8.344,0.78,true,false
20.867,626,simulation,320.918,229.507,320,229,,,1,TRACK,-4.25,-1.697,-0.309,-0.13,8.324,0.8,true,false
20.9,627,simulation,323.518,234.135,323,233,,,1,TRACK,-4.25,-1.699,-0.253,-0.08,8.533,0.98,true,false
20.933,628,simulation,326.279,238.856,326,238,,,1,TRACK,-4.25,-1.699,-0.201,-0.001,8.602,0.77,true,false
20.967,629,simulation,329.2,243.511,329,243,,,1,TRACK,-4.25,-1.697,-0.153,0.075,8.476,0.79,true,false
21,630,simulation,332.281,248.108,332,248,,,1,TRACK,-4.25,-1.692,-0.105,0.15,8.236,0.87,true,false
21.033,631,simulation,335.521,252.647,335,252,,,1,TRACK,-4.25,-1.685,-0.06,0.197,8.238,0.78,true,false
21.067,632,simulation,338.918,257.268,338,257,,,1,TRACK,-4.25,-1.676,-0.015,0.274,8.251,0.8,true,false
21.1,633,simulation,342.472,261.806,342,261,,,1,TRACK,-4.248,-1.665,0.057,0.323,8.299,0.81,true,false
21.133,634,simulation,345.879,266.402,346,265,,,1,TRACK,-4.244,-1.653,0.123,0.375,8.321,0.79,true,false
21.167,635,simulation,349.083,271.033,349,270,,,1,TRACK,-4.239,-1.638,0.161,0.455,8.166,1.14,true,false
21.2,636,simulation,352.24,275.538,352,275,,,1,TRACK,-4.232,-1.62,0.201,0.533,7.805,0.84,true,false
21.233,637,simulation,355.337,279.921,355,279,,,1,TRACK,-4.224,-1.601,0.242,0.583,7.547,0.8,true,false
21.267,638,simulation,358.365,284.323,358,284,,,1,TRACK,-4.214,-1.578,0.284,0.662,7.147,0.79,true,false
21.3,639,simulation,361.318,288.577,361,289,,,1,TRACK,-4.204,-1.554,0.327,0.739,6.5,0.77,true,false
21.333,640,simulation,364.189,292.683,364,293,,,1,TRACK,-4.191,-1.528,0.37,0.789,5.917,0.77,true,false
21.367,641,simulation,366.975,296.779,367,296,,,1,TRACK,-4.177,-1.5,0.414,0.815,5.723,0.76,true,false
21.4,642,simulation,369.672,300.979,369,300,,,1,TRACK,-4.163,-1.471,0.431,0.874,5.766,0.78,true,false
21.433,643,simulation,372.419,305.098,372,304,,,1,TRACK,-4.147,-1.44,0.48,0.933,5.724,0.76,true,false
21.467,644,simulation,375.048,309.123,375,308,,,1,TRACK,-4.129,-1.407,0.527,0.992,5.524,0.77,true,false
21.5,645,simulation,377.566,313.041,377,312,,,1,TRACK,-4.111,-1.372,0.547,1.052,5.315,0.78,true,false
21.533,646,simulation,380.114,316.838,380,317,,,1,TRACK,-4.091,-1.334,0.597,1.138,4.654,0.79,true,false
21.567,647,simulation,382.531,320.36,382,319,,,1,TRACK,-4.071,-1.296,0.619,1.141,4.495,0.77,true,false
21.6,648,simulation,384.966,324.039,384,323,,,1,TRACK,-4.049,-1.256,0.644,1.206,4.435,0.76,true,false
21.633,649,simulation,387.399,327.529,387,327,,,1,TRACK,-4.026,-1.214,0.697,1.27,4.023,0.78,true,false
21.667,650,simulation,389.677,330.826,389,330,,,1,TRACK,-4.002,-1.17,0.722,1.306,3.694,0.78,true,false
21.7,651,simulation,391.953,334.063,391,333,,,1,TRACK,-3.977,-1.125,0.748,1.346,3.535,0.77,true,false
21.733,652,simulation,394.214,337.21,393,337,,,1,TRACK,-3.951,-1.078,0.777,1.414,3.172,0.77,true,false
21.767,653,simulation,396.447,340.098,396,339,,,1,TRACK,-3.923,-1.03,0.833,1.427,2.864,0.79,true,false
21.8,654,simulation,398.505,343.01,398,343,,,1,TRACK,-3.895,-0.98,0.859,1.5,2.306,0.76,true,false
21.833,655,simulation,400.543,345.616,400,345,,,1,TRACK,-3.865,-0.93,0.887,1.516,1.922,0.8,true,false
21.867,656,simulation,402.549,348.203,402,348,,,1,TRACK,-3.835,-0.878,0.916,1.564,1.535,0.79,true,false
21.9,657,simulation,404.515,350.588,404,350,,,1,TRACK,-3.803,-0.825,0.947,1.585,1.247,0.78,true,false
21.933,658,simulation,406.433,352.897,405,352,,,1,TRACK,-3.771,-0.771,0.951,1.61,1.312,0.78,true,false
21.967,659,simulation,408.44,355.098,408,354,,,1,TRACK,-3.738,-0.717,1.013,1.638,1.137,0.77,true,false
22,660,simulation,410.226,357.161,410,357,,,1,TRACK,-3.703,-0.66,1.043,1.694,0.65,0.77,true,false
22.033,661,simulation,411.956,358.921,411,359,,,1,TRACK,-3.668,-0.603,1.048,1.721,0.752,0.78,true,false
22.067,662,simulation,413.767,360.521,413,360,,,1,TRACK,-3.632,-0.545,1.083,1.724,0.942,0.79,true,false
22.1,663,simulation,415.49,362.075,415,361,,,1,TRACK,-3.595,-0.488,1.118,1.732,0.875,0.77,true,false
22.133,664,simulation,417.129,363.542,416,363,,,1,TRACK,-3.557,-0.429,1.125,1.77,1.114,0.77,true,false
22.167,665,simulation,418.825,364.746,418,365,,,1,TRACK,-3.518,-0.368,1.163,1.807,1.658,0.76,true,false
22.2,666,simulation,420.415,365.681,420,365,,,1,TRACK,-3.478,-0.309,1.199,1.789,1.856,0.78,true,false
22.233,667,simulation,421.905,366.621,422,366,,,1,TRACK,-3.437,-0.249,1.234,1.806,2.007,0.78,true,false
22.267,668,simulation,423.297,367.372,423,367,,,1,TRACK,-3.396,-0.188,1.242,1.824,2.323,0.78,true,false
22.3,669,simulation,424.734,367.916,424,367,,,1,TRACK,-3.354,-0.127,1.253,1.815,2.449,0.76,true,false
22.333,670,simulation,426.194,368.377,426,368,,,1,TRACK,-3.311,-0.066,1.294,1.838,2.762,0.78,true,false
22.367,671,simulation,427.52,368.577,427,369,,,1,TRACK,-3.267,-0.004,1.305,1.86,3.382,0.79,true,false
22.4,672,simulation,428.864,368.508,429,368,,,1,TRACK,-3.223,0.057,1.346,1.828,3.673,0.76,true,false
22.433,673,simulation,430.068,368.443,430,368,,,1,TRACK,-3.177,0.118,1.357,1.83,3.865,0.79,true,false
22.467,674,simulation,431.283,368.189,430,368,,,1,TRACK,-3.133,0.179,1.345,1.833,4.092,0.78,true,false
22.5,675,simulation,432.635,367.727,432,367,,,1,TRACK,-3.086,0.239,1.391,1.811,4.196,0.77,true,false
22.533,676,simulation,433.809,367.183,434,367,,,1,TRACK,-3.038,0.3,1.434,1.819,4.518,0.76,true,false
22.567,677,simulation,434.823,366.38,434,366,,,1,TRACK,-2.991,0.36,1.42,1.8,4.767,0.78,true,false
22.6,678,simulation,435.971,365.453,436,365,,,1,TRACK,-2.942,0.42,1.465,1.784,4.985,0.8,true,false
22.633,679,simulation,436.937,364.373,437,364,,,1,TRACK,-2.893,0.479,1.481,1.771,5.246,0.78,true,false
22.667,680,simulation,437.878,363.117,438,362,,,1,TRACK,-2.843,0.536,1.497,1.732,5.263,0.77,true,false
22.7,681,simulation,438.784,361.808,438,361,,,1,TRACK,-2.793,0.594,1.488,1.725,5.294,0.78,true,false
22.733,682,simulation,439.789,360.268,439,360,,,1,TRACK,-2.743,0.651,1.511,1.717,5.585,0.76,true,false
22.767,683,simulation,440.725,358.49,440,358,,,1,TRACK,-2.692,0.707,1.532,1.683,5.835,0.78,true,false
22.8,684,simulation,441.591,356.609,441,356,,,1,TRACK,-2.64,0.762,1.553,1.651,5.997,0.78,true,false
22.833,685,simulation,442.388,354.595,441,354,,,1,TRACK,-2.589,0.816,1.547,1.623,6.115,0.78,true,false
22.867,686,simulation,443.256,352.428,443,352,,,1,TRACK,-2.535,0.869,1.598,1.596,6.345,0.81,true,false
22.9,687,simulation,443.89,350.09,444,350,,,1,TRACK,-2.481,0.922,1.617,1.57,6.722,0.78,true,false
22.933,688,simulation,444.456,347.567,444,348,,,1,TRACK,-2.428,0.973,1.61,1.545,7.192,0.79,true,false
22.967,689,simulation,445.091,344.848,444,344,,,1,TRACK,-2.374,1.022,1.606,1.467,7.112,0.77,true,false
23,690,simulation,445.77,342.207,445,341,,,1,TRACK,-2.32,1.07,1.633,1.424,6.843,0.78,true,false
23.033,691,simulation,446.333,339.453,446,339,,,1,TRACK,-2.265,1.117,1.657,1.408,6.967,4.18,true,false
23.067,692,simulation,446.788,336.428,446,336,,,1,TRACK,-2.209,1.162,1.654,1.364,7.164,0.77,true,false
23.1,693,simulation,447.281,333.285,447,333,,,1,TRACK,-2.153,1.206,1.68,1.321,7.389,0.79,true,false
23.133,694,simulation,447.651,330.007,448,329,,,1,TRACK,-2.097,1.248,1.704,1.253,7.4,0.78,true,false
23.167,695,simulation,447.904,326.725,447,326,,,1,TRACK,-2.041,1.288,1.674,1.217,7.362,0.78,true,false
23.2,696,simulation,448.327,323.267,448,323,,,1,TRACK,-1.984,1.328,1.704,1.179,7.558,0.77,true,false
23.233,697,simulation,448.598,319.634,448,320,,,1,TRACK,-1.927,1.366,1.704,1.141,7.952,0.77,true,false
23.267,698,simulation,448.87,315.825,448,315,,,1,TRACK,-1.87,1.401,1.706,1.05,7.863,0.79,true,false
23.3,699,simulation,449.132,312.123,448,312,,,1,TRACK,-1.813,1.435,1.709,1.019,7.885,0.78,true,false
23.333,700,simulation,449.373,308.202,449,307,,,1,TRACK,-1.755,1.466,1.74,0.932,7.678,0.77,true,false
23.367,701,simulation,449.444,304.357,449,303,,,1,TRACK,-1.697,1.495,1.741,0.878,7.395,0.78,true,false
23.4,702,simulation,449.501,300.416,449,300,,,1,TRACK,-1.639,1.523,1.744,0.85,7.51,0.79,true,false
23.433,703,simulation,449.533,296.235,449,295,,,1,TRACK,-1.581,1.549,1.747,0.765,7.418,0.78,true,false
23.467,704,simulation,449.531,292.117,449,291,,,1,TRACK,-1.523,1.573,1.752,0.712,7.295,0.77,true,false
23.5,705,simulation,449.487,287.895,449,287,,,1,TRACK,-1.464,1.594,1.757,0.658,7.301,0.78,true,false
23.533,706,simulation,449.395,283.571,449,283,,,1,TRACK,-1.405,1.615,1.762,0.604,7.429,0.79,true,false
23.567,707,simulation,449.251,279.148,449,279,,,1,TRACK,-1.346,1.633,1.768,0.549,7.677,0.81,true,false
23.6,708,simulation,449.051,274.63,448,274,,,1,TRACK,-1.288,1.649,1.747,0.468,7.627,0.77,true,false
23.633,709,simulation,448.931,270.163,448,269,,,1,TRACK,-1.23,1.662,1.757,0.39,7.324,0.78,true,false
23.667,710,simulation,448.726,265.728,448,265,,,1,TRACK,-1.171,1.673,1.765,0.342,7.208,0.78,true,false
23.7,711,simulation,448.44,261.176,448,260,,,1,TRACK,-1.112,1.682,1.773,0.264,7.042,0.79,true,false
23.733,712,simulation,448.073,256.662,448,256,,,1,TRACK,-1.052,1.689,1.781,0.216,7.064,0.78,true,false
23.767,713,simulation,447.625,252.038,447,252,,,1,TRACK,-0.994,1.694,1.761,0.164,7.253,0.78,true,false
23.8,714,simulation,447.237,247.321,447,247,,,1,TRACK,-0.935,1.697,1.772,0.085,7.319,0.77,true,false
23.833,715,simulation,446.745,242.667,447,242,,,1,TRACK,-0.875,1.698,1.781,0.008,7.235,0.78,true,false
23.867,716,simulation,446.154,238.067,446,237,,,1,TRACK,-0.816,1.695,1.762,-0.067,6.946,0.81,true,false
23.9,717,simulation,445.608,233.517,445,233,,,1,TRACK,-0.758,1.692,1.747,-0.114,6.766,0.79,true,false
23.933,718,simulation,445.086,228.876,444,228,,,1,TRACK,-0.7,1.685,1.734,-0.191,6.475,0.79,true,false
23.967,719,simulation,444.575,224.311,444,223,,,1,TRACK,-0.642,1.676,1.749,-0.267,6.098,0.78,true,false
24,720,simulation,443.921,219.818,444,220,,,1,TRACK,-0.583,1.667,1.762,-0.288,6.328,0.78,true,false
24.033,721,simulation,443.136,215.117,442,214,,,1,TRACK,-0.526,1.653,1.719,-0.396,6.041,0.78,true,false
24.067,722,simulation,442.514,210.678,442,210,,,1,TRACK,-0.468,1.639,1.735,-0.444,5.806,0.77,true,false
24.1,723,simulation,441.732,206.192,441,206,,,1,TRACK,-0.411,1.622,1.722,-0.495,5.794,0.77,true,false
24.133,724,simulation,440.948,201.684,441,201,,,1,TRACK,-0.353,1.603,1.737,-0.575,5.707,0.77,true,false
24.167,725,simulation,440.009,197.317,439,197,,,1,TRACK,-0.296,1.582,1.696,-0.627,5.527,0.77,true,false
24.2,726,simulation,439.211,192.946,438,193,,,1,TRACK,-0.24,1.559,1.687,-0.681,5.413,0.77,true,false
24.233,727,simulation,438.378,188.596,437,188,,,1,TRACK,-0.184,1.534,1.679,-0.763,5.073,0.78,true,false
24.267,728,simulation,437.509,184.426,437,184,,,1,TRACK,-0.128,1.507,1.697,-0.815,4.861,0.76,true,false
24.3,729,simulation,436.456,180.292,436,180,,,1,TRACK,-0.072,1.478,1.684,-0.87,4.766,0.77,true,false
24.333,730,simulation,435.382,176.216,434,176,,,1,TRACK,-0.017,1.447,1.646,-0.927,4.525,0.78,true,false
24.367,731,simulation,434.418,172.217,434,171,,,1,TRACK,0.039,1.413,1.666,-1.011,4.101,0.78,true,false
24.4,732,simulation,433.252,168.455,433,168,,,1,TRACK,0.094,1.379,1.655,-1.039,3.987,0.79,true,false
24.433,733,simulation,432.05,164.641,432,164,,,1,TRACK,0.149,1.342,1.645,-1.099,3.935,0.76,true,false
24.467,734,simulation,430.803,160.959,430,160,,,1,TRACK,0.203,1.303,1.609,-1.159,3.589,0.79,true,false
24.5,735,simulation,429.649,157.423,430,156,,,1,TRACK,0.257,1.263,1.63,-1.22,3.415,0.79,true,false
24.533,736,simulation,428.28,154.047,428,154,,,1,TRACK,0.31,1.222,1.592,-1.227,3.459,0.78,true,false
24.567,737,simulation,427.002,150.558,426,151,,,1,TRACK,0.362,1.179,1.56,-1.269,3.37,0.77,true,false
24.6,738,simulation,425.79,147.155,425,146,,,1,TRACK,0.414,1.134,1.557,-1.365,2.933,0.79,true,false
24.633,739,simulation,424.483,144.143,424,144,,,1,TRACK,0.466,1.088,1.552,-1.375,2.806,0.77,true,false
24.667,740,simulation,423.091,141.074,423,141,,,1,TRACK,0.517,1.041,1.545,-1.419,2.902,0.78,true,false
24.7,741,simulation,421.616,138.142,421,137,,,1,TRACK,0.567,0.991,1.512,-1.491,2.669,0.77,true,false
24.733,742,simulation,420.204,135.507,419,135,,,1,TRACK,0.617,0.941,1.481,-1.506,2.309,0.78,true,false
24.767,743,simulation,418.835,132.883,418,132,,,1,TRACK,0.666,0.889,1.479,-1.553,2.147,0.76,true,false
24.8,744,simulation,417.353,130.456,416,130,,,1,TRACK,0.714,0.837,1.449,-1.574,1.954,0.77,true,false
24.833,745,simulation,415.912,128.099,416,127,,,1,TRACK,0.763,0.782,1.473,-1.626,2.322,0.77,true,false
24.867,746,simulation,414.212,125.987,414,126,,,1,TRACK,0.811,0.728,1.439,-1.623,2.588,0.78,true,false
24.9,747,simulation,412.571,123.845,412,123,,,1,TRACK,0.858,0.672,1.407,-1.68,2.677,0.75,true,false
24.933,748,simulation,410.966,122.009,411,121,,,1,TRACK,0.905,0.615,1.405,-1.708,3.01,1.07,true,false
24.967,749,simulation,409.242,120.334,409,120,,,1,TRACK,0.951,0.558,1.374,-1.711,3.161,0.77,true,false
25,750,simulation,407.551,118.704,407,119,,,1,TRACK,0.996,0.501,1.345,-1.719,3.039,28.29,true,false
25.033,751,simulation,405.879,117.159,406,117,,,1,TRACK,1.041,0.442,1.344,-1.758,3.221,0.8,true,false
25.067,752,simulation,404.075,115.874,404,115,,,1,TRACK,1.084,0.383,1.314,-1.795,3.579,6.77,true,false
25.1,753,simulation,402.292,114.856,401,115,,,1,TRACK,1.126,0.323,1.259,-1.778,3.393,0.79,true,false
25.133,754,simulation,400.662,113.83,400,113,,,1,TRACK,1.168,0.263,1.262,-1.821,3.578,0.78,true,false
25.167,755,simulation,398.872,113.132,398,113,,,1,TRACK,1.21,0.202,1.235,-1.808,3.708,0.76,true,false
25.2,756,simulation,397.085,112.474,396,112,,,1,TRACK,1.25,0.141,1.208,-1.828,3.855,0.78,true,false
25.233,757,simulation,395.293,112.045,395,111,,,1,TRACK,1.29,0.08,1.209,-1.848,4.363,0.8,true,false
25.267,758,simulation,393.351,111.858,393,111,,,1,TRACK,1.329,0.018,1.179,-1.841,4.802,0.78,true,false
25.3,759,simulation,391.417,111.784,391,111,,,1,TRACK,1.368,-0.043,1.152,-1.838,5.095,0.79,true,false
25.333,760,simulation,389.483,111.857,389,112,,,1,TRACK,1.405,-0.103,1.125,-1.811,5.057,5.07,true,false
25.367,761,simulation,387.541,111.963,387,112,,,1,TRACK,1.442,-0.164,1.098,-1.817,5.036,1.63,true,false
25.4,762,simulation,385.586,112.286,385,112,,,1,TRACK,1.478,-0.225,1.072,-1.823,5.207,0.85,true,false
25.433,763,simulation,383.616,112.838,384,112,,,1,TRACK,1.513,-0.285,1.073,-1.828,5.731,0.77,true,false
25.467,764,simulation,381.486,113.632,381,113,,,1,TRACK,1.547,-0.346,1.017,-1.807,6.049,4.84,true,false
25.5,765,simulation,379.498,114.537,379,114,,,1,TRACK,1.581,-0.405,0.993,-1.79,6.221,0.77,true,false
25.533,766,simulation,377.482,115.585,377,115,,,1,TRACK,1.613,-0.465,0.969,-1.776,6.409,0.79,true,false
25.567,767,simulation,375.438,116.802,375,116,,,1,TRACK,1.644,-0.523,0.944,-1.763,6.676,0.77,true,false
25.6,768,simulation,373.368,118.208,373,118,,,1,TRACK,1.675,-0.581,0.919,-1.725,6.755,0.76,true,false
25.633,769,simulation,371.271,119.678,371,119,,,1,TRACK,1.705,-0.638,0.894,-1.719,6.962,0.78,true,false
25.667,770,simulation,369.147,121.388,368,121,,,1,TRACK,1.733,-0.694,0.842,-1.685,7.031,0.82,true,false
25.7,771,simulation,367.139,123.203,367,123,,,1,TRACK,1.761,-0.749,0.847,-1.654,7.109,0.76,true,false
25.733,772,simulation,364.941,125.15,364,125,,,1,TRACK,1.787,-0.804,0.793,-1.626,7.138,0.78,true,false
25.767,773,simulation,362.865,127.251,362,127,,,1,TRACK,1.813,-0.857,0.77,-1.599,7.222,4.6,true,false
25.8,774,simulation,360.746,129.522,360,129,,,1,TRACK,1.838,-0.909,0.746,-1.573,7.442,0.78,true,false
25.833,775,simulation,358.589,131.976,358,132,,,1,TRACK,1.862,-0.96,0.722,-1.522,7.494,0.78,true,false
25.867,776,simulation,356.398,134.484,356,134,,,1,TRACK,1.885,-1.01,0.697,-1.501,7.692,0.77,true,false
25.9,777,simulation,354.175,137.216,353,137,,,1,TRACK,1.907,-1.059,0.645,-1.453,7.775,0.8,true,false
25.933,778,simulation,352.063,140.034,352,139,,,1,TRACK,1.928,-1.106,0.649,-1.434,8.159,0.77,true,false
25.967,779,simulation,349.76,143.102,349,143,,,1,TRACK,1.948,-1.152,0.595,-1.361,8.196,0.79,true,false
26,780,simulation,347.577,146.133,347,145,,,1,TRACK,1.967,-1.197,0.572,-1.347,8.471,0.83,true,false
26.033,781,simulation,345.35,149.452,345,148,,,1,TRACK,1.986,-1.24,0.548,-1.303,8.91,0.78,true,false
26.067,782,simulation,343.085,152.903,342,152,,,1,TRACK,2.002,-1.281,0.496,-1.235,9.013,0.78,true,false
26.1,783,simulation,340.929,156.358,341,156,,,1,TRACK,2.019,-1.32,0.501,-1.171,8.899,0.83,true,false
26.133,784,simulation,338.579,159.847,338,159,,,1,TRACK,2.034,-1.358,0.446,-1.137,8.927,0.79,true,false
26.167,785,simulation,336.349,163.533,336,163,,,1,TRACK,2.048,-1.394,0.423,-1.075,8.91,0.78,true,false
26.2,786,simulation,334.076,167.268,333,167,,,1,TRACK,2.06,-1.428,0.372,-1.015,8.742,0.79,true,false
26.233,787,simulation,331.908,171.07,331,170,,,1,TRACK,2.072,-1.461,0.35,-0.984,8.877,0.78,true,false
26.267,788,simulation,329.688,175.091,330,175,,,1,TRACK,2.084,-1.491,0.353,-0.897,8.797,0.78,true,false
26.3,789,simulation,327.283,179.035,327,178,,,1,TRACK,2.093,-1.52,0.298,-0.869,8.931,0.77,true,false
26.333,790,simulation,325.005,183.218,324,183,,,1,TRACK,2.102,-1.546,0.246,-0.785,8.791,8.7,true,false
26.367,791,simulation,322.833,187.336,323,187,,,1,TRACK,2.11,-1.57,0.251,-0.731,8.685,0.78,true,false
26.4,792,simulation,320.466,191.56,320,191,,,1,TRACK,2.117,-1.593,0.197,-0.678,8.68,0.86,true,false
26.433,793,simulation,318.222,195.885,317,196,,,1,TRACK,2.122,-1.613,0.147,-0.597,8.409,0.77,true,false
26.467,794,simulation,316.08,200.168,316,200,,,1,TRACK,2.127,-1.631,0.152,-0.546,8.276,0.77,true,false
26.5,795,simulation,313.743,204.567,313,204,,,1,TRACK,2.13,-1.647,0.098,-0.494,8.323,0.78,true,false
26.533,796,simulation,311.53,209.073,311,209,,,1,TRACK,2.132,-1.661,0.074,-0.415,8.202,1.02,true,false
26.567,797,simulation,309.278,213.536,309,213,,,1,TRACK,2.134,-1.673,0.048,-0.365,8.2,0.8,true,false
26.6,798,simulation,306.996,218.111,307,218,,,1,TRACK,2.135,-1.683,0.022,-0.286,8.091,0.77,true,false
26.633,799,simulation,304.692,222.642,304,222,,,1,TRACK,2.134,-1.691,-0.032,-0.237,8.074,0.77,true,false
26.667,800,simulation,302.51,227.282,302,227,,,1,TRACK,2.132,-1.696,-0.055,-0.159,7.958,0.78,true,false
26.7,801,simulation,300.293,231.873,300,231,,,1,TRACK,2.129,-1.7,-0.081,-0.11,7.999,0.76,true,false
26.733,802,simulation,298.05,236.563,297,236,,,1,TRACK,2.125,-1.701,-0.134,-0.032,7.91,0.78,true,false
26.767,803,simulation,295.929,241.194,295,241,,,1,TRACK,2.119,-1.699,-0.158,0.044,7.633,0.78,true,false
26.8,804,simulation,293.774,245.771,293,245,,,1,TRACK,2.113,-1.696,-0.183,0.092,7.557,0.8,true,false
26.833,805,simulation,291.596,250.438,291,250,,,1,TRACK,2.106,-1.691,-0.21,0.17,7.409,0.76,true,false
26.867,806,simulation,289.401,255.03,289,254,,,1,TRACK,2.098,-1.683,-0.237,0.219,7.412,2.69,true,false
26.9,807,simulation,287.197,259.691,286,259,,,1,TRACK,2.089,-1.673,-0.292,0.297,7.283,0.76,true,false
26.933,808,simulation,285.129,264.258,285,264,,,1,TRACK,2.079,-1.661,-0.29,0.373,6.956,0.8,true,false
26.967,809,simulation,282.897,268.733,282,268,,,1,TRACK,2.067,-1.647,-0.347,0.422,6.777,0.77,true,false
27,810,simulation,280.814,273.256,280,272,,,1,TRACK,2.055,-1.631,-0.374,0.473,6.817,31.46,true,false
27.033,811,simulation,278.72,277.803,278,277,,,1,TRACK,2.041,-1.613,-0.401,0.554,6.669,0.83,true,false
27.067,812,simulation,276.622,282.209,276,282,,,1,TRACK,2.027,-1.592,-0.429,0.632,6.236,0.78,true,false
27.1,813,simulation,274.525,286.48,274,286,,,1,TRACK,2.012,-1.569,-0.458,0.682,5.904,0.8,true,false
27.133,814,simulation,272.435,290.754,272,290,,,1,TRACK,1.996,-1.544,-0.488,0.735,5.737,0.78,true,false
27.167,815,simulation,270.354,295.006,270,294,,,1,TRACK,1.978,-1.518,-0.518,0.789,5.66,0.86,true,false
27.2,816,simulation,268.288,299.214,267,299,,,1,TRACK,1.959,-1.489,-0.574,0.872,5.272,0.82,true,false
27.233,817,simulation,266.379,303.218,266,302,,,1,TRACK,1.94,-1.459,-0.574,0.899,5.182,0.79,true,false
27.267,818,simulation,264.327,307.306,264,306,,,1,TRACK,1.92,-1.427,-0.605,0.959,5.177,0.84,true,false
27.3,819,simulation,262.304,311.292,262,310,,,1,TRACK,1.899,-1.393,-0.637,1.018,5.074,0.8,true,false
27.333,820,simulation,260.309,315.164,260,315,,,1,TRACK,1.876,-1.356,-0.668,1.104,4.524,0.78,true,false
27.367,821,simulation,258.344,318.768,258,318,,,1,TRACK,1.853,-1.318,-0.699,1.134,4.147,2.1,true,false
27.4,822,simulation,256.411,322.393,256,322,,,1,TRACK,1.829,-1.279,-0.731,1.195,3.76,0.84,true,false
27.433,823,simulation,254.511,325.858,254,326,,,1,TRACK,1.803,-1.237,-0.762,1.256,3.193,0.78,true,false
27.467,824,simulation,252.645,329.15,252,329,,,1,TRACK,1.777,-1.194,-0.793,1.291,2.78,0.9,true,false
27.5,825,simulation,250.817,332.399,251,332,,,1,TRACK,1.75,-1.149,-0.798,1.329,2.53,0.77,true,false
27.533,826,simulation,248.887,335.572,248,335,,,1,TRACK,1.722,-1.104,-0.86,1.37,2.369,5.27,true,false
27.567,827,simulation,247.162,338.64,247,339,,,1,TRACK,1.693,-1.056,-0.863,1.44,1.867,0.8,true,false
27.6,828,simulation,245.332,341.438,245,341,,,1,TRACK,1.663,-1.007,-0.898,1.454,1.603,0.8,true,false
27.633,829,simulation,243.566,344.251,243,344,,,1,TRACK,1.632,-0.957,-0.932,1.5,1.394,0.77,true,false
27.667,830,simulation,241.86,346.889,241,346,,,1,TRACK,1.6,-0.907,-0.965,1.52,1.405,0.8,true,false
27.7,831,simulation,240.214,349.48,240,349,,,1,TRACK,1.567,-0.854,-0.971,1.571,1.198,0.8,true,false
27.733,832,simulation,238.486,351.846,238,352,,,1,TRACK,1.534,-0.8,-1.007,1.621,0.796,0.77,true,false
27.767,833,simulation,236.84,353.978,237,353,,,1,TRACK,1.5,-0.746,-1.016,1.617,0.602,0.81,true,false
27.8,834,simulation,235.13,356.149,235,355,,,1,TRACK,1.465,-0.691,-1.054,1.647,0.572,0.77,true,false
27.833,835,simulation,233.514,358.166,233,358,,,1,TRACK,1.429,-0.635,-1.09,1.705,0.532,0.79,true,false
27.867,836,simulation,231.986,359.864,231,360,,,1,TRACK,1.391,-0.577,-1.125,1.733,1.032,0.92,true,false
27.9,837,simulation,230.542,361.389,230,361,,,1,TRACK,1.353,-0.519,-1.133,1.736,1.334,0.8,true,false
27.933,838,simulation,229.037,362.859,228,362,,,1,TRACK,1.314,-0.461,-1.171,1.744,1.545,0.79,true,false
27.967,839,simulation,227.635,364.233,227,364,,,1,TRACK,1.275,-0.401,-1.18,1.783,1.815,23.34,true,false
28,840,simulation,226.188,365.335,226,365,,,1,TRACK,1.235,-0.342,-1.192,1.793,2.001,0.84,true,false
28.033,841,simulation,224.713,366.301,224,366,,,1,TRACK,1.194,-0.281,-1.233,1.807,2.301,0.79,true,false
28.067,842,simulation,223.364,367.103,223,367,,,1,TRACK,1.153,-0.221,-1.245,1.822,2.628,0.81,true,false
28.1,843,simulation,221.99,367.716,222,367,,,1,TRACK,1.111,-0.16,-1.259,1.813,2.704,0.87,true,false
28.133,844,simulation,220.605,368.26,220,368,,,1,TRACK,1.067,-0.099,-1.301,1.834,2.991,0.78,true,false
28.167,845,simulation,219.361,368.556,219,368,,,1,TRACK,1.023,-0.038,-1.314,1.829,3.226,0.85,true,false
28.2,846,simulation,218.103,368.735,217,368,,,1,TRACK,0.978,0.023,-1.355,1.827,3.466,0.89,true,false
28.233,847,simulation,216.987,368.765,216,368,,,1,TRACK,0.933,0.084,-1.367,1.828,3.71,5.2,true,false
28.267,848,simulation,215.861,368.621,216,369,,,1,TRACK,0.888,0.146,-1.355,1.856,4.138,0.81,true,false
28.3,849,simulation,214.597,368.14,214,368,,,1,TRACK,0.841,0.207,-1.401,1.829,4.515,0.77,true,false
28.333,850,simulation,213.51,367.607,213,367,,,1,TRACK,0.794,0.267,-1.416,1.808,4.647,0.8,true,false
28.367,851,simulation,212.439,366.98,212,366,,,1,TRACK,0.746,0.327,-1.433,1.79,4.635,0.79,true,false
28.4,852,simulation,211.394,366.226,211,366,,,1,TRACK,0.698,0.387,-1.451,1.802,4.905,0.82,true,false
28.433,853,simulation,210.381,365.176,209,365,,,1,TRACK,0.648,0.446,-1.495,1.786,5.367,0.82,true,false
28.467,854,simulation,209.548,363.973,209,364,,,1,TRACK,0.598,0.505,-1.483,1.772,5.742,0.79,true,false
28.5,855,simulation,208.595,362.592,208,362,,,1,TRACK,0.548,0.563,-1.503,1.733,5.845,0.81,true,false
28.533,856,simulation,207.697,361.155,207,361,,,1,TRACK,0.497,0.62,-1.523,1.725,6.064,0.8,true,false
28.567,857,simulation,206.854,359.484,206,359,,,1,TRACK,0.446,0.677,-1.543,1.691,6.239,0.78,true,false
28.6,858,simulation,206.071,357.713,206,358,,,1,TRACK,0.395,0.733,-1.536,1.687,6.542,12.67,true,false
28.633,859,simulation,205.206,355.672,205,355,,,1,TRACK,0.343,0.787,-1.56,1.628,6.565,0.82,true,false
28.667,860,simulation,204.426,353.644,204,353,,,1,TRACK,0.29,0.841,-1.582,1.602,6.565,0.8,true,false
28.7,861,simulation,203.727,351.443,204,350,,,1,TRACK,0.237,0.892,-1.577,1.55,6.317,0.78,true,false
28.733,862,simulation,202.965,349.198,202,348,,,1,TRACK,0.183,0.943,-1.628,1.53,6.307,1.45,true,false
28.767,863,simulation,202.445,346.737,202,346,,,1,TRACK,0.129,0.994,-1.621,1.508,6.53,0.81,true,false
28.8,864,simulation,201.858,344.057,201,344,,,1,TRACK,0.074,1.043,-1.644,1.486,7.01,0.82,true,false
28.833,865,simulation,201.369,341.155,201,341,,,1,TRACK,0.02,1.091,-1.64,1.436,7.356,0.77,true,false
28.867,866,simulation,200.834,338.17,200,337,,,1,TRACK,-0.036,1.136,-1.665,1.364,7.301,0.87,true,false
28.9,867,simulation,200.414,335.217,200,335,,,1,TRACK,-0.091,1.182,-1.663,1.351,7.465,0.84,true,false
28.933,868,simulation,199.962,331.976,200,332,,,1,TRACK,-0.147,1.225,-1.662,1.307,7.727,32.39,true,false
28.967,869,simulation,199.494,328.601,199,328,,,1,TRACK,-0.203,1.266,-1.691,1.239,7.78,0.81,true,false
29,870,simulation,199.166,325.221,198,324,,,1,TRACK,-0.26,1.306,-1.716,1.176,7.657,0.84,true,false
29.033,871,simulation,198.966,321.808,199,321,,,1,TRACK,-0.317,1.344,-1.687,1.142,7.567,0.76,true,false
29.067,872,simulation,198.605,318.197,198,318,,,1,TRACK,-0.374,1.381,-1.717,1.106,7.796,1.04,true,false
29.1,873,simulation,198.404,314.396,198,314,,,1,TRACK,-0.431,1.415,-1.718,1.043,7.961,0.77,true,false
29.133,874,simulation,198.207,310.55,198,310,,,1,TRACK,-0.488,1.448,-1.72,0.983,7.97,0.79,true,false
29.167,875,simulation,198.026,306.64,197,306,,,1,TRACK,-0.547,1.479,-1.75,0.925,8.014,0.76,true,false
29.2,876,simulation,198.012,302.655,197,302,,,1,TRACK,-0.605,1.508,-1.75,0.868,8.066,0.77,true,false
29.233,877,simulation,198.01,298.585,198,298,,,1,TRACK,-0.663,1.535,-1.726,0.811,7.999,0.79,true,false
29.267,878,simulation,197.889,294.427,197,293,,,1,TRACK,-0.721,1.559,-1.759,0.729,7.758,0.82,true,false
29.3,879,simulation,197.965,290.317,197,290,,,1,TRACK,-0.78,1.583,-1.762,0.704,7.907,0.83,true,false
29.333,880,simulation,198.074,285.952,198,286,,,1,TRACK,-0.838,1.604,-1.739,0.648,8.12,0.78,true,false
29.367,881,simulation,198.085,281.5,198,281,,,1,TRACK,-0.896,1.623,-1.748,0.566,8.066,0.78,true,false
29.4,882,simulation,198.165,277.101,197,276,,,1,TRACK,-0.956,1.639,-1.782,0.487,7.886,0.78,true,false
29.433,883,simulation,198.455,272.737,198,273,,,1,TRACK,-1.014,1.655,-1.759,0.465,8.076,0.78,true,false
29.467,884,simulation,198.651,268.109,198,267,,,1,TRACK,-1.073,1.667,-1.766,0.356,7.882,0.77,true,false
29.5,885,simulation,198.924,263.68,199,263,,,1,TRACK,-1.131,1.677,-1.747,0.309,7.628,0.78,true,false
29.533,886,simulation,199.13,259.127,199,259,,,1,TRACK,-1.19,1.686,-1.758,0.259,7.656,0.76,true,false
29.567,887,simulation,199.434,254.47,199,254,,,1,TRACK,-1.249,1.692,-1.767,0.18,7.635,0.83,true,false
29.6,888,simulation,199.83,249.864,200,249,,,1,TRACK,-1.307,1.695,-1.748,0.104,7.356,0.77,true,false
29.633,889,simulation,200.172,245.3,200,245,,,1,TRACK,-1.366,1.697,-1.76,0.056,7.288,0.78,true,false
29.667,890,simulation,200.624,240.634,201,240,,,1,TRACK,-1.424,1.696,-1.743,-0.021,7.107,0.78,true,false
29.7,891,simulation,201.037,236.028,201,236,,,1,TRACK,-1.482,1.694,-1.755,-0.07,7.12,0.78,true,false
29.733,892,simulation,201.569,231.335,201,231,,,1,TRACK,-1.541,1.689,-1.765,-0.148,7.128,0.76,true,false
29.767,893,simulation,202.214,226.719,202,226,,,1,TRACK,-1.599,1.681,-1.747,-0.224,6.902,0.78,true,false
29.8,894,simulation,202.824,222.175,202,222,,,1,TRACK,-1.658,1.672,-1.759,-0.272,6.898,0.75,true,false
29.833,895,simulation,203.559,217.563,203,217,,,1,TRACK,-1.716,1.661,-1.742,-0.35,6.775,0.78,true,false
29.867,896,simulation,204.272,213.048,204,212,,,1,TRACK,-1.774,1.646,-1.728,-0.426,6.391,0.76,true,false
29.9,897,simulation,204.977,208.63,205,209,,,1,TRACK,-1.831,1.632,-1.716,-0.448,6.394,0.78,true,false
29.933,898,simulation,205.688,204.027,205,204,,,1,TRACK,-1.889,1.614,-1.731,-0.53,6.457,0.75,true,false
29.967,899,simulation,206.555,199.57,206,199,,,1,TRACK,-1.946,1.594,-1.717,-0.609,6.242,0.78,true,false
30,900,simulation,207.423,195.252,207,195,,,1,TRACK,-2.003,1.572,-1.704,-0.66,6.044,0.76,true,false
30.033,901,simulation,208.303,190.933,207,191,,,1,TRACK,-2.06,1.548,-1.72,-0.713,6.13,0.77,true,false
30.067,902,simulation,209.348,186.635,209,186,,,1,TRACK,-2.116,1.521,-1.679,-0.795,5.829,0.76,true,false
30.1,903,simulation,210.258,182.522,210,182,,,1,TRACK,-2.172,1.493,-1.67,-0.848,5.446,0.78,true,false
30.133,904,simulation,211.21,178.449,210,178,,,1,TRACK,-2.228,1.463,-1.688,-0.903,5.369,0.78,true,false
30.167,905,simulation,212.346,174.438,211,174,,,1,TRACK,-2.284,1.431,-1.675,-0.959,5.385,0.79,true,false
30.2,906,simulation,213.508,170.51,213,170,,,1,TRACK,-2.338,1.397,-1.637,-1.016,5.128,0.8,true,false
30.233,907,simulation,214.562,166.682,214,166,,,1,TRACK,-2.393,1.361,-1.63,-1.075,4.798,0.77,true,false
30.267,908,simulation,215.677,162.971,215,162,,,1,TRACK,-2.447,1.323,-1.623,-1.134,4.499,0.79,true,false
30.3,909,simulation,216.852,159.391,216,159,,,1,TRACK,-2.501,1.285,-1.615,-1.167,4.421,0.78,true,false
30.333,910,simulation,218.088,155.818,217,155,,,1,TRACK,-2.554,1.244,-1.606,-1.23,4.368,0.78,true,false
30.367,911,simulation,219.383,152.426,219,152,,,1,TRACK,-2.606,1.201,-1.571,-1.267,4.151,0.78,true,false
30.4,912,simulation,220.598,149.084,220,149,,,1,TRACK,-2.659,1.158,-1.566,-1.306,4.034,0.77,true,false
30.433,913,simulation,221.897,145.821,221,146,,,1,TRACK,-2.711,1.113,-1.56,-1.348,4.083,0.81,true,false
30.467,914,simulation,223.274,142.664,223,142,,,1,TRACK,-2.762,1.066,-1.526,-1.418,3.801,0.79,true,false
30.5,915,simulation,224.585,139.775,224,139,,,1,TRACK,-2.812,1.017,-1.522,-1.459,3.586,0.79,true,false
30.533,916,simulation,225.99,137.013,226,136,,,1,TRACK,-2.862,0.967,-1.49,-1.502,3.289,24.25,true,false
30.567,917,simulation,227.342,134.401,227,134,,,1,TRACK,-2.912,0.916,-1.487,-1.519,3.191,0.78,true,false
30.6,918,simulation,228.798,131.82,228,131,,,1,TRACK,-2.961,0.864,-1.482,-1.568,3.334,0.77,true,false
30.633,919,simulation,230.349,129.451,230,129,,,1,TRACK,-3.009,0.811,-1.449,-1.591,3.343,0.76,true,false
30.667,920,simulation,231.848,127.164,231,126,,,1,TRACK,-3.057,0.756,-1.445,-1.643,3.518,0.78,true,false
30.7,921,simulation,233.455,125.134,233,125,,,1,TRACK,-3.104,0.702,-1.413,-1.64,3.541,0.82,true,false
30.733,922,simulation,235.019,123.084,235,123,,,1,TRACK,-3.151,0.646,-1.383,-1.672,3.36,0.77,true,false
30.767,923,simulation,236.556,121.206,236,121,,,1,TRACK,-3.197,0.589,-1.382,-1.704,3.419,1.14,true,false
30.8,924,simulation,238.218,119.518,237,119,,,1,TRACK,-3.243,0.531,-1.378,-1.736,3.81,0.81,true,false
30.833,925,simulation,239.994,118.038,240,118,,,1,TRACK,-3.286,0.473,-1.319,-1.742,3.746,0.78,true,false
30.867,926,simulation,241.59,116.639,241,116,,,1,TRACK,-3.33,0.414,-1.319,-1.78,3.883,0.79,true,false
30.9,927,simulation,243.327,115.501,243,115,,,1,TRACK,-3.373,0.354,-1.29,-1.789,4.047,0.78,true,false
30.933,928,simulation,245.046,114.489,245,114,,,1,TRACK,-3.416,0.294,-1.262,-1.802,4.117,0.81,true,false
30.967,929,simulation,246.758,113.635,246,113,,,1,TRACK,-3.458,0.234,-1.261,-1.817,4.425,0.8,true,false
31,930,simulation,248.612,112.964,248,113,,,1,TRACK,-3.499,0.173,-1.231,-1.807,4.569,0.8,true,false
31.033,931,simulation,250.449,112.355,250,112,,,1,TRACK,-3.539,0.112,-1.203,-1.829,4.71,0.77,true,false
31.067,932,simulation,252.282,111.991,252,111,,,1,TRACK,-3.578,0.051,-1.176,-1.85,5.019,0.85,true,false
31.1,933,simulation,254.116,111.882,253,111,,,1,TRACK,-3.617,-0.011,-1.176,-1.844,5.488,0.83,true,false
31.133,934,simulation,256.099,111.897,256,112,,,1,TRACK,-3.654,-0.071,-1.119,-1.815,5.428,0.77,true,false
31.167,935,simulation,257.932,111.926,258,111,,,1,TRACK,-3.691,-0.133,-1.095,-1.846,5.553,0.84,true,false
31.2,936,simulation,259.785,112.3,260,112,,,1,TRACK,-3.727,-0.193,-1.07,-1.82,5.617,0.85,true,false
31.233,937,simulation,261.659,112.73,261,112,,,1,TRACK,-3.762,-0.254,-1.071,-1.826,5.933,0.78,true,false
31.267,938,simulation,263.696,113.397,263,113,,,1,TRACK,-3.797,-0.315,-1.042,-1.806,6.206,0.8,true,false
31.3,939,simulation,265.734,114.172,266,113,,,1,TRACK,-3.83,-0.375,-0.988,-1.815,6.487,0.79,true,false
31.333,940,simulation,267.639,115.228,267,115,,,1,TRACK,-3.863,-0.434,-0.991,-1.771,6.619,0.8,true,false
31.367,941,simulation,269.718,116.284,269,115,,,1,TRACK,-3.895,-0.494,-0.963,-1.786,7.042,0.77,true,false
31.4,942,simulation,271.808,117.673,271,117,,,1,TRACK,-3.926,-0.552,-0.936,-1.745,7.313,0.81,true,false
31.433,943,simulation,273.912,119.105,273,118,,,1,TRACK,-3.957,-0.61,-0.909,-1.736,7.621,0.77,true,false
31.467,944,simulation,276.034,120.761,275,121,,,1,TRACK,-3.986,-0.665,-0.883,-1.674,7.533,0.8,true,false
31.5,945,simulation,278.177,122.368,278,121,,,1,TRACK,-4.014,-0.722,-0.83,-1.7,7.756,0.8,true,false
31.533,946,simulation,280.199,124.402,280,124,,,1,TRACK,-4.041,-0.777,-0.808,-1.639,7.801,0.8,true,false
31.567,947,simulation,282.265,126.411,282,126,,,1,TRACK,-4.067,-0.831,-0.784,-1.613,7.788,0.83,true,false
31.6,948,simulation,284.368,128.587,284,128,,,1,TRACK,-4.092,-0.883,-0.759,-1.587,7.906,1.02,true,false
31.633,949,simulation,286.506,130.942,286,130,,,1,TRACK,-4.117,-0.935,-0.734,-1.562,8.178,0.82,true,false
31.667,950,simulation,288.675,133.487,289,133,,,1,TRACK,-4.139,-0.986,-0.682,-1.511,8.2,0.79,true,false
31.7,951,simulation,290.731,136.092,290,136,,,1,TRACK,-4.162,-1.035,-0.687,-1.464,8.157,0.81,true,false
31.733,952,simulation,292.978,138.785,293,139,,,1,TRACK,-4.183,-1.082,-0.633,-1.419,7.989,0.84,true,false
31.767,953,simulation,295.104,141.588,294,141,,,1,TRACK,-4.204,-1.129,-0.636,-1.404,8.236,0.81,true,false
31.8,954,simulation,297.414,144.659,297,145,,,1,TRACK,-4.224,-1.173,-0.581,-1.332,8.185,0.78,true,false
31.833,955,simulation,299.599,147.705,299,148,,,1,TRACK,-4.242,-1.216,-0.557,-1.293,8.081,0.78,true,false
31.867,956,simulation,301.823,150.905,302,151,,,1,TRACK,-4.25,-1.258,-0.505,-1.254,8.035,0.77,true,false
31.9,957,simulation,302.465,154.266,302,153,,,1,TRACK,-4.25,-1.299,-0.537,-1.242,8.3,0.79,true,false
31.933,958,simulation,302.056,157.933,302,158,,,1,TRACK,-4.25,-1.338,-0.558,-1.146,8.229,0.76,true,false
31.967,959,simulation,301.814,161.463,301,161,,,1,TRACK,-4.25,-1.375,-0.6,-1.112,8.325,0.81,true,false
32,960,simulation,301.742,165.192,301,165,,,1,TRACK,-4.25,-1.41,-0.607,-1.05,8.387,0.77,true,false
32.033,961,simulation,301.838,168.972,301,169,,,1,TRACK,-4.25,-1.443,-0.613,-0.99,8.312,0.77,true,false
32.067,962,simulation,302.102,172.818,302,172,,,1,TRACK,-4.25,-1.475,-0.59,-0.959,8.545,0.75,true,false
32.1,963,simulation,302.535,176.885,302,176,,,1,TRACK,-4.25,-1.505,-0.597,-0.899,8.773,0.84,true,false
32.133,964,simulation,303.135,181.017,303,181,,,1,TRACK,-4.25,-1.532,-0.576,-0.814,8.624,0.88,true,false
32.167,965,simulation,303.904,185.084,303,185,,,1,TRACK,-4.25,-1.557,-0.584,-0.76,8.407,0.84,true,false
32.2,966,simulation,304.841,189.255,304,189,,,1,TRACK,-4.25,-1.581,-0.563,-0.707,8.337,0.8,true,false
32.233,967,simulation,305.945,193.528,305,193,,,1,TRACK,-4.25,-1.602,-0.545,-0.653,8.403,0.81,true,false
32.267,968,simulation,307.216,197.901,307,197,,,1,TRACK,-4.25,-1.622,-0.502,-0.598,8.584,0.77,true,false
32.3,969,simulation,308.654,202.371,308,202,,,1,TRACK,-4.25,-1.64,-0.49,-0.517,8.554,0.81,true,false
32.333,970,simulation,310.259,206.793,310,206,,,1,TRACK,-4.25,-1.655,-0.451,-0.466,8.588,0.88,true,false
32.367,971,simulation,312.028,211.326,312,211,,,1,TRACK,-4.25,-1.668,-0.416,-0.387,8.479,0.8,true,false
32.4,972,simulation,313.964,215.819,313,215,,,1,TRACK,-4.25,-1.679,-0.41,-0.338,8.555,0.84,true,false
32.433,973,simulation,316.063,220.424,316,220,,,1,TRACK,-4.25,-1.688,-0.348,-0.259,8.469,0.87,true,false
32.467,974,simulation,318.327,224.986,318,224,,,1,TRACK,-4.25,-1.695,-0.319,-0.21,8.556,0.8,true,false
32.5,975,simulation,320.753,229.656,320,229,,,1,TRACK,-4.25,-1.699,-0.29,-0.132,8.594,0.8,true,false
32.533,976,simulation,323.342,234.274,323,234,,,1,TRACK,-4.25,-1.701,-0.235,-0.057,8.412,0.78,true,false
32.567,977,simulation,326.092,238.848,326,238,,,1,TRACK,-4.25,-1.701,-0.184,-0.009,8.399,0.77,true,false
32.6,978,simulation,329.003,243.523,329,243,,,1,TRACK,-4.25,-1.699,-0.135,0.068,8.324,0.77,true,false
32.633,979,simulation,332.074,248.134,332,248,,,1,TRACK,-4.25,-1.694,-0.088,0.144,8.113,0.77,true,false
32.667,980,simulation,335.303,252.684,335,252,,,1,TRACK,-4.25,-1.688,-0.043,0.191,8.13,0.75,true,false
32.7,981,simulation,338.689,257.316,338,257,,,1,TRACK,-4.25,-1.679,0.002,0.269,8.146,0.77,true,false
32.733,982,simulation,342.221,261.863,342,262,,,1,TRACK,-4.247,-1.668,0.073,0.344,7.905,0.79,true,false
32.767,983,simulation,345.529,266.325,345,266,,,1,TRACK,-4.244,-1.655,0.114,0.392,7.754,0.76,true,false
32.8,984,simulation,348.776,270.844,348,271,,,1,TRACK,-4.239,-1.639,0.155,0.47,7.523,0.78,true,false
32.833,985,simulation,351.955,275.25,351,275,,,1,TRACK,-4.232,-1.622,0.197,0.52,7.377,0.77,true,false
32.867,986,simulation,355.061,279.686,354,279,,,1,TRACK,-4.224,-1.602,0.24,0.572,7.358,0.79,true,false
32.9,987,simulation,358.089,284.127,358,283,,,1,TRACK,-4.214,-1.582,0.31,0.627,7.212,0.77,true,false
32.933,988,simulation,360.892,288.552,360,288,,,1,TRACK,-4.203,-1.558,0.323,0.709,6.971,0.79,true,false
32.967,989,simulation,363.774,292.803,363,292,,,1,TRACK,-4.191,-1.533,0.368,0.762,6.745,0.77,true,false
33,990,simulation,366.56,297.026,366,296,,,1,TRACK,-4.177,-1.505,0.413,0.817,6.531,0.77,true,false
33.033,991,simulation,369.252,301.199,368,301,,,1,TRACK,-4.162,-1.475,0.431,0.9,6.172,0.77,true,false
33.067,992,simulation,371.988,305.162,371,305,,,1,TRACK,-4.146,-1.444,0.48,0.954,5.738,0.79,true,false
33.1,993,simulation,374.605,309.061,374,309,,,1,TRACK,-4.129,-1.41,0.528,1.009,5.235,0.77,true,false
33.133,994,simulation,377.108,312.873,377,313,,,1,TRACK,-4.11,-1.374,0.575,1.066,4.629,1.06,true,false
33.167,995,simulation,379.499,316.578,379,316,,,1,TRACK,-4.09,-1.338,0.594,1.098,4.365,0.77,true,false
33.2,996,simulation,381.921,320.302,381,320,,,1,TRACK,-4.069,-1.299,0.618,1.161,4.178,0.77,true,false
33.233,997,simulation,384.353,323.864,384,324,,,1,TRACK,-4.047,-1.258,0.67,1.223,3.717,0.79,true,false
33.267,998,simulation,386.638,327.257,387,326,,,1,TRACK,-4.023,-1.217,0.72,1.231,3.525,0.76,true,false
33.3,999,simulation,388.786,330.752,389,330,,,1,TRACK,-3.998,-1.174,0.742,1.3,3.303,0.78,true,false
33.333,1000,simulation,390.943,334.013,391,334,,,1,TRACK,-3.973,-1.128,0.768,1.367,2.788,0.8,true,false
33.367,1001,simulation,393.092,337.04,393,337,,,1,TRACK,-3.946,-1.082,0.795,1.405,2.303,0.78,true,false
33.4,1002,simulation,395.221,339.971,394,339,,,1,TRACK,-3.92,-1.034,0.797,1.42,2.349,0.79,true,false
33.433,1003,simulation,397.462,342.919,397,342,,,1,TRACK,-3.891,-0.985,0.857,1.467,2.294,0.83,true,false
33.467,1004,simulation,399.502,345.698,399,346,,,1,TRACK,-3.861,-0.934,0.886,1.54,1.748,0.84,true,false
33.5,1005,simulation,401.505,348.152,401,347,,,1,TRACK,-3.831,-0.883,0.916,1.53,1.585,0.81,true,false
33.533,1006,simulation,403.464,350.713,403,350,,,1,TRACK,-3.799,-0.83,0.947,1.583,1.387,0.8,true,false
33.567,1007,simulation,405.374,353.033,405,353,,,1,TRACK,-3.767,-0.776,0.978,1.634,0.918,0.84,true,false
33.6,1008,simulation,407.228,355.107,407,354,,,1,TRACK,-3.733,-0.721,1.009,1.63,0.69,0.78,true,false
33.633,1009,simulation,409.024,357.211,408,356,,,1,TRACK,-3.699,-0.666,1.015,1.661,0.747,0.8,true,false
33.667,1010,simulation,410.898,359.149,411,359,,,1,TRACK,-3.663,-0.609,1.077,1.719,0.347,0.79,true,false
33.7,1011,simulation,412.544,360.762,412,360,,,1,TRACK,-3.627,-0.551,1.082,1.721,0.436,0.81,true,false
33.733,1012,simulation,414.269,362.335,413,362,,,1,TRACK,-3.591,-0.493,1.09,1.755,0.878,0.79,true,false
33.767,1013,simulation,416.047,363.683,416,363,,,1,TRACK,-3.552,-0.434,1.155,1.762,1.053,0.88,true,false
33.8,1014,simulation,417.575,364.933,417,364,,,1,TRACK,-3.514,-0.375,1.162,1.773,1.183,0.78,true,false
33.833,1015,simulation,419.165,366.051,418,366,,,1,TRACK,-3.475,-0.315,1.172,1.814,1.668,0.76,true,false
33.867,1016,simulation,420.793,366.868,420,366,,,1,TRACK,-3.434,-0.255,1.211,1.799,1.894,0.79,true,false
33.9,1017,simulation,422.301,367.664,421,367,,,1,TRACK,-3.394,-0.194,1.222,1.817,2.12,0.76,true,false
33.933,1018,simulation,423.838,368.249,423,368,,,1,TRACK,-3.352,-0.133,1.262,1.836,2.506,0.77,true,false
33.967,1019,simulation,425.247,368.608,424,368,,,1,TRACK,-3.309,-0.072,1.273,1.829,2.782,0.76,true,false
34,1020,simulation,426.678,368.867,426,369,,,1,TRACK,-3.265,-0.01,1.313,1.852,3.239,0.78,true,false
34.033,1021,simulation,427.973,368.85,427,369,,,1,TRACK,-3.221,0.051,1.325,1.848,3.717,0.83,true,false
34.067,1022,simulation,429.284,368.691,428,368,,,1,TRACK,-3.177,0.112,1.339,1.82,3.824,0.79,true,false
34.1,1023,simulation,430.594,368.502,430,368,,,1,TRACK,-3.131,0.173,1.381,1.825,3.942,0.76,true,false
34.133,1024,simulation,431.75,368.098,431,367,,,1,TRACK,-3.084,0.233,1.394,1.804,3.939,0.78,true,false
34.167,1025,simulation,432.907,367.606,432,367,,,1,TRACK,-3.037,0.294,1.409,1.813,4.121,0.77,true,false
34.2,1026,simulation,434.049,366.851,434,366,,,1,TRACK,-2.989,0.353,1.452,1.794,4.33,0.8,true,false
34.233,1027,simulation,435.024,365.97,434,365,,,1,TRACK,-2.941,0.413,1.438,1.779,4.451,0.77,true,false
34.267,1028,simulation,436.13,364.935,436,364,,,1,TRACK,-2.891,0.471,1.484,1.766,4.636,0.77,true,false
34.3,1029,simulation,437.049,363.723,437,364,,,1,TRACK,-2.841,0.531,1.5,1.78,5.263,0.77,true,false
34.333,1030,simulation,437.938,362.174,438,362,,,1,TRACK,-2.791,0.589,1.517,1.739,5.729,0.77,true,false
34.367,1031,simulation,438.79,360.578,439,360,,,1,TRACK,-2.74,0.646,1.534,1.703,5.915,0.77,true,false
34.4,1032,simulation,439.596,358.893,439,359,,,1,TRACK,-2.689,0.702,1.526,1.698,6.213,0.8,true,false
34.433,1033,simulation,440.49,356.947,440,357,,,1,TRACK,-2.637,0.758,1.549,1.665,6.515,9.18,true,false
34.467,1034,simulation,441.307,354.88,441,355,,,1,TRACK,-2.585,0.812,1.571,1.635,6.793,0.8,true,false
34.5,1035,simulation,442.046,352.666,442,352,,,1,TRACK,-2.532,0.865,1.592,1.581,6.794,0.82,true,false
34.533,1036,simulation,442.709,350.428,442,350,,,1,TRACK,-2.479,0.917,1.586,1.558,6.796,0.78,true,false
34.567,1037,simulation,443.437,347.988,443,347,,,1,TRACK,-2.425,0.967,1.611,1.509,6.702,4.57,true,false
34.6,1038,simulation,444.065,345.482,444,345,,,1,TRACK,-2.371,1.017,1.634,1.49,6.83,1.22,true,false
34.633,1039,simulation,444.598,342.742,444,342,,,1,TRACK,-2.316,1.065,1.629,1.442,6.903,0.85,true,false
34.667,1040,simulation,445.18,339.91,445,340,,,1,TRACK,-2.261,1.112,1.654,1.424,7.249,0.78,true,false
34.7,1041,simulation,445.649,336.823,445,336,,,1,TRACK,-2.206,1.157,1.652,1.351,7.275,0.81,true,false
34.733,1042,simulation,446.151,333.77,446,333,,,1,TRACK,-2.15,1.201,1.678,1.311,7.258,0.77,true,false
34.767,1043,simulation,446.528,330.569,446,330,,,1,TRACK,-2.094,1.243,1.676,1.272,7.339,28.31,true,false
34.8,1044,simulation,446.929,327.212,446,327,,,1,TRACK,-2.039,1.285,1.676,1.232,7.519,0.84,true,false
34.833,1045,simulation,447.338,323.695,447,323,,,1,TRACK,-1.982,1.323,1.705,1.167,7.567,1,true,false
34.867,1046,simulation,447.6,320.154,447,319,,,1,TRACK,-1.925,1.36,1.705,1.105,7.405,0.79,true,false
34.9,1047,simulation,447.868,316.564,447,316,,,1,TRACK,-1.868,1.396,1.706,1.072,7.437,0.81,true,false
34.933,1048,simulation,448.128,312.767,448,313,,,1,TRACK,-1.81,1.431,1.736,1.037,7.846,0.82,true,false
34.967,1049,simulation,448.229,308.772,448,308,,,1,TRACK,-1.752,1.462,1.736,0.948,7.88,0.81,true,false
35,1050,simulation,448.323,304.869,447,304,,,1,TRACK,-1.695,1.492,1.711,0.892,7.665,1.01,true,false
35.033,1051,simulation,448.541,300.878,448,300,,,1,TRACK,-1.637,1.52,1.745,0.836,7.551,0.96,true,false
35.067,1052,simulation,448.567,296.795,448,296,,,1,TRACK,-1.579,1.546,1.748,0.781,7.524,0.89,true,false
35.1,1053,simulation,448.563,292.617,448,292,,,1,TRACK,-1.52,1.57,1.752,0.726,7.568,0.79,true,false
35.133,1054,simulation,448.521,288.345,448,288,,,1,TRACK,-1.462,1.592,1.756,0.671,7.695,0.78,true,false
35.167,1055,simulation,448.433,283.977,448,283,,,1,TRACK,-1.403,1.612,1.761,0.589,7.591,0.82,true,false
35.2,1056,simulation,448.295,279.656,448,279,,,1,TRACK,-1.344,1.63,1.767,0.538,7.552,0.78,true,false
35.233,1057,simulation,448.101,275.222,448,275,,,1,TRACK,-1.285,1.646,1.772,0.486,7.706,0.82,true,false
35.267,1058,simulation,447.848,270.685,448,271,,,1,TRACK,-1.226,1.661,1.778,0.433,8.026,0.77,true,false
35.3,1059,simulation,447.531,266.051,447,265,,,1,TRACK,-1.167,1.671,1.758,0.325,7.75,0.8,true,false
35.333,1060,simulation,447.289,261.611,447,262,,,1,TRACK,-1.108,1.682,1.767,0.305,7.847,1.83,true,false
35.367,1061,simulation,446.956,256.905,446,256,,,1,TRACK,-1.05,1.688,1.749,0.198,7.564,0.77,true,false
35.4,1062,simulation,446.677,252.398,446,252,,,1,TRACK,-0.991,1.693,1.761,0.151,7.363,0.79,true,false
35.433,1063,simulation,446.29,247.774,446,247,,,1,TRACK,-0.932,1.696,1.771,0.075,7.181,0.76,true,false
35.467,1064,simulation,445.804,243.197,445,243,,,1,TRACK,-0.874,1.697,1.753,0.027,7.125,0.77,true,false
35.5,1065,simulation,445.362,238.521,445,238,,,1,TRACK,-0.815,1.695,1.765,-0.051,7.027,0.76,true,false
35.533,1066,simulation,444.805,233.908,444,234,,,1,TRACK,-0.757,1.692,1.748,-0.1,7.039,5.68,true,false
35.567,1067,simulation,444.281,229.213,444,228,,,1,TRACK,-0.698,1.685,1.761,-0.204,6.679,0.77,true,false
35.6,1068,simulation,443.63,224.74,443,224,,,1,TRACK,-0.64,1.676,1.745,-0.25,6.383,0.83,true,false
35.633,1069,simulation,443.003,220.181,442,220,,,1,TRACK,-0.582,1.666,1.731,-0.3,6.314,0.81,true,false
35.667,1070,simulation,442.385,215.564,442,215,,,1,TRACK,-0.524,1.654,1.746,-0.378,6.2,0.77,true,false
35.7,1071,simulation,441.621,211.054,441,210,,,1,TRACK,-0.466,1.639,1.731,-0.455,5.864,0.79,true,false
35.733,1072,simulation,440.866,206.647,441,206,,,1,TRACK,-0.408,1.622,1.745,-0.504,5.754,0.78,true,false
35.767,1073,simulation,439.963,202.205,439,201,,,1,TRACK,-0.351,1.602,1.703,-0.583,5.378,0.98,true,false
35.8,1074,simulation,439.208,197.894,438,198,,,1,TRACK,-0.295,1.582,1.694,-0.606,5.321,0.82,true,false
35.833,1075,simulation,438.424,193.431,438,193,,,1,TRACK,-0.238,1.559,1.712,-0.69,5.284,0.81,true,false
35.867,1076,simulation,437.465,189.145,437,189,,,1,TRACK,-0.181,1.535,1.699,-0.743,5.24,0.8,true,false
35.9,1077,simulation,436.491,184.889,436,184,,,1,TRACK,-0.125,1.507,1.688,-0.825,4.936,0.77,true,false
35.933,1078,simulation,435.49,180.823,435,180,,,1,TRACK,-0.069,1.478,1.677,-0.878,4.613,0.8,true,false
35.967,1079,simulation,434.458,176.803,434,177,,,1,TRACK,-0.013,1.448,1.667,-0.907,4.645,1.01,true,false
36,1080,simulation,433.386,172.71,433,172,,,1,TRACK,0.042,1.414,1.658,-0.994,4.442,0.78,true,false
36.033,1081,simulation,432.272,168.869,431,169,,,1,TRACK,0.096,1.38,1.622,-1.023,4.221,0.78,true,false
36.067,1082,simulation,431.252,164.985,431,164,,,1,TRACK,0.151,1.343,1.644,-1.111,3.903,0.76,true,false
36.1,1083,simulation,430.019,161.383,430,161,,,1,TRACK,0.205,1.305,1.633,-1.142,3.826,0.77,true,false
36.133,1084,simulation,428.74,157.767,428,157,,,1,TRACK,0.258,1.265,1.597,-1.204,3.533,0.9,true,false
36.167,1085,simulation,427.551,154.319,427,154,,,1,TRACK,0.311,1.224,1.591,-1.24,3.338,0.77,true,false
36.2,1086,simulation,426.286,150.908,426,150,,,1,TRACK,0.364,1.18,1.585,-1.305,3.15,0.78,true,false
36.233,1087,simulation,424.948,147.706,425,147,,,1,TRACK,0.417,1.135,1.577,-1.342,3.118,0.77,true,false
36.267,1088,simulation,423.538,144.58,423,144,,,1,TRACK,0.468,1.089,1.543,-1.383,2.962,0.79,true,false
36.3,1089,simulation,422.2,141.556,422,141,,,1,TRACK,0.52,1.042,1.538,-1.425,2.876,0.78,true,false
36.333,1090,simulation,420.77,138.662,420,138,,,1,TRACK,0.57,0.993,1.506,-1.469,2.646,0.77,true,false
36.367,1091,simulation,419.396,135.917,419,135,,,1,TRACK,0.62,0.942,1.503,-1.514,2.533,0.77,true,false
36.4,1092,simulation,417.919,133.341,418,133,,,1,TRACK,0.67,0.891,1.498,-1.533,2.699,0.77,true,false
36.433,1093,simulation,416.347,130.811,416,130,,,1,TRACK,0.719,0.839,1.465,-1.584,2.723,0.78,true,false
36.467,1094,simulation,414.827,128.505,414,128,,,1,TRACK,0.766,0.785,1.435,-1.607,2.551,0.8,true,false
36.5,1095,simulation,413.342,126.292,412,125,,,1,TRACK,0.813,0.73,1.407,-1.659,2.349,0.8,true,false
36.533,1096,simulation,411.879,124.344,412,124,,,1,TRACK,0.861,0.674,1.433,-1.657,2.623,0.83,true,false
36.567,1097,simulation,410.145,122.385,409,122,,,1,TRACK,0.907,0.618,1.373,-1.689,2.576,0.88,true,false
36.6,1098,simulation,408.601,120.607,408,120,,,1,TRACK,0.953,0.561,1.373,-1.721,2.68,0.78,true,false
36.633,1099,simulation,406.923,119.026,407,118,,,1,TRACK,0.998,0.502,1.37,-1.754,3.157,0.78,true,false
36.667,1100,simulation,405.127,117.66,404,118,,,1,TRACK,1.042,0.445,1.311,-1.734,3.012,0.77,true,false
36.7,1101,simulation,403.506,116.241,403,116,,,1,TRACK,1.086,0.385,1.312,-1.775,3.062,0.77,true,false
36.733,1102,simulation,401.74,115.11,401,114,,,1,TRACK,1.129,0.325,1.283,-1.814,3.438,0.83,true,false
36.767,1103,simulation,399.989,114.268,399,114,,,1,TRACK,1.17,0.265,1.256,-1.798,3.564,0.77,true,false
36.8,1104,simulation,398.242,113.437,398,113,,,1,TRACK,1.212,0.204,1.256,-1.815,3.822,0.82,true,false
36.833,1105,simulation,396.352,112.809,396,112,,,1,TRACK,1.253,0.143,1.226,-1.834,4.214,0.8,true,false
36.867,1106,simulation,394.475,112.401,394,112,,,1,TRACK,1.293,0.082,1.198,-1.826,4.43,0.83,true,false
36.9,1107,simulation,392.602,112.088,392,112,,,1,TRACK,1.332,0.022,1.171,-1.822,4.483,0.78,true,false
36.933,1108,simulation,390.724,111.904,390,112,,,1,TRACK,1.37,-0.039,1.144,-1.822,4.488,0.8,true,false
36.967,1109,simulation,388.837,111.878,389,111,,,1,TRACK,1.408,-0.101,1.145,-1.85,4.98,0.79,true,false
37,1110,simulation,386.796,112.176,387,112,,,1,TRACK,1.446,-0.161,1.116,-1.822,5.316,0.78,true,false
37.033,1111,simulation,384.759,112.512,385,112,,,1,TRACK,1.482,-0.222,1.088,-1.827,5.627,0.84,true,false
37.067,1112,simulation,382.718,113.073,382,113,,,1,TRACK,1.516,-0.282,1.034,-1.805,5.646,0.8,true,false
37.1,1113,simulation,380.808,113.73,380,113,,,1,TRACK,1.55,-0.343,1.011,-1.815,5.832,0.77,true,false
37.133,1114,simulation,378.863,114.659,378,114,,,1,TRACK,1.583,-0.403,0.988,-1.796,6.081,0.76,true,false
37.167,1115,simulation,376.886,115.722,377,115,,,1,TRACK,1.616,-0.462,0.99,-1.781,6.433,0.78,true,false
37.2,1116,simulation,374.737,116.948,374,117,,,1,TRACK,1.647,-0.52,0.935,-1.741,6.423,0.77,true,false
37.233,1117,simulation,372.723,118.216,372,117,,,1,TRACK,1.677,-0.579,0.912,-1.759,6.77,0.83,true,false
37.267,1118,simulation,370.674,119.849,371,120,,,1,TRACK,1.708,-0.635,0.914,-1.694,6.873,0.78,true,false
37.3,1119,simulation,368.452,121.41,368,121,,,1,TRACK,1.737,-0.692,0.859,-1.691,6.976,0.78,true,false
37.333,1120,simulation,366.363,123.238,366,123,,,1,TRACK,1.764,-0.747,0.835,-1.659,7.089,0.76,true,false
37.367,1121,simulation,364.238,125.192,364,125,,,1,TRACK,1.791,-0.801,0.81,-1.63,7.199,0.77,true,false
37.4,1122,simulation,362.08,127.295,361,127,,,1,TRACK,1.817,-0.855,0.759,-1.603,7.272,0.76,true,false
37.433,1123,simulation,360.033,129.564,359,129,,,1,TRACK,1.841,-0.907,0.737,-1.577,7.456,0.78,true,false
37.467,1124,simulation,357.936,132.015,357,131,,,1,TRACK,1.865,-0.959,0.714,-1.551,7.813,0.79,true,false
37.5,1125,simulation,355.797,134.658,356,134,,,1,TRACK,1.889,-1.009,0.717,-1.5,8.094,0.78,true,false
37.533,1126,simulation,353.478,137.363,353,136,,,1,TRACK,1.911,-1.058,0.661,-1.479,8.473,0.79,true,false
37.567,1127,simulation,351.287,140.301,351,139,,,1,TRACK,1.932,-1.106,0.637,-1.431,8.796,0.76,true,false
37.6,1128,simulation,349.058,143.33,349,143,,,1,TRACK,1.953,-1.151,0.612,-1.36,8.72,0.79,true,false
37.633,1129,simulation,346.795,146.331,347,146,,,1,TRACK,1.972,-1.195,0.587,-1.32,8.618,0.76,true,false
37.667,1130,simulation,344.5,149.484,344,149,,,1,TRACK,1.99,-1.238,0.534,-1.281,8.583,0.78,true,false
37.7,1131,simulation,342.318,152.794,342,152,,,1,TRACK,2.007,-1.279,0.512,-1.243,8.7,7.62,true,false
37.733,1132,simulation,340.086,156.266,340,156,,,1,TRACK,2.023,-1.319,0.488,-1.177,8.676,0.79,true,false
37.767,1133,simulation,337.814,159.763,337,159,,,1,TRACK,2.038,-1.357,0.437,-1.142,8.73,0.76,true,false
37.8,1134,simulation,335.648,163.451,335,163,,,1,TRACK,2.052,-1.393,0.415,-1.079,8.727,0.79,true,false
37.833,1135,simulation,333.43,167.183,333,167,,,1,TRACK,2.065,-1.427,0.391,-1.019,8.625,0.75,true,false
37.867,1136,simulation,331.169,170.979,331,170,,,1,TRACK,2.077,-1.46,0.366,-0.988,8.818,0.78,true,false
37.9,1137,simulation,328.872,174.992,329,175,,,1,TRACK,2.088,-1.49,0.341,-0.9,8.729,0.76,true,false
37.933,1138,simulation,326.544,178.926,326,178,,,1,TRACK,2.098,-1.519,0.288,-0.872,8.821,0.79,true,false
37.967,1139,simulation,324.33,183.099,324,183,,,1,TRACK,2.107,-1.545,0.265,-0.787,8.706,0.82,true,false
38,1140,simulation,322.071,187.207,322,187,,,1,TRACK,2.115,-1.569,0.24,-0.734,8.58,0.77,true,false
38.033,1141,simulation,319.774,191.419,320,191,,,1,TRACK,2.122,-1.592,0.215,-0.68,8.597,5.82,true,false
38.067,1142,simulation,317.447,195.732,316,195,,,1,TRACK,2.126,-1.613,0.135,-0.626,8.618,0.77,true,false
38.1,1143,simulation,315.378,200.145,315,200,,,1,TRACK,2.131,-1.631,0.142,-0.545,8.48,0.77,true,false
38.133,1144,simulation,313.102,204.511,313,204,,,1,TRACK,2.135,-1.648,0.116,-0.494,8.451,0.76,true,false
38.167,1145,simulation,310.8,208.991,310,209,,,1,TRACK,2.137,-1.661,0.063,-0.415,8.243,0.77,true,false
38.2,1146,simulation,308.617,213.433,308,213,,,1,TRACK,2.139,-1.674,0.039,-0.366,8.162,1.81,true,false
38.233,1147,simulation,306.394,217.989,306,218,,,1,TRACK,2.139,-1.683,0.014,-0.288,7.992,0.78,true,false
38.267,1148,simulation,304.142,222.505,304,222,,,1,TRACK,2.139,-1.691,-0.012,-0.239,7.977,0.8,true,false
38.3,1149,simulation,301.866,227.131,302,227,,,1,TRACK,2.137,-1.697,-0.039,-0.161,7.878,0.78,true,false
38.333,1150,simulation,299.572,231.709,299,231,,,1,TRACK,2.134,-1.7,-0.093,-0.112,7.879,0.81,true,false
38.367,1151,simulation,297.406,236.387,297,236,,,1,TRACK,2.13,-1.701,-0.118,-0.034,7.784,0.77,true,false
38.4,1152,simulation,295.208,241.007,295,240,,,1,TRACK,2.125,-1.701,-0.144,0.015,7.843,0.81,true,false
38.433,1153,simulation,292.987,245.716,293,245,,,1,TRACK,2.12,-1.698,-0.17,0.094,7.806,11.99,true,false
38.467,1154,simulation,290.752,250.352,290,250,,,1,TRACK,2.112,-1.692,-0.225,0.17,7.527,0.77,true,false
38.5,1155,simulation,288.648,254.921,288,255,,,1,TRACK,2.104,-1.684,-0.249,0.245,7.096,0.79,true,false
38.533,1156,simulation,286.517,259.422,286,258,,,1,TRACK,2.095,-1.675,-0.275,0.265,7.219,0.76,true,false
38.567,1157,simulation,284.37,264.137,284,264,,,1,TRACK,2.085,-1.663,-0.303,0.373,6.976,1.76,true,false
38.6,1158,simulation,282.213,268.594,281,268,,,1,TRACK,2.073,-1.649,-0.357,0.421,6.725,0.77,true,false
38.633,1159,simulation,280.194,273.103,279,273,,,1,TRACK,2.06,-1.632,-0.382,0.499,6.387,0.78,true,false
38.667,1160,simulation,278.155,277.496,277,277,,,1,TRACK,2.046,-1.614,-0.409,0.548,6.177,0.76,true,false
38.7,1161,simulation,276.107,281.914,276,281,,,1,TRACK,2.033,-1.594,-0.41,0.601,6.151,0.78,true,false
38.733,1162,simulation,273.915,286.333,274,286,,,1,TRACK,2.018,-1.571,-0.442,0.682,5.915,0.8,true,false
38.767,1163,simulation,271.747,290.591,271,290,,,1,TRACK,2.001,-1.547,-0.5,0.734,5.68,3.06,true,false
38.8,1164,simulation,269.744,294.83,269,294,,,1,TRACK,1.984,-1.52,-0.528,0.788,5.55,7.08,true,false
38.833,1165,simulation,267.742,299.03,268,298,,,1,TRACK,1.966,-1.492,-0.53,0.844,5.485,22.28,true,false
38.867,1166,simulation,265.606,303.17,265,303,,,1,TRACK,1.946,-1.461,-0.589,0.928,5.07,0.79,true,false
38.9,1167,simulation,263.646,307.091,264,307,,,1,TRACK,1.927,-1.429,-0.591,0.982,4.603,0.78,true,false
38.933,1168,simulation,261.556,310.94,261,311,,,1,TRACK,1.905,-1.394,-0.651,1.038,4.141,0.78,true,false
38.967,1169,simulation,259.646,314.694,259,314,,,1,TRACK,1.882,-1.358,-0.68,1.068,3.986,0.82,true,false
39,1170,simulation,257.75,318.477,257,318,,,1,TRACK,1.859,-1.321,-0.709,1.131,3.812,1.84,true,false
39.033,1171,simulation,255.877,322.109,256,321,,,1,TRACK,1.835,-1.282,-0.712,1.166,3.783,0.77,true,false
39.067,1172,simulation,253.888,325.721,253,325,,,1,TRACK,1.809,-1.241,-0.773,1.231,3.602,0.8,true,false
39.1,1173,simulation,252.092,329.14,252,329,,,1,TRACK,1.783,-1.198,-0.776,1.295,3.136,0.77,true,false
39.133,1174,simulation,250.181,332.36,250,332,,,1,TRACK,1.756,-1.153,-0.81,1.331,2.745,0.78,true,false
39.167,1175,simulation,248.325,335.515,248,335,,,1,TRACK,1.728,-1.108,-0.843,1.371,2.477,0.88,true,false
39.2,1176,simulation,246.52,338.574,246,338,,,1,TRACK,1.699,-1.06,-0.876,1.413,2.249,0.8,true,false
39.233,1177,simulation,244.766,341.511,244,341,,,1,TRACK,1.669,-1.012,-0.908,1.456,2.011,5.13,true,false
39.267,1178,simulation,243.064,344.304,243,344,,,1,TRACK,1.638,-0.962,-0.914,1.501,1.648,8.77,true,false
39.3,1179,simulation,241.272,346.932,241,347,,,1,TRACK,1.607,-0.91,-0.95,1.547,1.174,0.79,true,false
39.333,1180,simulation,239.556,349.378,239,349,,,1,TRACK,1.574,-0.858,-0.985,1.566,0.942,0.83,true,false
39.367,1181,simulation,237.91,351.767,237,351,,,1,TRACK,1.54,-0.805,-1.019,1.59,1.002,0.8,true,false
39.4,1182,simulation,236.332,354.061,236,354,,,1,TRACK,1.506,-0.75,-1.026,1.644,0.797,0.77,true,false
39.433,1183,simulation,234.68,356.088,234,356,,,1,TRACK,1.47,-0.695,-1.062,1.669,0.801,0.77,true,false
39.467,1184,simulation,233.117,357.986,233,357,,,1,TRACK,1.435,-0.639,-1.071,1.67,0.731,0.8,true,false
39.5,1185,simulation,231.496,359.869,231,359,,,1,TRACK,1.398,-0.582,-1.11,1.704,0.78,0.77,true,false
39.533,1186,simulation,229.976,361.55,229,361,,,1,TRACK,1.359,-0.524,-1.146,1.737,1.118,0.81,true,false
39.567,1187,simulation,228.549,363.014,228,363,,,1,TRACK,1.321,-0.465,-1.155,1.771,1.482,0.78,true,false
39.6,1188,simulation,227.071,364.248,227,363,,,1,TRACK,1.282,-0.407,-1.167,1.752,1.434,0.81,true,false
39.633,1189,simulation,225.56,365.521,225,365,,,1,TRACK,1.242,-0.347,-1.207,1.793,1.652,0.77,true,false
39.667,1190,simulation,224.17,366.493,223,366,,,1,TRACK,1.2,-0.287,-1.245,1.806,2.125,0.83,true,false
39.7,1191,simulation,222.893,367.305,222,367,,,1,TRACK,1.158,-0.226,-1.255,1.821,2.551,0.77,true,false
39.733,1192,simulation,221.58,367.933,221,367,,,1,TRACK,1.116,-0.166,-1.268,1.811,2.675,0.79,true,false
39.767,1193,simulation,220.249,368.495,219,368,,,1,TRACK,1.073,-0.105,-1.309,1.832,3.01,0.78,true,false
39.8,1194,simulation,219.053,368.811,218,369,,,1,TRACK,1.028,-0.043,-1.321,1.853,3.558,0.76,true,false
39.833,1195,simulation,217.842,368.869,217,368,,,1,TRACK,0.984,0.018,-1.335,1.821,3.705,28.3,true,false
39.867,1196,simulation,216.628,368.943,217,368,,,1,TRACK,0.94,0.078,-1.325,1.823,3.561,0.8,true,false
39.9,1197,simulation,215.281,368.838,215,368,,,1,TRACK,0.894,0.139,-1.372,1.826,3.644,0.82,true,false
39.933,1198,simulation,214.114,368.533,214,368,,,1,TRACK,0.848,0.2,-1.388,1.829,3.915,0.86,true,false
39.967,1199,simulation,212.963,368.013,212,368,,,1,TRACK,0.8,0.261,-1.432,1.834,4.46,0.99,true,false
40,1200,simulation,211.979,367.262,211,367,,,1,TRACK,0.752,0.322,-1.446,1.812,4.899,0.79,true,false
40.033,1201,simulation,211.005,366.408,211,366,,,1,TRACK,0.704,0.382,-1.435,1.794,5.063,0.82,true,false
40.067,1202,simulation,209.911,365.418,209,365,,,1,TRACK,0.655,0.441,-1.482,1.779,5.29,0.78,true,false
40.1,1203,simulation,209.01,364.264,208,363,,,1,TRACK,0.605,0.499,-1.498,1.74,5.295,0.77,true,false
40.133,1204,simulation,208.141,363.069,207,362,,,1,TRACK,0.554,0.557,-1.516,1.732,5.372,2.15,true,false
40.167,1205,simulation,207.312,361.652,206,361,,,1,TRACK,0.503,0.614,-1.534,1.724,5.679,0.81,true,false
40.2,1206,simulation,206.53,360.005,207,360,,,1,TRACK,0.453,0.671,-1.499,1.716,5.964,0.77,true,false
40.233,1207,simulation,205.515,358.12,206,358,,,1,TRACK,0.402,0.727,-1.526,1.681,6.213,0.79,true,false
40.267,1208,simulation,204.598,356.129,204,356,,,1,TRACK,0.35,0.782,-1.577,1.649,6.517,0.79,true,false
40.3,1209,simulation,203.912,354.005,203,354,,,1,TRACK,0.296,0.836,-1.596,1.621,6.867,0.79,true,false
40.333,1210,simulation,203.289,351.724,203,351,,,1,TRACK,0.244,0.889,-1.588,1.567,6.875,0.81,true,false
40.367,1211,simulation,202.592,349.411,202,349,,,1,TRACK,0.19,0.94,-1.612,1.545,6.96,0.78,true,false
40.4,1212,simulation,201.986,346.891,202,347,,,1,TRACK,0.136,0.991,-1.607,1.522,7.222,0.8,true,false
40.433,1213,simulation,201.328,344.158,201,343,,,1,TRACK,0.082,1.039,-1.633,1.446,7.095,0.79,true,false
40.467,1214,simulation,200.778,341.49,200,341,,,1,TRACK,0.027,1.087,-1.656,1.43,7.186,0.78,true,false
40.5,1215,simulation,200.331,338.559,200,338,,,1,TRACK,-0.028,1.133,-1.652,1.386,7.314,0.8,true,false
40.533,1216,simulation,199.841,335.513,200,335,,,1,TRACK,-0.084,1.178,-1.651,1.343,7.374,0.77,true,false
40.567,1217,simulation,199.329,332.336,198,332,,,1,TRACK,-0.14,1.221,-1.705,1.301,7.635,0.79,true,false
40.6,1218,simulation,199.091,329.017,198,329,,,1,TRACK,-0.197,1.263,-1.7,1.261,7.983,0.78,true,false
40.633,1219,simulation,198.815,325.546,199,325,,,1,TRACK,-0.253,1.303,-1.672,1.194,7.939,0.79,true,false
40.667,1220,simulation,198.378,322.058,197,322,,,1,TRACK,-0.31,1.342,-1.729,1.158,8.147,0.81,true,false
40.7,1221,simulation,198.245,318.383,198,318,,,1,TRACK,-0.367,1.378,-1.7,1.095,8.183,0.77,true,false
40.733,1222,simulation,197.952,314.668,198,315,,,1,TRACK,-0.424,1.413,-1.704,1.061,8.337,1.02,true,false
40.767,1223,simulation,197.68,310.75,197,310,,,1,TRACK,-0.482,1.446,-1.735,0.973,8.24,0.8,true,false
40.8,1224,simulation,197.577,306.92,197,307,,,1,TRACK,-0.54,1.477,-1.736,0.943,8.344,0.79,true,false
40.833,1225,simulation,197.486,302.859,197,303,,,1,TRACK,-0.598,1.507,-1.738,0.884,8.512,0.79,true,false
40.867,1226,simulation,197.418,298.726,197,298,,,1,TRACK,-0.656,1.533,-1.742,0.8,8.33,0.78,true,false
40.9,1227,simulation,197.382,294.652,197,294,,,1,TRACK,-0.714,1.558,-1.746,0.748,8.132,0.8,true,false
40.933,1228,simulation,197.386,290.47,197,290,,,1,TRACK,-0.772,1.581,-1.751,0.694,8.071,1.07,true,false
40.967,1229,simulation,197.434,286.185,197,286,,,1,TRACK,-0.831,1.603,-1.756,0.641,8.138,0.79,true,false
41,1230,simulation,197.531,281.798,197,282,,,1,TRACK,-0.889,1.622,-1.761,0.586,8.33,0.8,true,false
41.033,1231,simulation,197.682,277.314,197,276,,,1,TRACK,-0.948,1.638,-1.767,0.479,8.011,0.79,true,false
41.067,1232,simulation,197.891,273.019,198,273,,,1,TRACK,-1.006,1.654,-1.746,0.458,7.943,0.81,true,false
41.1,1233,simulation,198.018,268.45,197,268,,,1,TRACK,-1.066,1.666,-1.782,0.378,7.986,0.82,true,false
41.133,1234,simulation,198.373,263.93,198,263,,,1,TRACK,-1.125,1.676,-1.76,0.301,7.755,0.78,true,false
41.167,1235,simulation,198.648,259.444,198,259,,,1,TRACK,-1.184,1.685,-1.769,0.253,7.684,0.81,true,false
41.2,1236,simulation,199.009,254.842,198,254,,,1,TRACK,-1.243,1.691,-1.777,0.175,7.6,0.78,true,false
41.233,1237,simulation,199.456,250.285,199,250,,,1,TRACK,-1.301,1.695,-1.758,0.127,7.577,0.79,true,false
41.267,1238,simulation,199.846,245.624,199,245,,,1,TRACK,-1.36,1.696,-1.769,0.049,7.503,27.55,true,false
41.3,1239,simulation,200.341,241.018,200,241,,,1,TRACK,-1.419,1.696,-1.751,0,7.505,0.83,true,false
41.333,1240,simulation,200.795,236.322,200,236,,,1,TRACK,-1.477,1.694,-1.763,-0.078,7.468,0.82,true,false
41.367,1241,simulation,201.367,231.695,200,231,,,1,TRACK,-1.537,1.689,-1.773,-0.154,7.359,0.76,true,false
41.4,1242,simulation,202.051,227.133,202,227,,,1,TRACK,-1.594,1.682,-1.729,-0.202,7.193,0.85,true,false
41.433,1243,simulation,202.558,222.494,202,222,,,1,TRACK,-1.652,1.673,-1.744,-0.28,6.99,0.79,true,false
41.467,1244,simulation,203.21,217.944,202,217,,,1,TRACK,-1.711,1.661,-1.757,-0.356,6.772,0.79,true,false
41.5,1245,simulation,203.995,213.48,204,213,,,1,TRACK,-1.768,1.647,-1.714,-0.404,6.504,0.82,true,false
41.533,1246,simulation,204.62,208.964,204,208,,,1,TRACK,-1.826,1.631,-1.731,-0.482,6.218,5.13,true,false
41.567,1247,simulation,205.405,204.562,205,204,,,1,TRACK,-1.883,1.613,-1.717,-0.532,6.046,0.85,true,false
41.6,1248,simulation,206.192,200.133,205,200,,,1,TRACK,-1.941,1.594,-1.732,-0.584,6.167,0.79,true,false
41.633,1249,simulation,207.135,195.701,207,195,,,1,TRACK,-1.997,1.572,-1.691,-0.666,5.911,0.79,true,false
41.667,1250,simulation,207.936,191.429,208,191,,,1,TRACK,-2.053,1.548,-1.682,-0.718,5.592,1.82,true,false
41.7,1251,simulation,208.772,187.171,208,186,,,1,TRACK,-2.11,1.521,-1.699,-0.799,5.296,0.77,true,false
41.733,1252,simulation,209.787,183.093,210,183,,,1,TRACK,-2.165,1.494,-1.66,-0.824,5.131,0.78,true,false
41.767,1253,simulation,210.679,178.909,210,178,,,1,TRACK,-2.221,1.463,-1.679,-0.909,4.952,0.8,true,false
41.8,1254,simulation,211.762,174.947,211,175,,,1,TRACK,-2.277,1.432,-1.667,-0.937,5.035,0.78,true,false
41.833,1255,simulation,212.875,170.916,212,171,,,1,TRACK,-2.332,1.399,-1.656,-0.998,5.14,0.77,true,false
41.867,1256,simulation,214.024,167.001,213,166,,,1,TRACK,-2.387,1.363,-1.646,-1.084,4.924,2.79,true,false
41.9,1257,simulation,215.216,163.353,215,163,,,1,TRACK,-2.44,1.326,-1.609,-1.114,4.606,3.75,true,false
41.933,1258,simulation,216.313,159.681,215,159,,,1,TRACK,-2.495,1.286,-1.63,-1.176,4.546,0.78,true,false
41.967,1259,simulation,217.623,156.166,217,156,,,1,TRACK,-2.548,1.246,-1.593,-1.211,4.457,0.76,true,false
42,1260,simulation,218.84,152.679,219,153,,,1,TRACK,-2.6,1.205,-1.56,-1.249,4.187,0.8,true,false
42.033,1261,simulation,219.989,149.251,220,148,,,1,TRACK,-2.652,1.16,-1.557,-1.343,3.657,0.78,true,false
42.067,1262,simulation,221.229,146.194,220,145,,,1,TRACK,-2.704,1.114,-1.578,-1.378,3.631,0.79,true,false
42.1,1263,simulation,222.695,143.205,223,143,,,1,TRACK,-2.755,1.067,-1.515,-1.39,3.401,0.96,true,false
42.133,1264,simulation,223.936,140.176,224,139,,,1,TRACK,-2.805,1.019,-1.512,-1.462,3.071,0.8,true,false
42.167,1265,simulation,225.28,137.438,225,137,,,1,TRACK,-2.855,0.969,-1.508,-1.478,3.038,0.81,true,false
42.2,1266,simulation,226.719,134.705,226,134,,,1,TRACK,-2.905,0.919,-1.502,-1.526,3.205,0.8,true,false
42.233,1267,simulation,228.246,132.161,228,132,,,1,TRACK,-2.954,0.867,-1.468,-1.547,3.212,0.8,true,false
42.267,1268,simulation,229.716,129.679,230,129,,,1,TRACK,-3.002,0.814,-1.437,-1.598,2.985,2.83,true,false
42.3,1269,simulation,231.146,127.434,230,127,,,1,TRACK,-3.051,0.76,-1.462,-1.622,3.288,0.9,true,false
42.333,1270,simulation,232.835,125.293,232,124,,,1,TRACK,-3.099,0.704,-1.427,-1.675,3.629,0.78,true,false
42.367,1271,simulation,234.466,123.428,234,123,,,1,TRACK,-3.145,0.648,-1.395,-1.674,3.683,0.76,true,false
42.4,1272,simulation,236.06,121.559,235,121,,,1,TRACK,-3.192,0.591,-1.393,-1.705,3.883,0.78,true,false
42.433,1273,simulation,237.773,119.879,238,119,,,1,TRACK,-3.236,0.533,-1.335,-1.738,3.783,0.77,true,false
42.467,1274,simulation,239.31,118.405,239,118,,,1,TRACK,-3.281,0.475,-1.336,-1.744,3.762,3.11,true,false
42.5,1275,simulation,240.991,117.011,241,117,,,1,TRACK,-3.324,0.417,-1.307,-1.754,3.679,0.76,true,false
42.533,1276,simulation,242.655,115.734,242,115,,,1,TRACK,-3.368,0.357,-1.306,-1.794,3.958,0.75,true,false
42.567,1277,simulation,244.453,114.745,244,114,,,1,TRACK,-3.41,0.297,-1.276,-1.806,4.271,0.78,true,false
42.6,1278,simulation,246.231,113.906,246,114,,,1,TRACK,-3.452,0.237,-1.247,-1.794,4.275,0.76,true,false
42.633,1279,simulation,247.999,113.102,247,113,,,1,TRACK,-3.493,0.176,-1.246,-1.813,4.492,2.04,true,false
42.667,1280,simulation,249.907,112.519,249,112,,,1,TRACK,-3.534,0.115,-1.216,-1.833,4.85,2.51,true,false
42.7,1281,simulation,251.799,112.172,251,112,,,1,TRACK,-3.573,0.054,-1.187,-1.827,5.056,0.79,true,false
42.733,1282,simulation,253.685,111.93,253,111,,,1,TRACK,-3.612,-0.007,-1.16,-1.85,5.375,0.78,true,false
42.767,1283,simulation,255.575,111.969,255,111,,,1,TRACK,-3.65,-0.069,-1.133,-1.846,5.703,0.84,true,false
42.8,1284,simulation,257.472,112.155,257,112,,,1,TRACK,-3.687,-0.129,-1.107,-1.819,5.739,0.78,true,false
42.833,1285,simulation,259.381,112.375,259,112,,,1,TRACK,-3.723,-0.19,-1.081,-1.824,5.793,0.78,true,false
42.867,1286,simulation,261.305,112.813,261,112,,,1,TRACK,-3.758,-0.251,-1.055,-1.829,6.032,0.78,true,false
42.9,1287,simulation,263.246,113.484,262,113,,,1,TRACK,-3.793,-0.311,-1.056,-1.808,6.364,0.75,true,false
42.933,1288,simulation,265.348,114.257,265,114,,,1,TRACK,-3.827,-0.371,-1,-1.791,6.438,8.23,true,false
42.967,1289,simulation,267.307,115.167,267,114,,,1,TRACK,-3.859,-0.431,-0.976,-1.803,6.737,0.8,true,false
43,1290,simulation,269.295,116.379,268,116,,,1,TRACK,-3.892,-0.49,-0.978,-1.76,7.008,0.77,true,false
43.033,1291,simulation,271.451,117.611,271,117,,,1,TRACK,-3.922,-0.548,-0.922,-1.75,7.144,0.75,true,false
43.067,1292,simulation,273.471,119.049,273,119,,,1,TRACK,-3.952,-0.605,-0.898,-1.713,7.103,27.94,true,false
43.1,1293,simulation,275.523,120.563,275,120,,,1,TRACK,-3.981,-0.662,-0.874,-1.708,7.244,0.75,true,false
43.133,1294,simulation,277.605,122.327,277,122,,,1,TRACK,-4.01,-0.718,-0.848,-1.674,7.391,0.78,true,false
43.167,1295,simulation,279.715,124.204,280,124,,,1,TRACK,-4.036,-0.773,-0.796,-1.644,7.359,0.77,true,false
43.2,1296,simulation,281.712,126.22,281,126,,,1,TRACK,-4.063,-0.827,-0.801,-1.616,7.476,0.85,true,false
43.233,1297,simulation,283.897,128.394,283,128,,,1,TRACK,-4.089,-0.88,-0.774,-1.59,7.725,0.77,true,false
43.267,1298,simulation,286.103,130.743,285,130,,,1,TRACK,-4.114,-0.932,-0.747,-1.564,8.085,7.34,true,false
43.3,1299,simulation,288.33,133.278,288,133,,,1,TRACK,-4.137,-0.982,-0.694,-1.513,8.15,0.77,true,false
43.333,1300,simulation,290.439,135.871,290,135,,,1,TRACK,-4.159,-1.032,-0.671,-1.492,8.342,0.75,true,false
43.367,1301,simulation,292.592,138.692,292,138,,,1,TRACK,-4.181,-1.08,-0.647,-1.444,8.533,0.77,true,false
43.4,1302,simulation,294.784,141.6,294,141,,,1,TRACK,-4.202,-1.127,-0.622,-1.398,8.659,4.51,true,false
43.433,1303,simulation,297.009,144.619,296,144,,,1,TRACK,-4.221,-1.172,-0.597,-1.355,8.793,1.05,true,false
43.467,1304,simulation,299.266,147.766,298,148,,,1,TRACK,-4.24,-1.215,-0.57,-1.287,8.676,0.82,true,false
43.5,1305,simulation,301.552,150.912,301,150,,,1,TRACK,-4.25,-1.257,-0.518,-1.277,8.814,0.85,true,false
43.533,1306,simulation,302.498,154.371,302,154,,,1,TRACK,-4.25,-1.298,-0.521,-1.209,8.612,0.76,true,false
43.567,1307,simulation,302.077,157.84,302,158,,,1,TRACK,-4.25,-1.336,-0.546,-1.146,8.203,0.92,true,false
43.6,1308,simulation,301.825,161.347,301,161,,,1,TRACK,-4.25,-1.373,-0.591,-1.112,8.233,0.84,true,false
43.633,1309,simulation,301.741,165.053,301,165,,,1,TRACK,-4.25,-1.408,-0.599,-1.05,8.261,0.77,true,false
43.667,1310,simulation,301.826,168.811,301,168,,,1,TRACK,-4.25,-1.442,-0.606,-1.018,8.497,0.78,true,false
43.7,1311,simulation,302.079,172.779,302,173,,,1,TRACK,-4.25,-1.473,-0.584,-0.93,8.411,0.77,true,false
43.733,1312,simulation,302.501,176.662,302,176,,,1,TRACK,-4.25,-1.503,-0.591,-0.901,8.493,0.79,true,false
43.767,1313,simulation,303.091,180.78,303,180,,,1,TRACK,-4.25,-1.531,-0.571,-0.842,8.687,0.78,true,false
43.8,1314,simulation,303.849,184.973,303,185,,,1,TRACK,-4.25,-1.556,-0.579,-0.758,8.504,0.79,true,false
43.833,1315,simulation,304.774,189.106,304,189,,,1,TRACK,-4.25,-1.58,-0.558,-0.705,8.331,0.78,true,false
43.867,1316,simulation,305.867,193.348,305,193,,,1,TRACK,-4.25,-1.602,-0.54,-0.652,8.317,0.85,true,false
43.9,1317,simulation,307.128,197.693,307,197,,,1,TRACK,-4.25,-1.621,-0.497,-0.598,8.439,0.77,true,false
43.933,1318,simulation,308.555,202.138,308,201,,,1,TRACK,-4.25,-1.64,-0.485,-0.544,8.693,0.77,true,false
43.967,1319,simulation,310.148,206.679,310,206,,,1,TRACK,-4.25,-1.655,-0.446,-0.463,8.72,0.78,true,false
44,1320,simulation,311.907,211.17,311,211,,,1,TRACK,-4.25,-1.668,-0.438,-0.385,8.528,28.35,true,false
44.033,1321,simulation,313.831,215.627,313,215,,,1,TRACK,-4.25,-1.679,-0.401,-0.337,8.503,0.77,true,false
44.067,1322,simulation,315.92,220.203,315,220,,,1,TRACK,-4.25,-1.688,-0.367,-0.259,8.413,0.77,true,false
44.1,1323,simulation,318.172,224.74,318,224,,,1,TRACK,-4.25,-1.695,-0.309,-0.211,8.414,0.77,true,false
44.133,1324,simulation,320.588,229.386,320,229,,,1,TRACK,-4.25,-1.699,-0.282,-0.133,8.388,0.79,true,false
44.167,1325,simulation,323.166,233.984,323,234,,,1,TRACK,-4.25,-1.701,-0.228,-0.057,8.151,0.77,true,false
44.2,1326,simulation,325.906,238.538,325,238,,,1,TRACK,-4.25,-1.701,-0.204,-0.01,8.214,0.8,true,false
44.233,1327,simulation,328.806,243.194,328,242,,,1,TRACK,-4.25,-1.7,-0.152,0.041,8.507,0.79,true,false
44.267,1328,simulation,331.866,247.929,331,247,,,1,TRACK,-4.25,-1.696,-0.103,0.12,8.676,0.85,true,false
44.3,1329,simulation,335.085,252.584,335,252,,,1,TRACK,-4.25,-1.689,-0.029,0.197,8.517,0.78,true,false
44.333,1330,simulation,338.462,257.165,338,256,,,1,TRACK,-4.25,-1.681,0.013,0.245,8.59,0.77,true,false
44.367,1331,simulation,341.926,261.815,341,261,,,1,TRACK,-4.248,-1.671,0.055,0.323,8.634,0.78,true,false
44.4,1332,simulation,345.319,266.368,345,266,,,1,TRACK,-4.244,-1.657,0.125,0.4,8.302,0.76,true,false
44.433,1333,simulation,348.496,270.827,348,270,,,1,TRACK,-4.238,-1.642,0.164,0.448,8.056,0.78,true,false
44.467,1334,simulation,351.617,275.331,351,275,,,1,TRACK,-4.231,-1.625,0.205,0.526,7.726,0.77,true,false
44.5,1335,simulation,354.672,279.713,354,279,,,1,TRACK,-4.223,-1.606,0.247,0.576,7.479,0.79,true,false
44.533,1336,simulation,357.655,284.113,357,284,,,1,TRACK,-4.213,-1.584,0.289,0.656,7.079,0.78,true,false
44.567,1337,simulation,360.559,288.367,360,287,,,1,TRACK,-4.202,-1.561,0.332,0.68,6.991,0.8,true,false
44.6,1338,simulation,363.381,292.757,363,292,,,1,TRACK,-4.19,-1.536,0.376,0.764,6.739,0.77,true,false
44.633,1339,simulation,366.116,296.955,365,297,,,1,TRACK,-4.177,-1.507,0.393,0.844,6.284,0.8,true,false
44.667,1340,simulation,368.904,300.967,368,300,,,1,TRACK,-4.162,-1.478,0.441,0.87,6.105,0.77,true,false
44.7,1341,simulation,371.579,305.078,371,305,,,1,TRACK,-4.146,-1.447,0.488,0.955,5.655,0.77,true,false
44.733,1342,simulation,374.143,308.958,373,308,,,1,TRACK,-4.129,-1.414,0.508,0.983,5.499,0.84,true,false
44.767,1343,simulation,376.742,312.898,377,312,,,1,TRACK,-4.109,-1.379,0.585,1.043,5.155,0.78,true,false
44.8,1344,simulation,379.071,316.714,378,317,,,1,TRACK,-4.09,-1.341,0.576,1.13,4.611,0.8,true,false
44.833,1345,simulation,381.583,320.253,381,320,,,1,TRACK,-4.069,-1.303,0.628,1.16,4.196,0.79,true,false
44.867,1346,simulation,383.948,323.806,383,323,,,1,TRACK,-4.047,-1.263,0.652,1.195,4.073,0.78,true,false
44.9,1347,simulation,386.32,327.334,386,327,,,1,TRACK,-4.024,-1.221,0.705,1.261,3.711,0.75,true,false
44.933,1348,simulation,388.541,330.662,388,330,,,1,TRACK,-4,-1.178,0.729,1.298,3.415,0.78,true,false
44.967,1349,simulation,390.763,333.927,390,333,,,1,TRACK,-3.974,-1.133,0.755,1.338,3.277,0.78,true,false
45,1350,simulation,392.972,337.099,393,336,,,1,TRACK,-3.947,-1.087,0.809,1.381,3.038,0.8,true,false
45.033,1351,simulation,395.015,340.155,395,340,,,1,TRACK,-3.92,-1.039,0.835,1.451,2.475,1.02,true,false
45.067,1352,simulation,397.045,342.93,396,342,,,1,TRACK,-3.892,-0.99,0.835,1.465,2.296,0.86,true,false
45.1,1353,simulation,399.192,345.71,399,345,,,1,TRACK,-3.862,-0.939,0.895,1.512,2.015,0.79,true,false
45.133,1354,simulation,401.141,348.308,401,348,,,1,TRACK,-3.831,-0.887,0.923,1.559,1.522,0.79,true,false
45.167,1355,simulation,403.055,350.71,403,350,,,1,TRACK,-3.799,-0.835,0.953,1.58,1.165,0.79,true,false
45.2,1356,simulation,404.923,353.042,405,353,,,1,TRACK,-3.767,-0.78,0.983,1.631,0.65,0.83,true,false
45.233,1357,simulation,406.741,355.127,407,355,,,1,TRACK,-3.733,-0.725,1.015,1.655,0.14,0.8,true,false
45.267,1358,simulation,408.503,357.099,408,357,,,1,TRACK,-3.699,-0.669,1.019,1.682,0.268,0.76,true,false
45.3,1359,simulation,410.345,358.927,410,358,,,1,TRACK,-3.664,-0.613,1.055,1.684,0.349,0.79,true,false
45.333,1360,simulation,412.102,360.726,411,360,,,1,TRACK,-3.628,-0.556,1.063,1.718,0.572,0.77,true,false
45.367,1361,simulation,413.918,362.313,414,362,,,1,TRACK,-3.591,-0.497,1.128,1.753,0.813,0.78,true,false
45.4,1362,simulation,415.49,363.675,415,364,,,1,TRACK,-3.553,-0.438,1.134,1.787,1.39,40.01,true,false
45.433,1363,simulation,417.129,364.797,416,364,,,1,TRACK,-3.515,-0.379,1.143,1.768,1.575,0.91,true,false
45.467,1364,simulation,418.81,365.95,418,366,,,1,TRACK,-3.475,-0.318,1.183,1.81,1.937,0.81,true,false
45.5,1365,simulation,420.375,366.795,420,366,,,1,TRACK,-3.435,-0.259,1.22,1.796,2.063,0.77,true,false
45.533,1366,simulation,421.831,367.615,422,367,,,1,TRACK,-3.393,-0.198,1.256,1.815,2.228,0.79,true,false
45.567,1367,simulation,423.183,368.223,423,368,,,1,TRACK,-3.351,-0.137,1.264,1.834,2.607,0.77,true,false
45.6,1368,simulation,424.574,368.603,424,368,,,1,TRACK,-3.308,-0.076,1.276,1.827,2.838,0.82,true,false
45.633,1369,simulation,425.985,368.882,425,368,,,1,TRACK,-3.265,-0.015,1.29,1.824,2.922,0.81,true,false
45.667,1370,simulation,427.401,369.027,426,368,,,1,TRACK,-3.222,0.046,1.305,1.823,2.994,0.78,true,false
45.7,1371,simulation,428.809,369.009,428,369,,,1,TRACK,-3.177,0.107,1.349,1.852,3.468,0.77,true,false
45.733,1372,simulation,430.061,368.665,429,368,,,1,TRACK,-3.131,0.168,1.362,1.824,3.756,0.76,true,false
45.767,1373,simulation,431.312,368.278,431,368,,,1,TRACK,-3.084,0.229,1.404,1.829,4.081,0.78,true,false
45.8,1374,simulation,432.407,367.664,432,367,,,1,TRACK,-3.037,0.289,1.417,1.808,4.303,0.78,true,false
45.833,1375,simulation,433.5,366.951,433,367,,,1,TRACK,-2.99,0.35,1.432,1.817,4.716,0.78,true,false
45.867,1376,simulation,434.577,365.965,434,365,,,1,TRACK,-2.941,0.409,1.448,1.772,4.798,3.13,true,false
45.9,1377,simulation,435.627,364.983,436,365,,,1,TRACK,-2.892,0.468,1.492,1.787,5.19,0.77,true,false
45.933,1378,simulation,436.499,363.673,436,363,,,1,TRACK,-2.842,0.527,1.48,1.746,5.37,0.82,true,false
45.967,1379,simulation,437.493,362.326,437,362,,,1,TRACK,-2.792,0.585,1.5,1.737,5.567,0.77,true,false
46,1380,simulation,438.432,360.757,438,360,,,1,TRACK,-2.742,0.641,1.519,1.702,5.667,0.8,true,false
46.033,1381,simulation,439.315,359.1,439,358,,,1,TRACK,-2.69,0.697,1.539,1.67,5.645,0.76,true,false
46.067,1382,simulation,440.138,357.324,439,356,,,1,TRACK,-2.639,0.752,1.532,1.641,5.539,2.4,true,false
46.1,1383,simulation,441.041,355.406,440,355,,,1,TRACK,-2.587,0.806,1.556,1.64,5.815,0.79,true,false
46.133,1384,simulation,441.857,353.186,441,353,,,1,TRACK,-2.535,0.86,1.578,1.611,6.242,0.81,true,false
46.167,1385,simulation,442.59,350.811,443,350,,,1,TRACK,-2.48,0.912,1.627,1.556,6.448,0.79,true,false
46.2,1386,simulation,443.1,348.405,443,348,,,1,TRACK,-2.427,0.963,1.617,1.533,6.696,0.78,true,false
46.233,1387,simulation,443.691,345.79,443,345,,,1,TRACK,-2.373,1.012,1.613,1.484,6.763,22.28,true,false
46.267,1388,simulation,444.334,343.102,444,343,,,1,TRACK,-2.318,1.061,1.638,1.465,7.04,0.87,true,false
46.3,1389,simulation,444.867,340.174,444,339,,,1,TRACK,-2.264,1.108,1.635,1.391,6.955,0.82,true,false
46.333,1390,simulation,445.439,337.291,445,337,,,1,TRACK,-2.208,1.153,1.661,1.377,7.121,0.77,true,false
46.367,1391,simulation,445.888,334.128,445,333,,,1,TRACK,-2.153,1.197,1.659,1.306,7.071,0.79,true,false
46.4,1392,simulation,446.364,330.979,445,330,,,1,TRACK,-2.098,1.239,1.66,1.268,6.985,4.89,true,false
46.433,1393,simulation,446.852,327.668,447,327,,,1,TRACK,-2.041,1.28,1.715,1.229,7.163,0.84,true,false
46.467,1394,simulation,447.055,324.192,446,324,,,1,TRACK,-1.984,1.32,1.684,1.191,7.45,0.79,true,false
46.5,1395,simulation,447.43,320.548,447,320,,,1,TRACK,-1.927,1.357,1.713,1.125,7.594,0.78,true,false
46.533,1396,simulation,447.652,316.873,447,317,,,1,TRACK,-1.87,1.394,1.713,1.09,7.874,0.77,true,false
46.567,1397,simulation,447.876,313.005,447,313,,,1,TRACK,-1.813,1.428,1.715,1.027,8.071,4.12,true,false
46.6,1398,simulation,448.088,309.088,447,309,,,1,TRACK,-1.756,1.46,1.718,0.967,8.135,0.79,true,false
46.633,1399,simulation,448.278,305.107,448,304,,,1,TRACK,-1.698,1.49,1.749,0.883,7.873,0.8,true,false
46.667,1400,simulation,448.297,301.19,448,301,,,1,TRACK,-1.639,1.518,1.749,0.856,7.918,0.8,true,false
46.7,1401,simulation,448.299,297.026,448,296,,,1,TRACK,-1.581,1.544,1.752,0.772,7.781,0.82,true,false
46.733,1402,simulation,448.275,292.921,448,292,,,1,TRACK,-1.522,1.568,1.755,0.72,7.629,0.78,true,false
46.767,1403,simulation,448.213,288.707,448,288,,,1,TRACK,-1.464,1.59,1.76,0.666,7.616,0.79,true,false
46.8,1404,simulation,448.108,284.39,447,284,,,1,TRACK,-1.406,1.611,1.738,0.613,7.643,0.78,true,false
46.833,1405,simulation,448.094,279.971,448,279,,,1,TRACK,-1.347,1.628,1.774,0.532,7.548,0.78,true,false
46.867,1406,simulation,447.864,275.598,447,275,,,1,TRACK,-1.288,1.644,1.752,0.481,7.484,0.78,true,false
46.9,1407,simulation,447.723,271.112,447,271,,,1,TRACK,-1.23,1.659,1.761,0.429,7.607,0.76,true,false
46.933,1408,simulation,447.502,266.522,447,266,,,1,TRACK,-1.171,1.67,1.768,0.349,7.596,0.81,true,false
46.967,1409,simulation,447.204,261.98,446,262,,,1,TRACK,-1.112,1.68,1.749,0.299,7.627,0.77,true,false
47,1410,simulation,446.97,257.331,447,257,,,1,TRACK,-1.053,1.688,1.787,0.22,7.636,3.78,true,false
47.033,1411,simulation,446.496,252.731,446,252,,,1,TRACK,-0.994,1.692,1.766,0.144,7.423,0.77,true,false
47.067,1412,simulation,446.09,248.17,446,247,,,1,TRACK,-0.935,1.695,1.775,0.07,7.087,2.83,true,false
47.1,1413,simulation,445.586,243.645,446,243,,,1,TRACK,-0.875,1.695,1.784,0.023,7.036,0.8,true,false
47.133,1414,simulation,444.987,239.012,444,239,,,1,TRACK,-0.817,1.695,1.738,-0.027,7.067,5.66,true,false
47.167,1415,simulation,444.577,234.296,444,234,,,1,TRACK,-0.759,1.691,1.753,-0.106,7.003,0.78,true,false
47.2,1416,simulation,444.032,229.656,443,229,,,1,TRACK,-0.701,1.685,1.739,-0.182,6.724,0.79,true,false
47.233,1417,simulation,443.506,225.087,443,224,,,1,TRACK,-0.642,1.676,1.753,-0.257,6.352,0.78,true,false
47.267,1418,simulation,442.843,220.588,443,220,,,1,TRACK,-0.584,1.666,1.764,-0.305,6.277,0.79,true,false
47.3,1419,simulation,442.054,216.02,441,215,,,1,TRACK,-0.526,1.654,1.721,-0.382,5.969,0.77,true,false
47.333,1420,simulation,441.43,211.551,441,211,,,1,TRACK,-0.468,1.639,1.737,-0.431,5.832,1.69,true,false
47.367,1421,simulation,440.649,207.038,440,207,,,1,TRACK,-0.411,1.623,1.724,-0.484,5.89,0.76,true,false
47.4,1422,simulation,439.867,202.505,440,202,,,1,TRACK,-0.353,1.604,1.738,-0.564,5.857,0.79,true,false
47.433,1423,simulation,438.932,198.115,438,197,,,1,TRACK,-0.296,1.583,1.697,-0.642,5.414,0.77,true,false
47.467,1424,simulation,438.14,193.865,437,194,,,1,TRACK,-0.24,1.561,1.688,-0.666,5.295,0.82,true,false
47.5,1425,simulation,437.314,189.471,436,189,,,1,TRACK,-0.184,1.536,1.679,-0.749,5.067,0.78,true,false
47.533,1426,simulation,436.451,185.264,435,184,,,1,TRACK,-0.129,1.508,1.671,-0.83,4.503,0.77,true,false
47.567,1427,simulation,435.549,181.237,435,181,,,1,TRACK,-0.072,1.479,1.689,-0.855,4.416,0.79,true,false
47.6,1428,simulation,434.462,177.108,434,176,,,1,TRACK,-0.016,1.448,1.676,-0.939,4.204,0.78,true,false
47.633,1429,simulation,433.352,173.206,433,172,,,1,TRACK,0.039,1.415,1.665,-0.994,3.923,0.79,true,false
47.667,1430,simulation,432.208,169.381,432,169,,,1,TRACK,0.094,1.381,1.654,-1.024,3.942,6.66,true,false
47.7,1431,simulation,431.024,165.514,431,165,,,1,TRACK,0.149,1.345,1.644,-1.086,3.975,0.81,true,false
47.733,1432,simulation,429.794,161.786,429,161,,,1,TRACK,0.203,1.306,1.608,-1.147,3.682,0.78,true,false
47.767,1433,simulation,428.656,158.206,429,158,,,1,TRACK,0.257,1.267,1.629,-1.181,3.751,0.8,true,false
47.8,1434,simulation,427.301,154.644,427,154,,,1,TRACK,0.31,1.226,1.592,-1.246,3.62,0.77,true,false
47.833,1435,simulation,426.038,151.276,425,151,,,1,TRACK,0.362,1.183,1.56,-1.283,3.265,0.8,true,false
47.867,1436,simulation,424.841,147.966,424,148,,,1,TRACK,0.414,1.139,1.557,-1.323,3.056,9.88,true,false
47.9,1437,simulation,423.55,144.743,423,144,,,1,TRACK,0.466,1.092,1.552,-1.392,2.82,0.79,true,false
47.933,1438,simulation,422.172,141.774,422,141,,,1,TRACK,0.517,1.045,1.545,-1.431,2.736,0.78,true,false
47.967,1439,simulation,420.714,138.919,420,139,,,1,TRACK,0.568,0.996,1.511,-1.447,2.659,0.77,true,false
48,1440,simulation,419.318,136.061,419,136,,,1,TRACK,0.618,0.947,1.508,-1.495,2.652,4.39,true,false
48.033,1441,simulation,417.824,133.386,417,133,,,1,TRACK,0.667,0.895,1.475,-1.542,2.465,0.77,true,false
48.067,1442,simulation,416.381,130.906,416,131,,,1,TRACK,0.716,0.843,1.472,-1.563,2.453,0.77,true,false
48.1,1443,simulation,414.829,128.493,414,128,,,1,TRACK,0.764,0.789,1.441,-1.615,2.338,0.78,true,false
48.133,1444,simulation,413.321,126.325,413,126,,,1,TRACK,0.812,0.735,1.438,-1.638,2.423,0.79,true,false
48.167,1445,simulation,411.698,124.267,411,123,,,1,TRACK,0.859,0.678,1.407,-1.692,2.556,0.83,true,false
48.2,1446,simulation,410.113,122.492,410,122,,,1,TRACK,0.906,0.622,1.405,-1.69,2.818,8.05,true,false
48.233,1447,simulation,408.409,120.721,408,121,,,1,TRACK,0.951,0.565,1.373,-1.696,2.845,0.85,true,false
48.267,1448,simulation,406.738,119.002,406,119,,,1,TRACK,0.996,0.508,1.344,-1.732,2.782,0.76,true,false
48.3,1449,simulation,405.087,117.517,405,117,,,1,TRACK,1.041,0.449,1.343,-1.767,3.068,0.8,true,false
48.333,1450,simulation,403.304,116.275,402,116,,,1,TRACK,1.084,0.389,1.286,-1.776,3.058,0.79,true,false
48.367,1451,simulation,401.685,115.145,402,115,,,1,TRACK,1.128,0.33,1.315,-1.788,3.382,0.78,true,false
48.4,1452,simulation,399.773,114.16,400,113,,,1,TRACK,1.171,0.269,1.283,-1.829,3.999,0.83,true,false
48.433,1453,simulation,397.892,113.489,398,113,,,1,TRACK,1.212,0.208,1.253,-1.815,4.341,0.8,true,false
48.467,1454,simulation,396.025,112.85,395,113,,,1,TRACK,1.252,0.148,1.198,-1.807,4.146,0.77,true,false
48.5,1455,simulation,394.304,112.29,394,112,,,1,TRACK,1.292,0.087,1.202,-1.83,4.236,0.76,true,false
48.533,1456,simulation,392.419,111.987,392,111,,,1,TRACK,1.331,0.026,1.174,-1.852,4.649,0.78,true,false
48.567,1457,simulation,390.532,111.949,390,112,,,1,TRACK,1.37,-0.035,1.148,-1.82,4.736,0.76,true,false
48.6,1458,simulation,388.637,111.902,388,112,,,1,TRACK,1.407,-0.096,1.122,-1.822,4.725,0.78,true,false
48.633,1459,simulation,386.73,112.039,386,111,,,1,TRACK,1.444,-0.158,1.096,-1.852,5.121,0.79,true,false
48.667,1460,simulation,384.809,112.521,384,112,,,1,TRACK,1.479,-0.218,1.07,-1.825,5.408,0.83,true,false
48.7,1461,simulation,382.869,113.06,382,113,,,1,TRACK,1.514,-0.279,1.045,-1.804,5.454,0.79,true,false
48.733,1462,simulation,380.911,113.698,381,114,,,1,TRACK,1.549,-0.338,1.046,-1.787,5.516,0.81,true,false
48.767,1463,simulation,378.789,114.466,378,114,,,1,TRACK,1.582,-0.398,0.991,-1.8,5.761,0.81,true,false
48.8,1464,simulation,376.809,115.533,376,115,,,1,TRACK,1.614,-0.458,0.966,-1.783,6.057,0.78,true,false
48.833,1465,simulation,374.798,116.755,375,116,,,1,TRACK,1.647,-0.517,0.968,-1.769,6.502,0.78,true,false
48.867,1466,simulation,372.618,118.158,373,118,,,1,TRACK,1.678,-0.574,0.94,-1.73,6.746,0.79,true,false
48.9,1467,simulation,370.431,119.618,370,119,,,1,TRACK,1.707,-0.632,0.885,-1.723,6.94,0.82,true,false
48.933,1468,simulation,368.373,121.314,368,121,,,1,TRACK,1.736,-0.688,0.862,-1.688,7.052,0.83,true,false
48.967,1469,simulation,366.276,123.111,366,123,,,1,TRACK,1.764,-0.743,0.838,-1.658,7.096,0.82,true,false
49,1470,simulation,364.146,125.037,364,125,,,1,TRACK,1.791,-0.797,0.813,-1.629,7.152,27.52,true,false
49.033,1471,simulation,361.983,127.115,361,127,,,1,TRACK,1.817,-0.851,0.762,-1.602,7.178,0.8,true,false
49.067,1472,simulation,359.933,129.36,359,129,,,1,TRACK,1.841,-0.903,0.74,-1.576,7.321,0.79,true,false
49.1,1473,simulation,357.832,131.788,357,132,,,1,TRACK,1.865,-0.954,0.717,-1.525,7.316,0.79,true,false
49.133,1474,simulation,355.689,134.268,356,134,,,1,TRACK,1.889,-1.004,0.719,-1.504,7.544,1.1,true,false
49.167,1475,simulation,353.367,136.971,353,137,,,1,TRACK,1.911,-1.053,0.664,-1.456,7.664,0.94,true,false
49.2,1476,simulation,351.173,139.759,350,139,,,1,TRACK,1.932,-1.101,0.613,-1.437,7.909,0.99,true,false
49.233,1477,simulation,349.083,142.795,349,142,,,1,TRACK,1.952,-1.147,0.619,-1.39,8.262,0.77,true,false
49.267,1478,simulation,346.797,145.936,347,146,,,1,TRACK,1.972,-1.191,0.592,-1.319,8.281,0.8,true,false
49.3,1479,simulation,344.485,149.06,344,149,,,1,TRACK,1.99,-1.234,0.539,-1.281,8.21,0.78,true,false
49.333,1480,simulation,342.29,152.342,342,151,,,1,TRACK,2.007,-1.276,0.516,-1.269,8.62,0.79,true,false
49.367,1481,simulation,340.05,155.93,340,155,,,1,TRACK,2.024,-1.316,0.491,-1.2,8.926,0.77,true,false
49.4,1482,simulation,337.771,159.522,337,159,,,1,TRACK,2.038,-1.354,0.44,-1.136,8.895,0.79,true,false
49.433,1483,simulation,335.6,163.15,335,163,,,1,TRACK,2.052,-1.39,0.418,-1.075,8.711,0.83,true,false
49.467,1484,simulation,333.377,166.834,333,166,,,1,TRACK,2.065,-1.425,0.394,-1.043,8.807,0.78,true,false
49.5,1485,simulation,331.112,170.731,331,170,,,1,TRACK,2.078,-1.457,0.369,-0.982,8.937,1.45,true,false
49.533,1486,simulation,328.812,174.688,329,174,,,1,TRACK,2.089,-1.488,0.343,-0.923,9.012,0.81,true,false
49.567,1487,simulation,326.481,178.718,326,178,,,1,TRACK,2.099,-1.517,0.29,-0.866,9.018,0.77,true,false
49.6,1488,simulation,324.264,182.831,324,183,,,1,TRACK,2.108,-1.543,0.267,-0.783,8.722,0.84,true,false
49.633,1489,simulation,322.002,186.891,322,187,,,1,TRACK,2.116,-1.567,0.243,-0.731,8.466,0.81,true,false
49.667,1490,simulation,319.703,191.063,319,191,,,1,TRACK,2.122,-1.59,0.191,-0.678,8.321,0.79,true,false
49.7,1491,simulation,317.515,195.342,317,194,,,1,TRACK,2.128,-1.612,0.168,-0.652,8.656,0.79,true,false
49.733,1492,simulation,315.281,199.865,315,199,,,1,TRACK,2.132,-1.631,0.144,-0.567,8.845,0.85,true,false
49.767,1493,simulation,313.01,204.324,313,204,,,1,TRACK,2.136,-1.647,0.118,-0.488,8.708,0.76,true,false
49.8,1494,simulation,310.709,208.743,310,209,,,1,TRACK,2.139,-1.661,0.065,-0.411,8.301,0.78,true,false
49.833,1495,simulation,308.527,213.135,308,213,,,1,TRACK,2.14,-1.673,0.042,-0.363,8.077,0.8,true,false
49.867,1496,simulation,306.304,217.651,306,218,,,1,TRACK,2.141,-1.682,0.017,-0.286,7.805,0.8,true,false
49.9,1497,simulation,304.05,222.133,304,221,,,1,TRACK,2.14,-1.691,-0.01,-0.264,8.046,0.79,true,false
49.933,1498,simulation,301.772,226.87,302,227,,,1,TRACK,2.139,-1.696,-0.037,-0.157,7.924,1.33,true,false
49.967,1499,simulation,299.476,231.4,299,230,,,1,TRACK,2.136,-1.701,-0.091,-0.136,8.116,1.03,true,false
50,1500,simulation,297.308,236.182,297,236,,,1,TRACK,2.132,-1.702,-0.115,-0.028,7.952,0.82,true,false
50.033,1501,simulation,295.108,240.748,295,240,,,1,TRACK,2.127,-1.701,-0.141,0.019,7.844,0.77,true,false
50.067,1502,simulation,292.885,245.414,293,245,,,1,TRACK,2.122,-1.698,-0.168,0.096,7.688,0.79,true,false
50.1,1503,simulation,290.646,250.015,291,250,,,1,TRACK,2.115,-1.692,-0.196,0.171,7.372,0.8,true,false
50.133,1504,simulation,288.398,254.554,288,254,,,1,TRACK,2.107,-1.685,-0.251,0.219,7.203,0.82,true,false
50.167,1505,simulation,286.285,259.172,286,259,,,1,TRACK,2.098,-1.675,-0.275,0.296,6.959,0.79,true,false
50.2,1506,simulation,284.148,263.701,283,263,,,1,TRACK,2.087,-1.664,-0.328,0.345,6.835,0.77,true,false
50.233,1507,simulation,282.14,268.285,282,268,,,1,TRACK,2.076,-1.649,-0.326,0.424,6.634,0.77,true,false
50.267,1508,simulation,279.962,272.759,280,272,,,1,TRACK,2.064,-1.634,-0.355,0.474,6.555,0.78,true,false
50.3,1509,simulation,277.789,277.265,278,276,,,1,TRACK,2.051,-1.616,-0.385,0.526,6.658,0.79,true,false
50.333,1510,simulation,275.623,281.78,275,282,,,1,TRACK,2.037,-1.595,-0.441,0.634,6.164,0.78,true,false
50.367,1511,simulation,273.609,286.002,273,285,,,1,TRACK,2.021,-1.573,-0.467,0.656,5.994,0.8,true,false
50.4,1512,simulation,271.586,290.38,271,290,,,1,TRACK,2.004,-1.548,-0.495,0.738,5.744,0.78,true,false
50.433,1513,simulation,269.562,294.58,269,294,,,1,TRACK,1.987,-1.522,-0.523,0.791,5.489,0.79,true,false
50.467,1514,simulation,267.545,298.75,267,299,,,1,TRACK,1.969,-1.493,-0.552,0.872,4.985,0.99,true,false
50.5,1515,simulation,265.539,302.724,265,302,,,1,TRACK,1.949,-1.463,-0.582,0.898,4.807,0.8,true,false
50.533,1516,simulation,263.55,306.789,263,306,,,1,TRACK,1.929,-1.431,-0.612,0.957,4.741,23.27,true,false
50.567,1517,simulation,261.579,310.757,261,310,,,1,TRACK,1.907,-1.397,-0.642,1.016,4.592,0.79,true,false
50.6,1518,simulation,259.632,314.615,259,315,,,1,TRACK,1.885,-1.361,-0.673,1.102,4.011,0.77,true,false
50.633,1519,simulation,257.71,318.207,257,318,,,1,TRACK,1.862,-1.323,-0.704,1.131,3.617,0.78,true,false
50.667,1520,simulation,255.817,321.824,255,322,,,1,TRACK,1.837,-1.283,-0.734,1.192,3.226,0.78,true,false
50.7,1521,simulation,253.955,325.283,253,324,,,1,TRACK,1.812,-1.243,-0.765,1.2,3.335,0.85,true,false
50.733,1522,simulation,252.127,328.855,251,328,,,1,TRACK,1.785,-1.201,-0.797,1.269,3.345,0.79,true,false
50.767,1523,simulation,250.335,332.204,249,332,,,1,TRACK,1.757,-1.156,-0.828,1.335,3.012,0.78,true,false
50.8,1524,simulation,248.583,335.328,248,335,,,1,TRACK,1.73,-1.111,-0.833,1.373,2.614,0.93,true,false
50.833,1525,simulation,246.73,338.365,246,338,,,1,TRACK,1.701,-1.063,-0.868,1.414,2.286,0.8,true,false
50.867,1526,simulation,244.942,341.288,245,341,,,1,TRACK,1.672,-1.015,-0.876,1.457,1.891,0.78,true,false
50.9,1527,simulation,243.073,344.071,243,343,,,1,TRACK,1.641,-0.966,-0.913,1.475,1.791,0.8,true,false
50.933,1528,simulation,241.283,346.835,240,347,,,1,TRACK,1.609,-0.914,-0.975,1.55,1.435,0.76,true,false
50.967,1529,simulation,239.709,349.257,240,349,,,1,TRACK,1.577,-0.862,-0.953,1.569,0.995,0.8,true,false
51,1530,simulation,237.898,351.63,238,351,,,1,TRACK,1.544,-0.809,-0.991,1.592,0.742,0.75,true,false
51.033,1531,simulation,236.183,353.915,236,353,,,1,TRACK,1.509,-0.755,-1.028,1.618,0.667,0.81,true,false
51.067,1532,simulation,234.552,356.08,234,356,,,1,TRACK,1.474,-0.699,-1.064,1.673,0.503,0.82,true,false
51.1,1533,simulation,233.002,357.957,232,358,,,1,TRACK,1.437,-0.642,-1.098,1.699,0.856,0.76,true,false
51.133,1534,simulation,231.529,359.685,231,359,,,1,TRACK,1.401,-0.586,-1.105,1.701,1.043,0.81,true,false
51.167,1535,simulation,229.99,361.381,230,361,,,1,TRACK,1.363,-0.528,-1.116,1.736,1.069,0.78,true,false
51.2,1536,simulation,228.408,362.859,228,362,,,1,TRACK,1.325,-0.47,-1.156,1.743,1.173,0.81,true,false
51.233,1537,simulation,226.939,364.247,226,364,,,1,TRACK,1.285,-0.41,-1.193,1.781,1.599,0.76,true,false
51.267,1538,simulation,225.573,365.369,225,365,,,1,TRACK,1.245,-0.351,-1.202,1.791,1.949,0.78,true,false
51.3,1539,simulation,224.164,366.359,224,366,,,1,TRACK,1.205,-0.29,-1.215,1.804,2.163,0.79,true,false
51.333,1540,simulation,222.728,367.189,222,366,,,1,TRACK,1.163,-0.231,-1.256,1.793,2.231,0.79,true,false
51.367,1541,simulation,221.423,367.974,221,368,,,1,TRACK,1.12,-0.169,-1.267,1.84,2.628,1.75,true,false
51.4,1542,simulation,220.094,368.389,220,368,,,1,TRACK,1.078,-0.108,-1.281,1.83,2.927,0.8,true,false
51.433,1543,simulation,218.756,368.727,219,368,,,1,TRACK,1.035,-0.048,-1.297,1.825,3.016,0.76,true,false
51.467,1544,simulation,217.421,368.947,216,369,,,1,TRACK,0.989,0.014,-1.367,1.85,3.555,0.78,true,false
51.5,1545,simulation,216.379,368.878,216,369,,,1,TRACK,0.944,0.076,-1.35,1.847,4.041,0.78,true,false
51.533,1546,simulation,215.171,368.656,215,368,,,1,TRACK,0.898,0.136,-1.366,1.82,4.126,0.8,true,false
51.567,1547,simulation,213.978,368.395,213,368,,,1,TRACK,0.851,0.197,-1.41,1.825,4.349,1.27,true,false
51.6,1548,simulation,212.95,367.911,213,367,,,1,TRACK,0.805,0.257,-1.397,1.804,4.362,0.96,true,false
51.633,1549,simulation,211.787,367.333,211,367,,,1,TRACK,0.757,0.318,-1.444,1.813,4.637,0.77,true,false
51.667,1550,simulation,210.805,366.486,210,366,,,1,TRACK,0.708,0.378,-1.459,1.795,4.949,0.81,true,false
51.7,1551,simulation,209.845,365.507,210,365,,,1,TRACK,0.66,0.437,-1.449,1.78,5.092,0.76,true,false
51.733,1552,simulation,208.774,364.369,208,364,,,1,TRACK,0.61,0.496,-1.497,1.766,5.367,0.79,true,false
51.767,1553,simulation,207.903,363.05,207,363,,,1,TRACK,0.559,0.554,-1.514,1.755,5.781,0.79,true,false
51.8,1554,simulation,207.069,361.531,206,361,,,1,TRACK,0.508,0.612,-1.532,1.717,6.018,0.79,true,false
51.833,1555,simulation,206.28,359.94,206,359,,,1,TRACK,0.458,0.668,-1.524,1.684,5.966,0.8,true,false
51.867,1556,simulation,205.4,358.242,205,358,,,1,TRACK,0.406,0.724,-1.546,1.681,6.162,7.23,true,false
51.9,1557,simulation,204.596,356.27,204,356,,,1,TRACK,0.354,0.779,-1.568,1.649,6.449,0.81,true,false
51.933,1558,simulation,203.867,354.166,203,353,,,1,TRACK,0.301,0.832,-1.589,1.594,6.435,0.77,true,false
51.967,1559,simulation,203.211,352.049,203,352,,,1,TRACK,0.248,0.885,-1.583,1.597,6.678,1.02,true,false
52,1560,simulation,202.487,349.598,202,349,,,1,TRACK,0.194,0.936,-1.607,1.543,6.844,0.79,true,false
52.033,1561,simulation,201.861,347.109,201,346,,,1,TRACK,0.14,0.986,-1.63,1.494,6.821,0.77,true,false
52.067,1562,simulation,201.327,344.548,201,344,,,1,TRACK,0.086,1.035,-1.626,1.475,6.935,0.79,true,false
52.1,1563,simulation,200.741,341.748,200,341,,,1,TRACK,0.031,1.083,-1.651,1.428,7.078,0.8,true,false
52.133,1564,simulation,200.266,338.852,200,339,,,1,TRACK,-0.024,1.13,-1.648,1.41,7.434,0.77,true,false
52.167,1565,simulation,199.753,335.697,199,335,,,1,TRACK,-0.08,1.175,-1.674,1.337,7.555,0.82,true,false
52.2,1566,simulation,199.364,332.574,199,332,,,1,TRACK,-0.136,1.218,-1.672,1.298,7.581,0.79,true,false
52.233,1567,simulation,198.947,329.3,199,329,,,1,TRACK,-0.191,1.26,-1.672,1.258,7.675,3.13,true,false
52.267,1568,simulation,198.52,325.869,198,325,,,1,TRACK,-0.248,1.3,-1.7,1.192,7.65,6.26,true,false
52.3,1569,simulation,198.237,322.417,198,322,,,1,TRACK,-0.305,1.338,-1.7,1.157,7.73,0.78,true,false
52.333,1570,simulation,197.944,318.777,198,318,,,1,TRACK,-0.361,1.375,-1.701,1.094,7.698,0.79,true,false
52.367,1571,simulation,197.657,315.094,197,315,,,1,TRACK,-0.419,1.41,-1.73,1.06,7.929,0.78,true,false
52.4,1572,simulation,197.526,311.208,197,310,,,1,TRACK,-0.477,1.442,-1.73,0.971,7.817,4.93,true,false
52.433,1573,simulation,197.398,307.41,197,307,,,1,TRACK,-0.534,1.474,-1.732,0.942,7.864,0.76,true,false
52.467,1574,simulation,197.286,303.38,197,303,,,1,TRACK,-0.592,1.503,-1.735,0.884,7.983,0.79,true,false
52.5,1575,simulation,197.199,299.276,197,298,,,1,TRACK,-0.65,1.53,-1.739,0.799,7.758,0.79,true,false
52.533,1576,simulation,197.147,295.233,197,294,,,1,TRACK,-0.708,1.555,-1.743,0.747,7.519,0.79,true,false
52.567,1577,simulation,197.134,291.081,196,290,,,1,TRACK,-0.768,1.578,-1.775,0.694,7.535,0.81,true,false
52.6,1578,simulation,197.309,286.825,197,287,,,1,TRACK,-0.826,1.6,-1.75,0.666,7.891,0.77,true,false
52.633,1579,simulation,197.371,282.327,197,282,,,1,TRACK,-0.884,1.619,-1.756,0.582,8.048,0.81,true,false
52.667,1580,simulation,197.494,277.893,197,277,,,1,TRACK,-0.943,1.636,-1.763,0.502,7.9,0.8,true,false
52.7,1581,simulation,197.678,273.5,197,273,,,1,TRACK,-1.002,1.651,-1.769,0.452,7.874,0.76,true,false
52.733,1582,simulation,197.927,268.991,197,269,,,1,TRACK,-1.061,1.665,-1.775,0.4,8.075,0.79,true,false
52.767,1583,simulation,198.243,264.378,198,264,,,1,TRACK,-1.12,1.675,-1.755,0.32,8.025,0.76,true,false
52.8,1584,simulation,198.486,259.813,198,259,,,1,TRACK,-1.179,1.683,-1.765,0.244,7.778,0.82,true,false
52.833,1585,simulation,198.821,255.284,199,255,,,1,TRACK,-1.237,1.69,-1.747,0.196,7.634,2.66,true,false
52.867,1586,simulation,199.104,250.643,199,251,,,1,TRACK,-1.295,1.695,-1.758,0.145,7.774,0.81,true,false
52.9,1587,simulation,199.494,245.908,199,246,,,1,TRACK,-1.354,1.697,-1.768,0.066,7.857,0.78,true,false
52.933,1588,simulation,199.985,241.236,200,240,,,1,TRACK,-1.413,1.696,-1.75,-0.037,7.365,0.78,true,false
52.967,1589,simulation,200.431,236.761,200,237,,,1,TRACK,-1.471,1.694,-1.762,-0.055,7.358,0.77,true,false
53,1590,simulation,200.993,232.034,200,232,,,1,TRACK,-1.531,1.689,-1.772,-0.134,7.477,0.79,true,false
53.033,1591,simulation,201.665,227.388,201,227,,,1,TRACK,-1.589,1.682,-1.754,-0.211,7.339,0.92,true,false
53.067,1592,simulation,202.3,222.816,202,222,,,1,TRACK,-1.647,1.673,-1.739,-0.286,6.957,23.87,true,false
53.1,1593,simulation,202.917,218.318,203,217,,,1,TRACK,-1.704,1.661,-1.726,-0.36,6.391,0.82,true,false
53.133,1594,simulation,203.531,213.897,203,213,,,1,TRACK,-1.762,1.647,-1.741,-0.407,6.134,0.77,true,false
53.167,1595,simulation,204.294,209.416,204,208,,,1,TRACK,-1.82,1.631,-1.726,-0.484,5.811,0.8,true,false
53.2,1596,simulation,205.05,205.046,204,205,,,1,TRACK,-1.878,1.614,-1.74,-0.507,6.011,6.89,true,false
53.233,1597,simulation,205.954,200.502,205,200,,,1,TRACK,-1.936,1.595,-1.725,-0.59,6.111,0.78,true,false
53.267,1598,simulation,206.853,196.116,207,196,,,1,TRACK,-1.992,1.573,-1.685,-0.643,5.946,0.78,true,false
53.3,1599,simulation,207.62,191.739,207,191,,,1,TRACK,-2.048,1.549,-1.704,-0.724,5.707,0.77,true,false
53.333,1600,simulation,208.569,187.533,208,187,,,1,TRACK,-2.105,1.523,-1.692,-0.776,5.529,0.78,true,false
53.367,1601,simulation,209.538,183.353,209,183,,,1,TRACK,-2.161,1.495,-1.681,-0.831,5.41,0.78,true,false
53.4,1602,simulation,210.535,179.222,210,179,,,1,TRACK,-2.217,1.466,-1.67,-0.887,5.313,0.79,true,false
53.433,1603,simulation,211.567,175.159,211,174,,,1,TRACK,-2.272,1.433,-1.661,-0.971,4.963,0.78,true,false
53.467,1604,simulation,212.64,171.323,213,171,,,1,TRACK,-2.326,1.4,-1.624,-0.999,4.6,8.16,true,false
53.5,1605,simulation,213.614,167.427,213,167,,,1,TRACK,-2.381,1.365,-1.646,-1.059,4.501,0.85,true,false
53.533,1606,simulation,214.798,163.655,214,164,,,1,TRACK,-2.435,1.328,-1.635,-1.092,4.674,0.8,true,false
53.567,1607,simulation,216.026,159.877,216,159,,,1,TRACK,-2.489,1.289,-1.599,-1.183,4.318,6.5,true,false
53.6,1608,simulation,217.162,156.411,216,156,,,1,TRACK,-2.543,1.249,-1.619,-1.215,4.271,0.78,true,false
53.633,1609,simulation,218.512,152.96,218,152,,,1,TRACK,-2.595,1.206,-1.582,-1.279,4.072,0.79,true,false
53.667,1610,simulation,219.771,149.701,219,149,,,1,TRACK,-2.648,1.162,-1.576,-1.315,3.936,0.79,true,false
53.7,1611,simulation,221.104,146.503,221,146,,,1,TRACK,-2.699,1.117,-1.542,-1.355,3.688,0.78,true,false
53.733,1612,simulation,222.369,143.395,222,143,,,1,TRACK,-2.751,1.07,-1.538,-1.396,3.529,0.8,true,false
53.767,1613,simulation,223.727,140.404,223,140,,,1,TRACK,-2.802,1.022,-1.532,-1.44,3.547,0.79,true,false
53.8,1614,simulation,225.169,137.552,224,137,,,1,TRACK,-2.853,0.973,-1.525,-1.485,3.713,0.77,true,false
53.833,1615,simulation,226.694,134.859,226,134,,,1,TRACK,-2.902,0.922,-1.491,-1.53,3.693,0.79,true,false
53.867,1616,simulation,228.156,132.344,227,132,,,1,TRACK,-2.952,0.87,-1.487,-1.55,3.798,0.78,true,false
53.9,1617,simulation,229.717,129.881,229,130,,,1,TRACK,-3,0.818,-1.454,-1.574,3.776,0.79,true,false
53.933,1618,simulation,231.229,127.508,231,127,,,1,TRACK,-3.048,0.763,-1.424,-1.627,3.549,0.77,true,false
53.967,1619,simulation,232.708,125.397,233,125,,,1,TRACK,-3.094,0.708,-1.396,-1.652,3.214,22.35,true,false
54,1620,simulation,234.166,123.409,234,123,,,1,TRACK,-3.141,0.652,-1.396,-1.68,3.15,0.93,true,false
54.033,1621,simulation,235.754,121.574,236,121,,,1,TRACK,-3.186,0.595,-1.366,-1.71,3.114,0.8,true,false
54.067,1622,simulation,237.315,119.916,237,120,,,1,TRACK,-3.232,0.538,-1.365,-1.714,3.201,0.78,true,false
54.1,1623,simulation,239.002,118.313,238,118,,,1,TRACK,-3.277,0.48,-1.36,-1.75,3.596,0.78,true,false
54.133,1624,simulation,240.802,116.947,240,116,,,1,TRACK,-3.321,0.42,-1.328,-1.785,4.03,0.79,true,false
54.167,1625,simulation,242.567,115.829,242,116,,,1,TRACK,-3.365,0.362,-1.298,-1.767,4.112,0.79,true,false
54.2,1626,simulation,244.311,114.686,243,114,,,1,TRACK,-3.408,0.301,-1.296,-1.809,4.487,0.82,true,false
54.233,1627,simulation,246.187,113.857,245,114,,,1,TRACK,-3.45,0.241,-1.265,-1.796,4.714,0.79,true,false
54.267,1628,simulation,248.04,113.058,248,112,,,1,TRACK,-3.49,0.18,-1.209,-1.841,4.79,0.83,true,false
54.3,1629,simulation,249.742,112.617,249,112,,,1,TRACK,-3.531,0.119,-1.212,-1.83,5.007,0.79,true,false
54.333,1630,simulation,251.604,112.244,251,112,,,1,TRACK,-3.57,0.058,-1.184,-1.825,5.116,4.12,true,false
54.367,1631,simulation,253.465,111.982,253,112,,,1,TRACK,-3.609,-0.003,-1.157,-1.822,5.113,0.78,true,false
54.4,1632,simulation,255.33,111.862,254,111,,,1,TRACK,-3.647,-0.064,-1.157,-1.849,5.564,0.78,true,false
54.433,1633,simulation,257.347,112.052,257,111,,,1,TRACK,-3.684,-0.126,-1.101,-1.847,5.909,0.8,true,false
54.467,1634,simulation,259.214,112.412,258,112,,,1,TRACK,-3.721,-0.186,-1.103,-1.821,6.14,0.77,true,false
54.5,1635,simulation,261.245,112.823,260,112,,,1,TRACK,-3.757,-0.247,-1.074,-1.827,6.467,0.79,true,false
54.533,1636,simulation,263.278,113.471,263,113,,,1,TRACK,-3.791,-0.308,-1.02,-1.807,6.498,0.8,true,false
54.567,1637,simulation,265.177,114.224,265,114,,,1,TRACK,-3.824,-0.367,-0.997,-1.79,6.409,0.8,true,false
54.6,1638,simulation,267.11,115.113,267,115,,,1,TRACK,-3.856,-0.426,-0.973,-1.776,6.36,6.98,true,false
54.633,1639,simulation,269.074,116.165,269,115,,,1,TRACK,-3.888,-0.486,-0.949,-1.79,6.703,0.77,true,false
54.667,1640,simulation,271.065,117.54,270,117,,,1,TRACK,-3.92,-0.544,-0.951,-1.748,7.049,0.81,true,false
54.7,1641,simulation,273.226,118.952,273,118,,,1,TRACK,-3.95,-0.602,-0.895,-1.739,7.31,0.78,true,false
54.733,1642,simulation,275.251,120.585,275,120,,,1,TRACK,-3.979,-0.659,-0.871,-1.703,7.427,0.79,true,false
54.767,1643,simulation,277.308,122.306,277,121,,,1,TRACK,-4.007,-0.716,-0.846,-1.698,7.751,2.03,true,false
54.8,1644,simulation,279.396,124.289,279,124,,,1,TRACK,-4.034,-0.77,-0.821,-1.638,7.784,0.78,true,false
54.833,1645,simulation,281.512,126.252,281,125,,,1,TRACK,-4.061,-0.825,-0.796,-1.639,8.061,0.79,true,false
54.867,1646,simulation,283.657,128.526,283,128,,,1,TRACK,-4.086,-0.878,-0.77,-1.583,8.185,0.77,true,false
54.9,1647,simulation,285.828,130.818,286,130,,,1,TRACK,-4.11,-0.93,-0.717,-1.56,8.226,0.79,true,false
54.933,1648,simulation,287.884,133.309,288,133,,,1,TRACK,-4.133,-0.98,-0.695,-1.51,8.147,0.77,true,false
54.967,1649,simulation,289.987,135.863,289,136,,,1,TRACK,-4.157,-1.029,-0.698,-1.463,8.062,5.06,true,false
55,1650,simulation,292.272,138.508,292,138,,,1,TRACK,-4.178,-1.077,-0.643,-1.446,8.171,23.29,true,false
55.033,1651,simulation,294.43,141.407,293,141,,,1,TRACK,-4.2,-1.124,-0.645,-1.4,8.417,0.8,true,false
55.067,1652,simulation,296.769,144.412,296,144,,,1,TRACK,-4.219,-1.169,-0.59,-1.357,8.559,8.36,true,false
55.1,1653,simulation,298.979,147.542,298,147,,,1,TRACK,-4.238,-1.213,-0.566,-1.315,8.707,0.79,true,false
55.133,1654,simulation,301.228,150.81,301,150,,,1,TRACK,-4.25,-1.255,-0.514,-1.274,8.84,0.8,true,false
55.167,1655,simulation,302.531,154.227,302,154,,,1,TRACK,-4.25,-1.295,-0.518,-1.207,8.635,2.31,true,false
55.2,1656,simulation,302.1,157.659,302,157,,,1,TRACK,-4.25,-1.334,-0.544,-1.171,8.455,0.81,true,false
55.233,1657,simulation,301.837,161.275,301,161,,,1,TRACK,-4.25,-1.371,-0.588,-1.108,8.451,0.8,true,false
55.267,1658,simulation,301.742,164.93,301,164,,,1,TRACK,-4.25,-1.407,-0.597,-1.074,8.668,0.79,true,false
55.3,1659,simulation,301.815,168.788,301,168,,,1,TRACK,-4.25,-1.441,-0.604,-1.012,8.835,0.82,true,false
55.333,1660,simulation,302.058,172.697,302,173,,,1,TRACK,-4.25,-1.472,-0.582,-0.925,8.578,0.76,true,false
55.367,1661,simulation,302.468,176.534,302,176,,,1,TRACK,-4.25,-1.502,-0.59,-0.898,8.537,0.83,true,false
55.4,1662,simulation,303.047,180.612,303,180,,,1,TRACK,-4.25,-1.53,-0.569,-0.84,8.639,3.13,true,false
55.433,1663,simulation,303.794,184.769,303,185,,,1,TRACK,-4.25,-1.555,-0.577,-0.757,8.383,0.77,true,false
55.467,1664,simulation,304.708,188.871,304,189,,,1,TRACK,-4.25,-1.578,-0.557,-0.705,8.15,0.79,true,false
55.5,1665,simulation,305.79,193.082,305,193,,,1,TRACK,-4.25,-1.6,-0.539,-0.652,8.087,0.78,true,false
55.533,1666,simulation,307.039,197.399,307,197,,,1,TRACK,-4.25,-1.62,-0.495,-0.598,8.167,0.77,true,false
55.567,1667,simulation,308.456,201.817,308,201,,,1,TRACK,-4.25,-1.638,-0.484,-0.544,8.383,0.79,true,false
55.6,1668,simulation,310.038,206.332,310,206,,,1,TRACK,-4.25,-1.654,-0.445,-0.463,8.376,0.74,true,false
55.633,1669,simulation,311.786,210.798,311,211,,,1,TRACK,-4.25,-1.666,-0.436,-0.385,8.149,0.78,true,false
55.667,1670,simulation,313.699,215.231,313,215,,,1,TRACK,-4.25,-1.678,-0.4,-0.337,8.091,0.98,true,false
55.7,1671,simulation,315.777,219.782,315,219,,,1,TRACK,-4.25,-1.687,-0.366,-0.286,8.296,0.76,true,false
55.733,1672,simulation,318.019,224.437,318,224,,,1,TRACK,-4.25,-1.694,-0.307,-0.207,8.302,0.93,true,false
55.767,1673,simulation,320.424,229.039,320,228,,,1,TRACK,-4.25,-1.699,-0.28,-0.157,8.476,0.76,true,false
55.8,1674,simulation,322.992,233.741,322,233,,,1,TRACK,-4.25,-1.702,-0.253,-0.078,8.604,0.82,true,false
55.833,1675,simulation,325.721,238.384,325,238,,,1,TRACK,-4.25,-1.702,-0.199,-0.002,8.506,0.81,true,false
55.867,1676,simulation,328.61,242.977,328,242,,,1,TRACK,-4.25,-1.7,-0.148,0.046,8.571,0.8,true,false
55.9,1677,simulation,331.66,247.662,331,247,,,1,TRACK,-4.25,-1.696,-0.1,0.123,8.577,0.77,true,false
55.933,1678,simulation,334.868,252.277,334,251,,,1,TRACK,-4.25,-1.691,-0.053,0.172,8.751,1.1,true,false
55.967,1679,simulation,338.234,256.966,338,257,,,1,TRACK,-4.249,-1.681,0.019,0.277,8.427,0.82,true,false
56,1680,simulation,341.656,261.424,341,261,,,1,TRACK,-4.247,-1.671,0.06,0.323,8.248,0.79,true,false
56.033,1681,simulation,345.015,265.959,345,265,,,1,TRACK,-4.243,-1.658,0.128,0.373,8.137,24.27,true,false
56.067,1682,simulation,348.163,270.541,348,270,,,1,TRACK,-4.238,-1.643,0.167,0.452,7.869,0.81,true,false
56.1,1683,simulation,351.259,275.006,351,275,,,1,TRACK,-4.231,-1.626,0.207,0.529,7.416,0.79,true,false
56.133,1684,simulation,354.291,279.357,354,279,,,1,TRACK,-4.222,-1.606,0.249,0.578,7.079,0.79,true,false
56.167,1685,simulation,357.253,283.731,357,283,,,1,TRACK,-4.213,-1.585,0.291,0.63,6.896,0.79,true,false
56.2,1686,simulation,360.138,288.104,360,288,,,1,TRACK,-4.202,-1.562,0.334,0.711,6.503,3.25,true,false
56.233,1687,simulation,362.942,292.312,362,292,,,1,TRACK,-4.19,-1.536,0.351,0.763,6.268,0.81,true,false
56.267,1688,simulation,365.801,296.498,365,296,,,1,TRACK,-4.177,-1.509,0.399,0.817,6.109,0.79,true,false
56.3,1689,simulation,368.551,300.641,368,300,,,1,TRACK,-4.162,-1.48,0.445,0.873,5.898,0.83,true,false
56.333,1690,simulation,371.195,304.719,371,304,,,1,TRACK,-4.145,-1.449,0.491,0.93,5.611,0.8,true,false
56.367,1691,simulation,373.733,308.716,373,308,,,1,TRACK,-4.128,-1.416,0.511,0.988,5.392,0.81,true,false
56.4,1692,simulation,376.31,312.615,376,313,,,1,TRACK,-4.11,-1.38,0.56,1.073,4.778,0.79,true,false
56.433,1693,simulation,378.76,316.258,379,316,,,1,TRACK,-4.089,-1.343,0.608,1.102,4.243,0.79,true,false
56.467,1694,simulation,381.09,319.936,380,319,,,1,TRACK,-4.069,-1.306,0.602,1.136,4.251,0.76,true,false
56.5,1695,simulation,383.587,323.606,383,323,,,1,TRACK,-4.047,-1.265,0.657,1.201,4.106,9.66,true,false
56.533,1696,simulation,385.925,327.095,386,326,,,1,TRACK,-4.024,-1.224,0.708,1.238,3.871,0.89,true,false
56.567,1697,simulation,388.119,330.536,388,330,,,1,TRACK,-3.999,-1.181,0.731,1.304,3.492,0.78,true,false
56.6,1698,simulation,390.318,333.759,390,333,,,1,TRACK,-3.974,-1.136,0.757,1.342,3.183,0.77,true,false
56.633,1699,simulation,392.507,336.902,392,337,,,1,TRACK,-3.948,-1.089,0.785,1.41,2.675,0.78,true,false
56.667,1700,simulation,394.673,339.795,394,339,,,1,TRACK,-3.921,-1.042,0.814,1.422,2.463,1.85,true,false
56.7,1701,simulation,396.807,342.719,396,343,,,1,TRACK,-3.893,-0.992,0.844,1.494,2.052,7.29,true,false
56.733,1702,simulation,398.903,345.34,399,345,,,1,TRACK,-3.863,-0.941,0.901,1.51,1.584,0.79,true,false
56.767,1703,simulation,400.814,347.948,400,348,,,1,TRACK,-3.833,-0.89,0.901,1.558,1.276,0.79,true,false
56.8,1704,simulation,402.838,350.357,402,350,,,1,TRACK,-3.802,-0.837,0.934,1.579,1.164,0.77,true,false
56.833,1705,simulation,404.803,352.694,404,352,,,1,TRACK,-3.769,-0.783,0.966,1.604,1.099,0.76,true,false
56.867,1706,simulation,406.707,354.926,406,354,,,1,TRACK,-3.736,-0.729,0.998,1.631,0.997,5.85,true,false
56.9,1707,simulation,408.548,357.023,408,357,,,1,TRACK,-3.702,-0.673,1.031,1.687,0.733,0.79,true,false
56.933,1708,simulation,410.323,358.821,410,359,,,1,TRACK,-3.666,-0.616,1.063,1.714,0.729,0.81,true,false
56.967,1709,simulation,412.031,360.46,412,360,,,1,TRACK,-3.63,-0.558,1.096,1.717,0.806,0.8,true,false
57,1710,simulation,413.668,362.058,413,361,,,1,TRACK,-3.593,-0.501,1.101,1.725,0.788,0.81,true,false
57.033,1711,simulation,415.373,363.571,415,363,,,1,TRACK,-3.555,-0.442,1.138,1.763,0.971,4.22,true,false
57.067,1712,simulation,416.982,364.824,417,365,,,1,TRACK,-3.516,-0.382,1.173,1.8,1.511,0.77,true,false
57.1,1713,simulation,418.497,365.81,418,365,,,1,TRACK,-3.477,-0.323,1.181,1.783,1.713,0.79,true,false
57.133,1714,simulation,420.063,366.804,419,367,,,1,TRACK,-3.437,-0.262,1.193,1.826,2.151,2.83,true,false
57.167,1715,simulation,421.658,367.47,421,367,,,1,TRACK,-3.396,-0.202,1.233,1.813,2.428,0.79,true,false
57.2,1716,simulation,423.126,368.094,422,367,,,1,TRACK,-3.354,-0.141,1.244,1.806,2.413,0.79,true,false
57.233,1717,simulation,424.618,368.631,424,369,,,1,TRACK,-3.312,-0.079,1.285,1.856,2.918,0.77,true,false
57.267,1718,simulation,425.977,368.764,426,369,,,1,TRACK,-3.267,-0.018,1.323,1.848,3.475,0.79,true,false
57.3,1719,simulation,427.212,368.788,427,368,,,1,TRACK,-3.223,0.043,1.333,1.818,3.569,0.78,true,false
57.333,1720,simulation,428.471,368.812,428,368,,,1,TRACK,-3.178,0.103,1.346,1.821,3.583,0.79,true,false
57.367,1721,simulation,429.735,368.642,430,368,,,1,TRACK,-3.132,0.164,1.387,1.825,3.789,0.77,true,false
57.4,1722,simulation,430.849,368.263,430,368,,,1,TRACK,-3.086,0.225,1.373,1.83,4.099,0.81,true,false
57.433,1723,simulation,432.107,367.66,432,367,,,1,TRACK,-3.039,0.286,1.418,1.808,4.318,0.83,true,false
57.467,1724,simulation,433.191,366.96,432,366,,,1,TRACK,-2.992,0.345,1.406,1.79,4.349,0.8,true,false
57.5,1725,simulation,434.401,366.131,434,366,,,1,TRACK,-2.944,0.405,1.453,1.802,4.718,0.79,true,false
57.533,1726,simulation,435.422,365.003,435,364,,,1,TRACK,-2.895,0.464,1.469,1.759,4.853,0.77,true,false
57.567,1727,simulation,436.414,363.861,436,364,,,1,TRACK,-2.845,0.523,1.486,1.775,5.29,0.81,true,false
57.6,1728,simulation,437.369,362.375,437,362,,,1,TRACK,-2.795,0.581,1.504,1.735,5.604,0.75,true,false
57.633,1729,simulation,438.28,360.837,438,360,,,1,TRACK,-2.744,0.638,1.523,1.7,5.662,0.79,true,false
57.667,1730,simulation,439.141,359.208,439,359,,,1,TRACK,-2.693,0.694,1.542,1.695,5.934,0.79,true,false
57.7,1731,simulation,439.947,357.316,440,357,,,1,TRACK,-2.641,0.75,1.561,1.663,6.227,0.81,true,false
57.733,1732,simulation,440.694,355.303,441,355,,,1,TRACK,-2.588,0.804,1.58,1.633,6.489,0.91,true,false
57.767,1733,simulation,441.378,353.143,441,352,,,1,TRACK,-2.536,0.857,1.573,1.579,6.39,0.77,true,false
57.8,1734,simulation,442.136,350.958,442,351,,,1,TRACK,-2.482,0.909,1.597,1.583,6.674,0.82,true,false
57.833,1735,simulation,442.803,348.431,442,348,,,1,TRACK,-2.429,0.96,1.593,1.53,6.847,0.83,true,false
57.867,1736,simulation,443.523,345.859,443,345,,,1,TRACK,-2.375,1.01,1.618,1.481,6.81,0.79,true,false
57.9,1737,simulation,444.135,343.209,444,342,,,1,TRACK,-2.321,1.058,1.642,1.436,6.706,0.79,true,false
57.933,1738,simulation,444.645,340.457,444,340,,,1,TRACK,-2.266,1.105,1.638,1.419,6.868,11.11,true,false
57.967,1739,simulation,445.199,337.444,445,337,,,1,TRACK,-2.211,1.151,1.664,1.374,7.121,0.8,true,false
58,1740,simulation,445.635,334.317,445,334,,,1,TRACK,-2.155,1.195,1.661,1.331,7.333,26.33,true,false
58.033,1741,simulation,446.101,331.06,446,331,,,1,TRACK,-2.099,1.238,1.688,1.289,7.619,0.8,true,false
58.067,1742,simulation,446.438,327.66,446,327,,,1,TRACK,-2.043,1.279,1.686,1.222,7.643,0.78,true,false
58.1,1743,simulation,446.796,324.249,446,323,,,1,TRACK,-1.987,1.317,1.686,1.159,7.381,0.77,true,false
58.133,1744,simulation,447.158,320.8,447,320,,,1,TRACK,-1.929,1.355,1.715,1.125,7.361,0.78,true,false
58.167,1745,simulation,447.37,317.15,447,316,,,1,TRACK,-1.872,1.39,1.714,1.064,7.31,0.78,true,false
58.2,1746,simulation,447.586,313.449,448,313,,,1,TRACK,-1.814,1.425,1.743,1.031,7.542,0.79,true,false
58.233,1747,simulation,447.65,309.538,447,309,,,1,TRACK,-1.757,1.457,1.715,0.97,7.676,0.83,true,false
58.267,1748,simulation,447.855,305.57,447,305,,,1,TRACK,-1.7,1.487,1.72,0.911,7.69,0.79,true,false
58.3,1749,simulation,448.024,301.529,448,301,,,1,TRACK,-1.641,1.516,1.752,0.853,7.771,0.78,true,false
58.333,1750,simulation,448.012,297.407,448,296,,,1,TRACK,-1.583,1.541,1.754,0.77,7.568,0.81,true,false
58.367,1751,simulation,447.976,293.339,447,292,,,1,TRACK,-1.525,1.565,1.731,0.718,7.27,0.85,true,false
58.4,1752,simulation,448.047,289.16,448,289,,,1,TRACK,-1.466,1.588,1.765,0.692,7.522,0.86,true,false
58.433,1753,simulation,447.915,284.733,448,284,,,1,TRACK,-1.407,1.609,1.769,0.608,7.659,0.81,true,false
58.467,1754,simulation,447.74,280.366,447,280,,,1,TRACK,-1.349,1.627,1.746,0.555,7.695,0.95,true,false
58.5,1755,simulation,447.659,275.895,447,276,,,1,TRACK,-1.291,1.644,1.755,0.501,7.87,0.8,true,false
58.533,1756,simulation,447.501,271.326,447,271,,,1,TRACK,-1.232,1.658,1.763,0.421,7.879,0.85,true,false
58.567,1757,simulation,447.269,266.806,447,267,,,1,TRACK,-1.173,1.67,1.77,0.37,7.992,0.8,true,false
58.6,1758,simulation,446.963,262.178,447,262,,,1,TRACK,-1.114,1.68,1.777,0.291,8.001,0.79,true,false
58.633,1759,simulation,446.581,257.596,446,257,,,1,TRACK,-1.055,1.687,1.758,0.215,7.74,0.79,true,false
58.667,1760,simulation,446.265,253.049,446,252,,,1,TRACK,-0.996,1.692,1.768,0.14,7.355,0.81,true,false
58.7,1761,simulation,445.849,248.533,445,248,,,1,TRACK,-0.938,1.695,1.75,0.094,7.142,0.77,true,false
58.733,1762,simulation,445.48,243.903,445,244,,,1,TRACK,-0.879,1.696,1.762,0.044,7.243,0.77,true,false
58.767,1763,simulation,444.998,239.183,445,239,,,1,TRACK,-0.82,1.695,1.772,-0.035,7.296,0.79,true,false
58.8,1764,simulation,444.409,234.532,444,234,,,1,TRACK,-0.761,1.691,1.755,-0.111,7.103,0.77,true,false
58.833,1765,simulation,443.859,229.944,444,229,,,1,TRACK,-0.703,1.685,1.766,-0.186,6.808,0.8,true,false
58.867,1766,simulation,443.188,225.417,442,225,,,1,TRACK,-0.645,1.677,1.723,-0.233,6.55,0.8,true,false
58.9,1767,simulation,442.685,220.812,442,221,,,1,TRACK,-0.587,1.668,1.74,-0.284,6.586,0.79,true,false
58.933,1768,simulation,442.031,216.154,442,216,,,1,TRACK,-0.529,1.656,1.753,-0.363,6.595,0.8,true,false
58.967,1769,simulation,441.24,211.605,441,211,,,1,TRACK,-0.471,1.641,1.737,-0.441,6.356,1.03,true,false
59,1770,simulation,440.462,207.161,440,206,,,1,TRACK,-0.413,1.624,1.724,-0.516,5.882,0.84,true,false
59.033,1771,simulation,439.684,202.823,439,202,,,1,TRACK,-0.356,1.605,1.712,-0.565,5.524,0.84,true,false
59.067,1772,simulation,438.894,198.455,438,198,,,1,TRACK,-0.3,1.585,1.701,-0.616,5.341,0.87,true,false
59.1,1773,simulation,438.083,194.082,438,193,,,1,TRACK,-0.242,1.561,1.718,-0.697,5.112,0.77,true,false
59.133,1774,simulation,437.104,189.869,437,189,,,1,TRACK,-0.185,1.536,1.704,-0.748,4.946,0.8,true,false
59.167,1775,simulation,436.113,185.674,436,185,,,1,TRACK,-0.129,1.51,1.692,-0.802,4.853,0.8,true,false
59.2,1776,simulation,435.099,181.518,435,181,,,1,TRACK,-0.073,1.481,1.682,-0.858,4.786,0.79,true,false
59.233,1777,simulation,434.055,177.423,434,177,,,1,TRACK,-0.017,1.451,1.672,-0.915,4.719,0.79,true,false
59.267,1778,simulation,432.974,173.405,433,173,,,1,TRACK,0.038,1.418,1.662,-0.973,4.634,0.78,true,false
59.3,1779,simulation,431.851,169.482,431,169,,,1,TRACK,0.092,1.384,1.626,-1.032,4.308,0.78,true,false
59.333,1780,simulation,430.824,165.669,430,166,,,1,TRACK,0.146,1.348,1.621,-1.064,4.181,0.79,true,false
59.367,1781,simulation,429.727,161.838,430,161,,,1,TRACK,0.201,1.31,1.641,-1.154,4.016,0.8,true,false
59.4,1782,simulation,428.42,158.309,428,157,,,1,TRACK,0.255,1.269,1.603,-1.213,3.586,0.77,true,false
59.433,1783,simulation,427.212,154.927,426,155,,,1,TRACK,0.307,1.229,1.57,-1.219,3.285,0.79,true,false
59.467,1784,simulation,426.074,151.424,426,151,,,1,TRACK,0.36,1.186,1.593,-1.286,3.241,0.79,true,false
59.5,1785,simulation,424.704,148.141,424,147,,,1,TRACK,0.412,1.141,1.558,-1.352,2.917,28.36,true,false
59.533,1786,simulation,423.414,145.081,423,144,,,1,TRACK,0.464,1.095,1.553,-1.389,2.687,0.79,true,false
59.567,1787,simulation,422.039,142.107,422,142,,,1,TRACK,0.515,1.048,1.546,-1.403,2.812,1.01,true,false
59.6,1788,simulation,420.583,139.108,421,138,,,1,TRACK,0.566,0.999,1.539,-1.476,2.985,0.82,true,false
59.633,1789,simulation,419.049,136.412,418,136,,,1,TRACK,0.616,0.949,1.478,-1.493,2.685,0.77,true,false
59.667,1790,simulation,417.722,133.73,417,133,,,1,TRACK,0.665,0.897,1.477,-1.541,2.427,0.79,true,false
59.7,1791,simulation,416.276,131.246,416,130,,,1,TRACK,0.714,0.844,1.474,-1.589,2.498,0.77,true,false
59.733,1792,simulation,414.724,128.973,414,129,,,1,TRACK,0.762,0.792,1.442,-1.584,2.441,0.8,true,false
59.767,1793,simulation,413.217,126.641,413,126,,,1,TRACK,0.81,0.737,1.439,-1.639,2.555,0.88,true,false
59.8,1794,simulation,411.597,124.588,411,124,,,1,TRACK,0.857,0.682,1.408,-1.666,2.623,0.79,true,false
59.833,1795,simulation,410.015,122.673,410,122,,,1,TRACK,0.904,0.625,1.405,-1.695,2.871,0.79,true,false
59.867,1796,simulation,408.315,120.923,407,120,,,1,TRACK,0.949,0.568,1.347,-1.725,2.826,0.8,true,false
59.9,1797,simulation,406.791,119.36,406,119,,,1,TRACK,0.994,0.51,1.349,-1.73,2.823,0.8,true,false
59.933,1798,simulation,405.125,117.861,405,117,,,1,TRACK,1.039,0.451,1.347,-1.766,3.186,0.79,true,false
59.967,1799,simulation,403.332,116.608,403,116,,,1,TRACK,1.083,0.392,1.316,-1.775,3.475,0.8,true,false
60,1800,simulation,401.568,115.468,401,115,,,1,TRACK,1.125,0.332,1.287,-1.787,3.599,0.79,true,false